image_path,label_path,source_dataset,source_group_id,split,provider_split,label_type,origin,classes,sha256
Samudra_Prahari_Dataset_v2/Detection/images/test/ai4_DM_Wilson_03.jpg,Samudra_Prahari_Dataset_v2/Detection/labels/train/ai4_DM_Wilson_03.txt,ai4,ai4_DM_Wilson,train,train,box,real,shipwreck,b8421c24644826bd104ecde35ec7077be127a8c253a92aa2fb4693e3aa09b5ff
Samudra_Prahari_Dataset_v2/Detection/images/test/ai4_DM_Wilson_04.jpg,Samudra_Prahari_Dataset_v2/Detection/labels/train/ai4_DM_Wilson_04.txt,ai4,ai4_DM_Wilson,train,train,box,real,shipwreck,3ec2d8769968f3aee054d60473f7e23f09e76a20dc275d189160073f9c5ec6ff
Samudra_Prahari_Dataset_v2/Detection/images/test/ai4_DM_Wilson_05.jpg,Samudra_Prahari_Dataset_v2/Detection/labels/train/ai4_DM_Wilson_05.txt,ai4,ai4_DM_Wilson,train,train,box,real,shipwreck,ceab85d437b00c669ece794fc50933788a8847f69dc0f6bfadc6af8b8b2f81c6
Samudra_Prahari_Dataset_v2/Detection/images/test/ai4_DM_Wilson_07.jpg,Samudra_Prahari_Dataset_v2/Detection/labels/train/ai4_DM_Wilson_07.txt,ai4,ai4_DM_Wilson,train,train,box,real,shipwreck,61526b20a9a687043eed5591bcbb77440345fefb4c09c242db14419ab48ad3e1
Samudra_Prahari_Dataset_v2/Detection/images/test/ai4_DM_Wilson_08.jpg,Samudra_Prahari_Dataset_v2/Detection/labels/train/ai4_DM_Wilson_08.txt,ai4,ai4_DM_Wilson,train,train,box,real,shipwreck,9fad765ceeea301d33003c3f45f52557e957190c1d50f8ede36e4bba077507ff
Samudra_Prahari_Dataset_v2/Detection/images/test/ai4_DM_Wilson_09.jpg,Samudra_Prahari_Dataset_v2/Detection/labels/train/ai4_DM_Wilson_09.txt,ai4,ai4_DM_Wilson,train,train,box,real,shipwreck,77acad7deee213b7966d6c137ae1c174dd248f5c824f2e3aa02aac7a8ed3ced6
Samudra_Prahari_Dataset_v2/Detection/images/test/ai4_DM_Wilson_10.jpg,Samudra_Prahari_Dataset_v2/Detection/labels/train/ai4_DM_Wilson_10.txt,ai4,ai4_DM_Wilson,train,train,box,real,shipwreck,14efc98d0a0a9ee8575366feea20e8c5bbfe43cdecf329cff429cb8856640e36
Samudra_Prahari_Dataset_v2/Detection/images/test/ai4_DM_Wilson_11.jpg,Samudra_Prahari_Dataset_v2/Detection/labels/train/ai4_DM_Wilson_11.txt,ai4,ai4_DM_Wilson,train,train,box,real,shipwreck,cc5c964811b1483d62c1778b433a4bdc467414680ae41e6c6edea25d97a39236
Samudra_Prahari_Dataset_v2/Detection/images/test/ai4_DM_Wilson_12.jpg,Samudra_Prahari_Dataset_v2/Detection/labels/train/ai4_DM_Wilson_12.txt,ai4,ai4_DM_Wilson,train,train,box,real,shipwreck,45ca2fe60440feadeda864ce27f65de73a83d4296f235ded3f068a72fe4371d4
Samudra_Prahari_Dataset_v2/Detection/images/test/ai4_DM_Wilson_13.jpg,Samudra_Prahari_Dataset_v2/Detection/labels/train/ai4_DM_Wilson_13.txt,ai4,ai4_DM_Wilson,train,train,box,real,shipwreck,e13400cc2aab823f6ac1013fb6efee68e96e601b02f0b9ea6fa8c5e7c7710cb9
Samudra_Prahari_Dataset_v2/Detection/images/test/ai4_DM_Wilson_14.jpg,Samudra_Prahari_Dataset_v2/Detection/labels/train/ai4_DM_Wilson_14.txt,ai4,ai4_DM_Wilson,train,train,box,real,shipwreck,28eece4194974127e33dac9c303c5e432ef0a84d00714d0a83d5d94681eeeabf
Samudra_Prahari_Dataset_v2/Detection/images/test/ai4_DM_Wilson_15.jpg,Samudra_Prahari_Dataset_v2/Detection/labels/train/ai4_DM_Wilson_15.txt,ai4,ai4_DM_Wilson,train,train,box,real,shipwreck,dd15526d14274020003d366e8c52c08c1bf98abc81f144d83efd73ade548a3b1
Samudra_Prahari_Dataset_v2/Detection/images/test/ai4_DM_Wilson_21.jpg,Samudra_Prahari_Dataset_v2/Detection/labels/train/ai4_DM_Wilson_21.txt,ai4,ai4_DM_Wilson,train,train,box,real,shipwreck,0d5645d3fa1be3c91cddd563cbc156c6836fd6dadb1ee3bf77a2a481f47dd772
Samudra_Prahari_Dataset_v2/Detection/images/test/ai4_DR_Hanna_02.jpg,Samudra_Prahari_Dataset_v2/Detection/labels/train/ai4_DR_Hanna_02.txt,ai4,ai4_DR_Hanna,train,train,box,real,shipwreck,29c2d1b9cf3d812b9e0fbc552a6ee7e1178cf2ae4d76581fffb65bd2b891b165
Samudra_Prahari_Dataset_v2/Detection/images/test/ai4_DR_Hanna_03.jpg,Samudra_Prahari_Dataset_v2/Detection/labels/train/ai4_DR_Hanna_03.txt,ai4,ai4_DR_Hanna,train,train,box,real,shipwreck,b1f654fd211815a33a851a8c1e86d6b5139786e970a0a5761643c341fc782326
Samudra_Prahari_Dataset_v2/Detection/images/test/ai4_DR_Hanna_04.jpg,Samudra_Prahari_Dataset_v2/Detection/labels/train/ai4_DR_Hanna_04.txt,ai4,ai4_DR_Hanna,train,train,box,real,shipwreck,4c766e2caee9ba47ebc215546608eb37f4edfaa1a86592c1287d68b578784a43
Samudra_Prahari_Dataset_v2/Detection/images/test/ai4_DR_Hanna_05.jpg,Samudra_Prahari_Dataset_v2/Detection/labels/train/ai4_DR_Hanna_05.txt,ai4,ai4_DR_Hanna,train,train,box,real,shipwreck,685087e052ab53f58ce67da36d9455dfd9bf66bf6b269051d907b901691f253d
Samudra_Prahari_Dataset_v2/Detection/images/test/ai4_EB_Allen_06.jpg,Samudra_Prahari_Dataset_v2/Detection/labels/train/ai4_EB_Allen_06.txt,ai4,ai4_EB_Allen,val,train,box,real,shipwreck,74d9e76e54be21fe2e3384c0ed914d4dc4b5224f0cdad074295aecb3b2a2fe30
Samudra_Prahari_Dataset_v2/Detection/images/test/ai4_EB_Allen_07.jpg,Samudra_Prahari_Dataset_v2/Detection/labels/train/ai4_EB_Allen_07.txt,ai4,ai4_EB_Allen,val,train,box,real,shipwreck,8c1e96e38bc0ca76d75fcb63fa773115c5e8d4adb2710f7966e02020ae29e162
Samudra_Prahari_Dataset_v2/Detection/images/test/ai4_EB_Allen_08.jpg,Samudra_Prahari_Dataset_v2/Detection/labels/train/ai4_EB_Allen_08.txt,ai4,ai4_EB_Allen,val,train,box,real,shipwreck,cf101fce2c857247142cf5bbc75ab62546706eb9fd404612ef4517ac385e80db
Samudra_Prahari_Dataset_v2/Detection/images/test/ai4_EB_Allen_16.jpg,Samudra_Prahari_Dataset_v2/Detection/labels/train/ai4_EB_Allen_16.txt,ai4,ai4_EB_Allen,val,train,box,real,shipwreck,754c2c0163b5d86c0d9e07cead17c89455d9f186740685d96952203807224be5
Samudra_Prahari_Dataset_v2/Detection/images/test/ai4_EB_Allen_17.jpg,Samudra_Prahari_Dataset_v2/Detection/labels/train/ai4_EB_Allen_17.txt,ai4,ai4_EB_Allen,val,train,box,real,shipwreck,6409514382b394430674b4b7395130af57f574b0aa05603e477e46023ce45b7c
Samudra_Prahari_Dataset_v2/Detection/images/test/ai4_EB_Allen_18.jpg,Samudra_Prahari_Dataset_v2/Detection/labels/train/ai4_EB_Allen_18.txt,ai4,ai4_EB_Allen,val,train,box,real,shipwreck,b3a4473fdaf4fe38a5b042852eebd28b0591564450b922485aaa4a931092ba26
Samudra_Prahari_Dataset_v2/Detection/images/test/ai4_EB_Allen_21.jpg,Samudra_Prahari_Dataset_v2/Detection/labels/train/ai4_EB_Allen_21.txt,ai4,ai4_EB_Allen,val,train,box,real,shipwreck,e1691ab49a1226b7bba372414deefd3a851a7420e46bf888a5c800c7952a74d0
Samudra_Prahari_Dataset_v2/Detection/images/test/ai4_EB_Allen_22.jpg,Samudra_Prahari_Dataset_v2/Detection/labels/train/ai4_EB_Allen_22.txt,ai4,ai4_EB_Allen,val,train,box,real,shipwreck,2255166a06c33ac66d0ed9176ea63f6a0b11e9e59237d7c148f2f7bbb4e3421b
Samudra_Prahari_Dataset_v2/Detection/images/test/ai4_EB_Allen_23.jpg,Samudra_Prahari_Dataset_v2/Detection/labels/train/ai4_EB_Allen_23.txt,ai4,ai4_EB_Allen,val,train,box,real,shipwreck,9186a3ee5420d92b1a8d3dc177f8a5df4c44aa653bfa1275d6b17da24bb2555a
Samudra_Prahari_Dataset_v2/Detection/images/test/ai4_EB_Allen_24.jpg,Samudra_Prahari_Dataset_v2/Detection/labels/train/ai4_EB_Allen_24.txt,ai4,ai4_EB_Allen,val,train,box,real,shipwreck,d41820355d8ab22bcf537338328d0d2649f53d5fa827d03cf15cacd05c92dc04
Samudra_Prahari_Dataset_v2/Detection/images/test/ai4_Egyptian_04.jpg,Samudra_Prahari_Dataset_v2/Detection/labels/train/ai4_Egyptian_04.txt,ai4,ai4_Egyptian,train,train,box,real,shipwreck,77ef24b9b46e7cd1bf4b19a37cf98f1c8c32e11a949250bdc5eeff02044af917
Samudra_Prahari_Dataset_v2/Detection/images/test/ai4_Egyptian_05.jpg,Samudra_Prahari_Dataset_v2/Detection/labels/train/ai4_Egyptian_05.txt,ai4,ai4_Egyptian,train,train,box,real,shipwreck,05b272a37b9e51f3111f25164a4ff957c200a5a43c0e6eaf5ad277ffede15721
Samudra_Prahari_Dataset_v2/Detection/images/test/ai4_Egyptian_06.jpg,Samudra_Prahari_Dataset_v2/Detection/labels/train/ai4_Egyptian_06.txt,ai4,ai4_Egyptian,train,train,box,real,shipwreck,14f067a05f8818713a624195a5e90afa04e41ab9f0aa0418dfc0576f8535c5b8
Samudra_Prahari_Dataset_v2/Detection/images/test/ai4_Egyptian_08.jpg,Samudra_Prahari_Dataset_v2/Detection/labels/train/ai4_Egyptian_08.txt,ai4,ai4_Egyptian,train,train,box,real,shipwreck,6d7676061e6815edd83b5ed54437350472d44a731e1b023de7752578c438bd67
Samudra_Prahari_Dataset_v2/Detection/images/test/ai4_Egyptian_09.jpg,Samudra_Prahari_Dataset_v2/Detection/labels/train/ai4_Egyptian_09.txt,ai4,ai4_Egyptian,train,train,box,real,shipwreck,061c45c718774a1c8834af5c01643874d2c6641e6645dc663372ff99ce1978a8
Samudra_Prahari_Dataset_v2/Detection/images/test/ai4_Egyptian_10.jpg,Samudra_Prahari_Dataset_v2/Detection/labels/train/ai4_Egyptian_10.txt,ai4,ai4_Egyptian,train,train,box,real,shipwreck,e8b6829eda4fccb1ecbcb81a3a86a76d24b14c848a11e9c62441524d39e06adf
Samudra_Prahari_Dataset_v2/Detection/images/test/ai4_Egyptian_11.jpg,Samudra_Prahari_Dataset_v2/Detection/labels/train/ai4_Egyptian_11.txt,ai4,ai4_Egyptian,train,train,box,real,shipwreck,07b8b3da25f8f5720a06e3c838efd2fabb202a5b140c12a5740c8ed5f08b3b28
Samudra_Prahari_Dataset_v2/Detection/images/test/ai4_Egyptian_12.jpg,Samudra_Prahari_Dataset_v2/Detection/labels/train/ai4_Egyptian_12.txt,ai4,ai4_Egyptian,train,train,box,real,shipwreck,b3730055ae92afa1dc59c78487f7a55cb65f19d6e420d6b09671934f12955ca8
Samudra_Prahari_Dataset_v2/Detection/images/test/ai4_Egyptian_13.jpg,Samudra_Prahari_Dataset_v2/Detection/labels/train/ai4_Egyptian_13.txt,ai4,ai4_Egyptian,train,train,box,real,shipwreck,3aa514f8a7e02931837773dda94dd2a56816492935168ed600df2db398234c1c
Samudra_Prahari_Dataset_v2/Detection/images/test/ai4_Egyptian_14.jpg,Samudra_Prahari_Dataset_v2/Detection/labels/train/ai4_Egyptian_14.txt,ai4,ai4_Egyptian,train,train,box,real,shipwreck,0ddc710e119411b7d181a0ee2513c5599c05858ff6d676b984b38fafcd8639e4
Samudra_Prahari_Dataset_v2/Detection/images/test/ai4_Egyptian_15.jpg,Samudra_Prahari_Dataset_v2/Detection/labels/train/ai4_Egyptian_15.txt,ai4,ai4_Egyptian,train,train,box,real,shipwreck,661cdea3fef0d70cb5f59967ada637487d9381bb7a5d1b8397d090af546d22b7
Samudra_Prahari_Dataset_v2/Detection/images/test/ai4_Heart_Failure_02.jpg,Samudra_Prahari_Dataset_v2/Detection/labels/train/ai4_Heart_Failure_02.txt,ai4,ai4_Heart_Failure,val,train,box,real,shipwreck,bcca378744c2b4afdd2801fe247b799b26b41c07bbf105bea97ccc7bd0f4c017
Samudra_Prahari_Dataset_v2/Detection/images/test/ai4_Heart_Failure_03.jpg,Samudra_Prahari_Dataset_v2/Detection/labels/train/ai4_Heart_Failure_03.txt,ai4,ai4_Heart_Failure,val,train,box,real,shipwreck,a6324813d959d0b800e0bcf0513e5e8a7483e66a606ca4cc4a68f193c425a96a
Samudra_Prahari_Dataset_v2/Detection/images/test/ai4_Heart_Failure_07.jpg,Samudra_Prahari_Dataset_v2/Detection/labels/train/ai4_Heart_Failure_07.txt,ai4,ai4_Heart_Failure,val,train,box,real,shipwreck,79ae1f7b4f8aa38004c24302315d9aadad694607d5835ca54b739d30693beec7
Samudra_Prahari_Dataset_v2/Detection/images/test/ai4_Heart_Failure_08.jpg,Samudra_Prahari_Dataset_v2/Detection/labels/train/ai4_Heart_Failure_08.txt,ai4,ai4_Heart_Failure,val,train,box,real,shipwreck,8174e1bc3232b4873b3a229e73571b2fd1a1350222de0a50e5228251c5785f96
Samudra_Prahari_Dataset_v2/Detection/images/test/ai4_Heart_Failure_09.jpg,Samudra_Prahari_Dataset_v2/Detection/labels/train/ai4_Heart_Failure_09.txt,ai4,ai4_Heart_Failure,val,train,box,real,shipwreck,d713dd0b1ea6774fc2899489326a6e846ba5d519adebdd4be1d2c05bddab2b2c
Samudra_Prahari_Dataset_v2/Detection/images/test/ai4_Heart_Failure_10.jpg,Samudra_Prahari_Dataset_v2/Detection/labels/train/ai4_Heart_Failure_10.txt,ai4,ai4_Heart_Failure,val,train,box,real,shipwreck,852858045f64601c682e39df83dfd243c054c992da8f9b90da3c9a1a1d013c80
Samudra_Prahari_Dataset_v2/Detection/images/test/ai4_Isaac_M_Scott_01.jpg,Samudra_Prahari_Dataset_v2/Detection/labels/train/ai4_Isaac_M_Scott_01.txt,ai4,ai4_Isaac_M_Scott,train,train,box,real,shipwreck,24f6b5464bee453b9c49376d24e57933ddb2f31c1ebe5731087cd64b5167d719
Samudra_Prahari_Dataset_v2/Detection/images/test/ai4_Isaac_M_Scott_02.jpg,Samudra_Prahari_Dataset_v2/Detection/labels/train/ai4_Isaac_M_Scott_02.txt,ai4,ai4_Isaac_M_Scott,train,train,box,real,shipwreck,3c961d560cdd9c8f85974a9e27e7fb28767d80e437b586f60e48eb8a6572c59c
Samudra_Prahari_Dataset_v2/Detection/images/test/ai4_Isaac_M_Scott_03.jpg,Samudra_Prahari_Dataset_v2/Detection/labels/train/ai4_Isaac_M_Scott_03.txt,ai4,ai4_Isaac_M_Scott,train,train,box,real,shipwreck,59d941211ba72bdcf9cbbcec9c15a3cbf1f43d60c5f1d4feb04b830ab287a925
Samudra_Prahari_Dataset_v2/Detection/images/test/ai4_Isaac_M_Scott_05.jpg,Samudra_Prahari_Dataset_v2/Detection/labels/train/ai4_Isaac_M_Scott_05.txt,ai4,ai4_Isaac_M_Scott,train,train,box,real,shipwreck,e7260aa9846be01377dfd3462ded3b6360928b7b7b2c83dfd06ef2f9712cd6aa
Samudra_Prahari_Dataset_v2/Detection/images/test/ai4_Isaac_M_Scott_06.jpg,Samudra_Prahari_Dataset_v2/Detection/labels/train/ai4_Isaac_M_Scott_06.txt,ai4,ai4_Isaac_M_Scott,train,train,box,real,shipwreck,b15b904bc7e952546e591b75eb27cd4fbfbcb4df2e892538a25517cf40d0595b
Samudra_Prahari_Dataset_v2/Detection/images/test/ai4_Montana_01.jpg,Samudra_Prahari_Dataset_v2/Detection/labels/train/ai4_Montana_01.txt,ai4,ai4_Montana,train,train,box,real,shipwreck,5024878f791fa9376942e8746332f371ac7badf0e0deb623909b2cfeb7c2ab0b
Samudra_Prahari_Dataset_v2/Detection/images/test/ai4_Montana_02.jpg,Samudra_Prahari_Dataset_v2/Detection/labels/train/ai4_Montana_02.txt,ai4,ai4_Montana,train,train,box,real,shipwreck,2664c7447fa661d39a58453784fbb43eb51f527d3fdd4bb8f57b853061002a6a
Samudra_Prahari_Dataset_v2/Detection/images/test/ai4_Montana_03.jpg,Samudra_Prahari_Dataset_v2/Detection/labels/train/ai4_Montana_03.txt,ai4,ai4_Montana,train,train,box,real,shipwreck,637585d07395e6d6dbe378c83f6bd7e22415e07d58f3ca0bb2b7a63cf54b2021
Samudra_Prahari_Dataset_v2/Detection/images/test/ai4_Montana_04.jpg,Samudra_Prahari_Dataset_v2/Detection/labels/train/ai4_Montana_04.txt,ai4,ai4_Montana,train,train,box,real,shipwreck,042bea102195fb31f5836270f0d784125f9da448c0d8891b0c8fec658f22c6e1
Samudra_Prahari_Dataset_v2/Detection/images/test/ai4_Montana_05.jpg,Samudra_Prahari_Dataset_v2/Detection/labels/train/ai4_Montana_05.txt,ai4,ai4_Montana,train,train,box,real,shipwreck,f005dbabc00768296df729cead4e2093c26e2afd74ca1aff42220d7c2214f92c
Samudra_Prahari_Dataset_v2/Detection/images/test/ai4_Montana_06.jpg,Samudra_Prahari_Dataset_v2/Detection/labels/train/ai4_Montana_06.txt,ai4,ai4_Montana,train,train,box,real,shipwreck,213baa65fcabd85561dcc706109eca7ec59caf1a2dcdcf1932b975a0e3014baa
Samudra_Prahari_Dataset_v2/Detection/images/test/ai4_Montana_07.jpg,Samudra_Prahari_Dataset_v2/Detection/labels/train/ai4_Montana_07.txt,ai4,ai4_Montana,train,train,box,real,shipwreck,1b6c325f2f93aace0adb178f781dcffb9a6d3bb9f6e3fbb94de7bbc6f569f8c4
Samudra_Prahari_Dataset_v2/Detection/images/test/ai4_Montana_08.jpg,Samudra_Prahari_Dataset_v2/Detection/labels/train/ai4_Montana_08.txt,ai4,ai4_Montana,train,train,box,real,shipwreck,dc07d87443c0f817339d48c670851f30e8237b4f2ed0d67e91b26f2ece2cea06
Samudra_Prahari_Dataset_v2/Detection/images/test/ai4_Near_Shore_01.jpg,Samudra_Prahari_Dataset_v2/Detection/labels/train/ai4_Near_Shore_01.txt,ai4,ai4_Near_Shore,test,train,box,real,shipwreck,915eb8259e9c108bd39c1f21caca9f5529a7117a3422f112db130f4e690ea95c
Samudra_Prahari_Dataset_v2/Detection/images/test/ai4_Near_Shore_02.jpg,Samudra_Prahari_Dataset_v2/Detection/labels/train/ai4_Near_Shore_02.txt,ai4,ai4_Near_Shore,test,train,box,real,shipwreck,64b3e9253b338a61895922a9ee2801dd1683f2651fd7da1e81336c6074cc99be
Samudra_Prahari_Dataset_v2/Detection/images/test/ai4_Near_Shore_04.jpg,Samudra_Prahari_Dataset_v2/Detection/labels/train/ai4_Near_Shore_04.txt,ai4,ai4_Near_Shore,test,train,box,real,shipwreck,228770f435d472dba0c511594166a5f4261b22c1680a2e506be68311cb00f712
Samudra_Prahari_Dataset_v2/Detection/images/test/ai4_Near_Shore_05.jpg,Samudra_Prahari_Dataset_v2/Detection/labels/train/ai4_Near_Shore_05.txt,ai4,ai4_Near_Shore,test,train,box,real,shipwreck,01bf73958ad45309a284f76b3851df829189904c035f4016f501e41916d1ce08
Samudra_Prahari_Dataset_v2/Detection/images/test/ai4_Oscar_T_Flint_03.jpg,Samudra_Prahari_Dataset_v2/Detection/labels/train/ai4_Oscar_T_Flint_03.txt,ai4,ai4_Oscar_T_Flint,test,train,box,real,shipwreck,6a087ad0f5f1ef66037ca788bd4aca6f2dfa8a93bb0359bca805ac8a8d73e957
Samudra_Prahari_Dataset_v2/Detection/images/test/ai4_Oscar_T_Flint_04.jpg,Samudra_Prahari_Dataset_v2/Detection/labels/train/ai4_Oscar_T_Flint_04.txt,ai4,ai4_Oscar_T_Flint,test,train,box,real,shipwreck,f20213c76f5fa7dc61f6e230fa2d4552a66d3df0562b8b312850b012acc4e1bd
Samudra_Prahari_Dataset_v2/Detection/images/test/ai4_Oscar_T_Flint_05.jpg,Samudra_Prahari_Dataset_v2/Detection/labels/train/ai4_Oscar_T_Flint_05.txt,ai4,ai4_Oscar_T_Flint,test,train,box,real,shipwreck,ec16d940a35baacc87a27c3325a7732db80d6f9bec3813d26ed4af7cd6505ecf
Samudra_Prahari_Dataset_v2/Detection/images/test/ai4_Oscar_T_Flint_10.jpg,Samudra_Prahari_Dataset_v2/Detection/labels/train/ai4_Oscar_T_Flint_10.txt,ai4,ai4_Oscar_T_Flint,test,train,box,real,shipwreck,7fcce2f7267ea748b0f7ddf4508b1653a4a460cbbbca4b0a62d1e52a49ca5bb3
Samudra_Prahari_Dataset_v2/Detection/images/test/ai4_Oscar_T_Flint_11.jpg,Samudra_Prahari_Dataset_v2/Detection/labels/train/ai4_Oscar_T_Flint_11.txt,ai4,ai4_Oscar_T_Flint,test,train,box,real,shipwreck,98b273e5d32f815e24d48628ed54b368e791ee46c7991536e87d5994c520f735
Samudra_Prahari_Dataset_v2/Detection/images/test/ai4_Oscar_T_Flint_12.jpg,Samudra_Prahari_Dataset_v2/Detection/labels/train/ai4_Oscar_T_Flint_12.txt,ai4,ai4_Oscar_T_Flint,test,train,box,real,shipwreck,d34dfa17aa2f4180ad9b5bb37a69f9b8ee2f277677001df2b7f75ca94b4896cc
Samudra_Prahari_Dataset_v2/Detection/images/test/ai4_Oscar_T_Flint_13.jpg,Samudra_Prahari_Dataset_v2/Detection/labels/train/ai4_Oscar_T_Flint_13.txt,ai4,ai4_Oscar_T_Flint,test,train,box,real,shipwreck,17a65500a2fd657a42e573196052da042deadc39863b6d0c52cb571159022c7a
Samudra_Prahari_Dataset_v2/Detection/images/test/ai4_Oscar_T_Flint_14.jpg,Samudra_Prahari_Dataset_v2/Detection/labels/train/ai4_Oscar_T_Flint_14.txt,ai4,ai4_Oscar_T_Flint,test,train,box,real,shipwreck,6fafd70ffb8dfa3aec04b0760a9712dbd8844689a12b718796b569a51c0c7ab7
Samudra_Prahari_Dataset_v2/Detection/images/test/ai4_Pewabic_01.jpg,Samudra_Prahari_Dataset_v2/Detection/labels/train/ai4_Pewabic_01.txt,ai4,ai4_Pewabic,train,train,box,real,shipwreck,dcf27b2877f133fb5651756e2a14cd308ee72d5a6eeaa5d08defa84926a31333
Samudra_Prahari_Dataset_v2/Detection/images/test/ai4_Pewabic_02.jpg,Samudra_Prahari_Dataset_v2/Detection/labels/train/ai4_Pewabic_02.txt,ai4,ai4_Pewabic,train,train,box,real,shipwreck,b74fa5b4929a82c01401d600ddd5a608fe29ba3171fb4bbb955fad6e4eeb1cfd
Samudra_Prahari_Dataset_v2/Detection/images/test/ai4_Pewabic_03.jpg,Samudra_Prahari_Dataset_v2/Detection/labels/train/ai4_Pewabic_03.txt,ai4,ai4_Pewabic,train,train,box,real,shipwreck,967616db420c6a0e2cbe588350c15dee168e19cedd8d9a982338d826d790bf7c
Samudra_Prahari_Dataset_v2/Detection/images/test/ai4_Pewabic_04.jpg,Samudra_Prahari_Dataset_v2/Detection/labels/train/ai4_Pewabic_04.txt,ai4,ai4_Pewabic,train,train,box,real,shipwreck,a63468f9d82445364e7773ae1f48d99b2bfb5f74ca3a96e1a76bf3258ab4848b
Samudra_Prahari_Dataset_v2/Detection/images/test/ai4_Pewabic_05.jpg,Samudra_Prahari_Dataset_v2/Detection/labels/train/ai4_Pewabic_05.txt,ai4,ai4_Pewabic,train,train,box,real,shipwreck,8079f651c3e28a2412f5ae585d6fd869ae7001d4f2aba0984998d2eacc4067f2
Samudra_Prahari_Dataset_v2/Detection/images/test/pipe20xx_0063_2010.jpg,Samudra_Prahari_Dataset_v2/Detection/labels/train/pipe20xx_0063_2010.txt,pipe20xx,pipe20xx_2010,train,train,box,unverified,pipe,75d1a4551ae9d02f48415c5472b07427915448c42700248519b22de1d502799b
Samudra_Prahari_Dataset_v2/Detection/images/test/pipe20xx_0207_2010.jpg,Samudra_Prahari_Dataset_v2/Detection/labels/train/pipe20xx_0207_2010.txt,pipe20xx,pipe20xx_2010,train,train,box,unverified,pipe,9ef3015f6c76cae3626c719e6706761e97ed759e406547ca81d6720a510d3330
Samudra_Prahari_Dataset_v2/Detection/images/test/pipe20xx_0208_2010.jpg,Samudra_Prahari_Dataset_v2/Detection/labels/train/pipe20xx_0208_2010.txt,pipe20xx,pipe20xx_2010,train,train,box,unverified,pipe,8ed4b1b3116de87a1e9fc2cac9165ff6815321bfcea65243fc65ad66a07001fd
Samudra_Prahari_Dataset_v2/Detection/images/test/pipe20xx_0257_2010.jpg,Samudra_Prahari_Dataset_v2/Detection/labels/train/pipe20xx_0257_2010.txt,pipe20xx,pipe20xx_2010,train,train,box,unverified,pipe,09bf0744ff42f2f6f7740f5080f0b750f23ab8f81d78b199c7cbd989648e62af
Samudra_Prahari_Dataset_v2/Detection/images/test/pipe20xx_0300_2010.jpg,Samudra_Prahari_Dataset_v2/Detection/labels/train/pipe20xx_0300_2010.txt,pipe20xx,pipe20xx_2010,train,train,box,unverified,pipe,b8bac661c8bcf1df4a4a1ea7c5e5f85cedd57d3a7d0c1528adf05863a62e67c9
Samudra_Prahari_Dataset_v2/Detection/images/test/pipe20xx_0302_2010.jpg,Samudra_Prahari_Dataset_v2/Detection/labels/train/pipe20xx_0302_2010.txt,pipe20xx,pipe20xx_2010,train,train,box,unverified,pipe,b345a2e9167509099eb21fc718582eb27336f810b800da6e35afa3980091fdc6
Samudra_Prahari_Dataset_v2/Detection/images/test/pipe20xx_0315_2010.jpg,Samudra_Prahari_Dataset_v2/Detection/labels/train/pipe20xx_0315_2010.txt,pipe20xx,pipe20xx_2010,train,train,box,unverified,pipe,2f2366bb7d5366dd3a914631813af92d2003da93502685363cdd052f9257854f
Samudra_Prahari_Dataset_v2/Detection/images/test/pipe20xx_0316_2010.jpg,Samudra_Prahari_Dataset_v2/Detection/labels/train/pipe20xx_0316_2010.txt,pipe20xx,pipe20xx_2010,train,train,box,unverified,pipe,f776c79a7fbdd9682f289a6507d0c3f66eee748abc3ce67fb24ecc26e1f7457b
Samudra_Prahari_Dataset_v2/Detection/images/test/pipe20xx_0322_2010.jpg,Samudra_Prahari_Dataset_v2/Detection/labels/train/pipe20xx_0322_2010.txt,pipe20xx,pipe20xx_2010,train,train,box,unverified,pipe,2d47758d612ab270e82c31d43b9484551e796b459ec9506babde6cf5ffdc86f1
Samudra_Prahari_Dataset_v2/Detection/images/test/pipe20xx_0324_2010.jpg,Samudra_Prahari_Dataset_v2/Detection/labels/train/pipe20xx_0324_2010.txt,pipe20xx,pipe20xx_2010,train,train,box,unverified,pipe,376aaea1e91ca1607e1da491d05063db28939503640b3d554621f6189c744f45
Samudra_Prahari_Dataset_v2/Detection/images/test/pipe20xx_0325_2010.jpg,Samudra_Prahari_Dataset_v2/Detection/labels/train/pipe20xx_0325_2010.txt,pipe20xx,pipe20xx_2010,train,train,box,unverified,pipe,d8dac211a8b103100dabede15a9fcdf66f9a1ad6ccafb3e7ee85a92e938cd5cb
Samudra_Prahari_Dataset_v2/Detection/images/test/pipe20xx_0338_2010.jpg,Samudra_Prahari_Dataset_v2/Detection/labels/train/pipe20xx_0338_2010.txt,pipe20xx,pipe20xx_2010,train,train,box,unverified,pipe,084011a69074757b5825dccce2fd019b3161e335b6adc823609be8744a100144
Samudra_Prahari_Dataset_v2/Detection/images/test/pipe20xx_0339_2010.jpg,Samudra_Prahari_Dataset_v2/Detection/labels/train/pipe20xx_0339_2010.txt,pipe20xx,pipe20xx_2010,train,train,box,unverified,pipe,a58cb18cba22266339e10278740c5dd70e101fe9e88a863301a8978f351d0dd7
Samudra_Prahari_Dataset_v2/Detection/images/test/pipe20xx_0342_2010.jpg,Samudra_Prahari_Dataset_v2/Detection/labels/train/pipe20xx_0342_2010.txt,pipe20xx,pipe20xx_2010,train,train,box,unverified,pipe,bb3ce59ec3f3127cda6758c8c09782c14d91ef7f134be7b283142bc290916de8
Samudra_Prahari_Dataset_v2/Detection/images/test/pipe20xx_0343_2010.jpg,Samudra_Prahari_Dataset_v2/Detection/labels/train/pipe20xx_0343_2010.txt,pipe20xx,pipe20xx_2010,train,train,box,unverified,pipe,a79701573ed9ee2bcff7795bb59cad02d931f03d267c802ae31406cdccf10249
Samudra_Prahari_Dataset_v2/Detection/images/test/pure_synth_subpipe_0001.jpg,Samudra_Prahari_Dataset_v2/Detection/labels/train/pure_synth_subpipe_0001.txt,pure_synth_subpipe,pure_synth_subpipe_0001,train,train,box,synthetic,pipe,eb4f0956c1fa9e2335b1689f663e94e6d57eedb9c005fe50e69c8c6e897ed98e
Samudra_Prahari_Dataset_v2/Detection/images/test/pure_synth_subpipe_0004.jpg,Samudra_Prahari_Dataset_v2/Detection/labels/train/pure_synth_subpipe_0004.txt,pure_synth_subpipe,pure_synth_subpipe_0004,train,train,box,synthetic,pipe,1ac576ff75b8d1dd9895cee52df645946db91fb791f3f4b696c1f4361f0d5ad6
Samudra_Prahari_Dataset_v2/Detection/images/test/pure_synth_subpipe_0005.jpg,Samudra_Prahari_Dataset_v2/Detection/labels/train/pure_synth_subpipe_0005.txt,pure_synth_subpipe,pure_synth_subpipe_0005,train,train,box,synthetic,pipe,f7ad6b2f90b3e521157fab4b96530b729ee3fdd4013a3002979796a3d9bb5d69
Samudra_Prahari_Dataset_v2/Detection/images/test/pure_synth_subpipe_0006.jpg,Samudra_Prahari_Dataset_v2/Detection/labels/train/pure_synth_subpipe_0006.txt,pure_synth_subpipe,pure_synth_subpipe_0006,test,train,box,synthetic,pipe,0bdacb565e45cb1d7443eb38c88e98b6ff07b6767d1217d6ea68c1263305c834
Samudra_Prahari_Dataset_v2/Detection/images/test/pure_synth_subpipe_0007.jpg,Samudra_Prahari_Dataset_v2/Detection/labels/train/pure_synth_subpipe_0007.txt,pure_synth_subpipe,pure_synth_subpipe_0007,train,train,box,synthetic,pipe,41bdba0d526ac900508d1360198a3b9430361c4b689b4170982aa0cec2ebb6fa
Samudra_Prahari_Dataset_v2/Detection/images/test/pure_synth_subpipe_0008.jpg,Samudra_Prahari_Dataset_v2/Detection/labels/train/pure_synth_subpipe_0008.txt,pure_synth_subpipe,pure_synth_subpipe_0008,test,train,box,synthetic,pipe,4e118d21007acd819925740941ad313f9346ce89b6057a64149eb2a531d2bbec
Samudra_Prahari_Dataset_v2/Detection/images/test/pure_synth_subpipe_0009.jpg,Samudra_Prahari_Dataset_v2/Detection/labels/train/pure_synth_subpipe_0009.txt,pure_synth_subpipe,pure_synth_subpipe_0009,test,train,box,synthetic,pipe,8675614da0b93ce653d0f66bfb52907a8672b7fa6afc052ae56db475ea107e3f
Samudra_Prahari_Dataset_v2/Detection/images/test/pure_synth_subpipe_0010.jpg,Samudra_Prahari_Dataset_v2/Detection/labels/train/pure_synth_subpipe_0010.txt,pure_synth_subpipe,pure_synth_subpipe_0010,train,train,box,synthetic,pipe,71652787239ec2e7b835a1bda1b1ddc4073f161f662be907ec1488e23a4023e8
Samudra_Prahari_Dataset_v2/Detection/images/test/pure_synth_subpipe_0011.jpg,Samudra_Prahari_Dataset_v2/Detection/labels/train/pure_synth_subpipe_0011.txt,pure_synth_subpipe,pure_synth_subpipe_0011,val,train,box,synthetic,pipe,00d0cb5d7a2d160a136322c45c5e58906c0e32d521f3682d5a8bc15285d71dc4
Samudra_Prahari_Dataset_v2/Detection/images/test/pure_synth_subpipe_0012.jpg,Samudra_Prahari_Dataset_v2/Detection/labels/train/pure_synth_subpipe_0012.txt,pure_synth_subpipe,pure_synth_subpipe_0012,val,train,box,synthetic,pipe,986f27d0556e07f1cd1dcd4b4bf02648388a5f2ba4769e365ee4ddc151664db4
Samudra_Prahari_Dataset_v2/Detection/images/test/pure_synth_subpipe_0013.jpg,Samudra_Prahari_Dataset_v2/Detection/labels/train/pure_synth_subpipe_0013.txt,pure_synth_subpipe,pure_synth_subpipe_0013,train,train,box,synthetic,pipe,a3f6f00cc915a27ab95033458137d05e842bbdea010dc706462321727465f6a0
Samudra_Prahari_Dataset_v2/Detection/images/test/pure_synth_subpipe_0014.jpg,Samudra_Prahari_Dataset_v2/Detection/labels/train/pure_synth_subpipe_0014.txt,pure_synth_subpipe,pure_synth_subpipe_0014,train,train,box,synthetic,pipe,44d49a37dc6a111671d5b87c4557e028fbd87b2d343d09bf23cb0b93acaf475e
Samudra_Prahari_Dataset_v2/Detection/images/test/pure_synth_subpipe_0015.jpg,Samudra_Prahari_Dataset_v2/Detection/labels/train/pure_synth_subpipe_0015.txt,pure_synth_subpipe,pure_synth_subpipe_0015,train,train,box,synthetic,pipe,ddca717628dee2b04c916ebafbe43a4bc33274e71632138ce140ba9e5d383902
Samudra_Prahari_Dataset_v2/Detection/images/test/pure_synth_subpipe_0018.jpg,Samudra_Prahari_Dataset_v2/Detection/labels/train/pure_synth_subpipe_0018.txt,pure_synth_subpipe,pure_synth_subpipe_0018,train,train,box,synthetic,pipe,0b6936ed23581146c7c54f74a8585db96254180df879aaaac800b53da91474b7
Samudra_Prahari_Dataset_v2/Detection/images/test/pure_synth_subpipe_0019.jpg,Samudra_Prahari_Dataset_v2/Detection/labels/train/pure_synth_subpipe_0019.txt,pure_synth_subpipe,pure_synth_subpipe_0019,train,train,box,synthetic,pipe,90194d712d37a711a31d6cba1de1399cf5ded7f9b408f9e6c9960d3c62ab038a
Samudra_Prahari_Dataset_v2/Detection/images/test/pure_synth_subpipe_0020.jpg,Samudra_Prahari_Dataset_v2/Detection/labels/train/pure_synth_subpipe_0020.txt,pure_synth_subpipe,pure_synth_subpipe_0020,train,train,box,synthetic,pipe,c78e7698ee1aa6903ab9bda52a099d64fce07031a209bd3f80846df4a792b8c1
Samudra_Prahari_Dataset_v2/Detection/images/test/pure_synth_subpipe_0021.jpg,Samudra_Prahari_Dataset_v2/Detection/labels/train/pure_synth_subpipe_0021.txt,pure_synth_subpipe,pure_synth_subpipe_0021,train,train,box,synthetic,pipe,1e1f02d03bbd60a62f1044b561a6c45c3ee8e611ae8efb960d7c6bcfd2176f97
Samudra_Prahari_Dataset_v2/Detection/images/test/pure_synth_subpipe_0022.jpg,Samudra_Prahari_Dataset_v2/Detection/labels/train/pure_synth_subpipe_0022.txt,pure_synth_subpipe,pure_synth_subpipe_0022,test,train,box,synthetic,pipe,f7fcb32b16d376ac44c7fb52dbc55510472638402a7d493e9cec181bef1110e5
Samudra_Prahari_Dataset_v2/Detection/images/test/pure_synth_subpipe_0026.jpg,Samudra_Prahari_Dataset_v2/Detection/labels/train/pure_synth_subpipe_0026.txt,pure_synth_subpipe,pure_synth_subpipe_0026,train,train,box,synthetic,pipe,08b29cd28a60216212f6cd348cf7d838a2b8afdaf2da399a8d5410692b840783
Samudra_Prahari_Dataset_v2/Detection/images/test/pure_synth_subpipe_0027.jpg,Samudra_Prahari_Dataset_v2/Detection/labels/train/pure_synth_subpipe_0027.txt,pure_synth_subpipe,pure_synth_subpipe_0027,test,train,box,synthetic,pipe,79121c4cef5f8caa20a1968878e5872735f01712e7b5d31b12935dc484e32794
Samudra_Prahari_Dataset_v2/Detection/images/test/pure_synth_subpipe_0028.jpg,Samudra_Prahari_Dataset_v2/Detection/labels/train/pure_synth_subpipe_0028.txt,pure_synth_subpipe,pure_synth_subpipe_0028,train,train,box,synthetic,pipe,4d90b1f5810674a3d563e21bd5503df3002d5d63ed3130f0c24c560d302e63b3
Samudra_Prahari_Dataset_v2/Detection/images/test/pure_synth_subpipe_0029.jpg,Samudra_Prahari_Dataset_v2/Detection/labels/train/pure_synth_subpipe_0029.txt,pure_synth_subpipe,pure_synth_subpipe_0029,train,train,box,synthetic,pipe,3999762a7c1eb702083f4f29654a21fd6423e7b90b6e9d0ba2fcf298cda0681f
Samudra_Prahari_Dataset_v2/Detection/images/test/pure_synth_subpipe_0030.jpg,Samudra_Prahari_Dataset_v2/Detection/labels/train/pure_synth_subpipe_0030.txt,pure_synth_subpipe,pure_synth_subpipe_0030,train,train,box,synthetic,pipe,8c8a8b6b4112dca87eff7c5932004bf5ebd349e25c62377bacd1d673a2436e31
Samudra_Prahari_Dataset_v2/Detection/images/test/pure_synth_subpipe_0031.jpg,Samudra_Prahari_Dataset_v2/Detection/labels/train/pure_synth_subpipe_0031.txt,pure_synth_subpipe,pure_synth_subpipe_0031,train,train,box,synthetic,pipe,e1604e06a21ee7be077a5035e2840bb1a4901cd6d873076591248dab2bce947f
Samudra_Prahari_Dataset_v2/Detection/images/test/pure_synth_subpipe_0032.jpg,Samudra_Prahari_Dataset_v2/Detection/labels/train/pure_synth_subpipe_0032.txt,pure_synth_subpipe,pure_synth_subpipe_0032,train,train,box,synthetic,pipe,16d6e051a360ceb17c6ab75511625e9908e6ddb413c6c436413a2c02a9eb940f
Samudra_Prahari_Dataset_v2/Detection/images/test/pure_synth_subpipe_0033.jpg,Samudra_Prahari_Dataset_v2/Detection/labels/train/pure_synth_subpipe_0033.txt,pure_synth_subpipe,pure_synth_subpipe_0033,test,train,box,synthetic,pipe,50535757934700ab79670b7d6a03b1705b48d4f796ffa1514d35ec0e8a8a6c1d
Samudra_Prahari_Dataset_v2/Detection/images/test/pure_synth_subpipe_0037.jpg,Samudra_Prahari_Dataset_v2/Detection/labels/train/pure_synth_subpipe_0037.txt,pure_synth_subpipe,pure_synth_subpipe_0037,train,train,box,synthetic,pipe,e45690eccb82744a654943c25b9a432c8a48d38e7765bc7bb65387de6ff5527b
Samudra_Prahari_Dataset_v2/Detection/images/test/pure_synth_subpipe_0038.jpg,Samudra_Prahari_Dataset_v2/Detection/labels/train/pure_synth_subpipe_0038.txt,pure_synth_subpipe,pure_synth_subpipe_0038,train,train,box,synthetic,pipe,c6e267e664f287e8f192d1ed9d9e0f99345fe7f5036758e8e64c171da6d459c4
Samudra_Prahari_Dataset_v2/Detection/images/test/pure_synth_subpipe_0039.jpg,Samudra_Prahari_Dataset_v2/Detection/labels/train/pure_synth_subpipe_0039.txt,pure_synth_subpipe,pure_synth_subpipe_0039,train,train,box,synthetic,pipe,10916d8982ef1a9df53e6a6a8f16c574da2ed343ea241e997a3db3c1d3f042a2
Samudra_Prahari_Dataset_v2/Detection/images/test/pure_synth_subpipe_0040.jpg,Samudra_Prahari_Dataset_v2/Detection/labels/train/pure_synth_subpipe_0040.txt,pure_synth_subpipe,pure_synth_subpipe_0040,train,train,box,synthetic,pipe,f3055144f860a4a31de1606e651578c348c29ff28373b13f2ad7cb4a20eeaefa
Samudra_Prahari_Dataset_v2/Detection/images/test/pure_synth_subpipe_0042.jpg,Samudra_Prahari_Dataset_v2/Detection/labels/train/pure_synth_subpipe_0042.txt,pure_synth_subpipe,pure_synth_subpipe_0042,train,train,box,synthetic,pipe,98107b4d13a4b5ffb2806b98e7d3274dca4bec15b477f03293da1ab37509917d
Samudra_Prahari_Dataset_v2/Detection/images/test/pure_synth_subpipe_0043.jpg,Samudra_Prahari_Dataset_v2/Detection/labels/train/pure_synth_subpipe_0043.txt,pure_synth_subpipe,pure_synth_subpipe_0043,train,train,box,synthetic,pipe,47babb35bf4488ca51d36764c7c5f2ed37c7a7a649aa99ec7e6df26e2bf49fa4
Samudra_Prahari_Dataset_v2/Detection/images/test/pure_synth_subpipe_0044.jpg,Samudra_Prahari_Dataset_v2/Detection/labels/train/pure_synth_subpipe_0044.txt,pure_synth_subpipe,pure_synth_subpipe_0044,train,train,box,synthetic,pipe,5582c6b36aa5520a2c014296a9c457823ad7a933a11c770a825c6a228d31fa16
Samudra_Prahari_Dataset_v2/Detection/images/test/pure_synth_subpipe_0045.jpg,Samudra_Prahari_Dataset_v2/Detection/labels/train/pure_synth_subpipe_0045.txt,pure_synth_subpipe,pure_synth_subpipe_0045,train,train,box,synthetic,pipe,b93f5d80bf5b5992fc011c61edf7f2d73664d1cce3373592b7e0392fc95669c0
Samudra_Prahari_Dataset_v2/Detection/images/test/pure_synth_subpipe_0046.jpg,Samudra_Prahari_Dataset_v2/Detection/labels/train/pure_synth_subpipe_0046.txt,pure_synth_subpipe,pure_synth_subpipe_0046,val,train,box,synthetic,pipe,0f8ebe54771adece09a6b02d5685529d70228bb85ed68514e5d36afece405482
Samudra_Prahari_Dataset_v2/Detection/images/test/pure_synth_subpipe_0047.jpg,Samudra_Prahari_Dataset_v2/Detection/labels/train/pure_synth_subpipe_0047.txt,pure_synth_subpipe,pure_synth_subpipe_0047,val,train,box,synthetic,pipe,2816abd145b244d3603e4bac665d3652af8cde360f0df5df64bf8bc8cf6c3051
Samudra_Prahari_Dataset_v2/Detection/images/test/pure_synth_subpipe_0048.jpg,Samudra_Prahari_Dataset_v2/Detection/labels/train/pure_synth_subpipe_0048.txt,pure_synth_subpipe,pure_synth_subpipe_0048,train,train,box,synthetic,pipe,7bdb886713709f72cce4f83fd5273537583cf3bbc22ff290ae2c65095fbb56f4
Samudra_Prahari_Dataset_v2/Detection/images/test/pure_synth_subpipe_0050.jpg,Samudra_Prahari_Dataset_v2/Detection/labels/train/pure_synth_subpipe_0050.txt,pure_synth_subpipe,pure_synth_subpipe_0050,train,train,box,synthetic,pipe,fc66dd9d01f53a81351455f1f0f85132f5329773af7c02211dabf282d0ed1d1b
Samudra_Prahari_Dataset_v2/Detection/images/test/pure_synth_subpipe_0051.jpg,Samudra_Prahari_Dataset_v2/Detection/labels/train/pure_synth_subpipe_0051.txt,pure_synth_subpipe,pure_synth_subpipe_0051,train,train,box,synthetic,pipe,a806e6cfb81a688ffbc617896a6490b612e63c775b0994f96ebe04eaeded6466
Samudra_Prahari_Dataset_v2/Detection/images/test/pure_synth_subpipe_0052.jpg,Samudra_Prahari_Dataset_v2/Detection/labels/train/pure_synth_subpipe_0052.txt,pure_synth_subpipe,pure_synth_subpipe_0052,train,train,box,synthetic,pipe,4c3f113dd62da0376f5ae5bedb487dac0a02fbe5b7d1ce2fd5a562c45f3f4ece
Samudra_Prahari_Dataset_v2/Detection/images/test/pure_synth_subpipe_0053.jpg,Samudra_Prahari_Dataset_v2/Detection/labels/train/pure_synth_subpipe_0053.txt,pure_synth_subpipe,pure_synth_subpipe_0053,test,train,box,synthetic,pipe,28c1547a1a657a7ebfb5efbcf48e32a4babc687c4891d453995c2d7f4e7b9a01
Samudra_Prahari_Dataset_v2/Detection/images/test/pure_synth_subpipe_0054.jpg,Samudra_Prahari_Dataset_v2/Detection/labels/train/pure_synth_subpipe_0054.txt,pure_synth_subpipe,pure_synth_subpipe_0054,val,train,box,synthetic,pipe,8a2f5fc8e5e1969021231d65f21bf3cb3241b5c5256a074fa20dd7a0d7497d04
Samudra_Prahari_Dataset_v2/Detection/images/test/pure_synth_subpipe_0056.jpg,Samudra_Prahari_Dataset_v2/Detection/labels/train/pure_synth_subpipe_0056.txt,pure_synth_subpipe,pure_synth_subpipe_0056,train,train,box,synthetic,pipe,0a92425734a5925abb510208d3bf8492373ae5daf38e1cc4c0ae406b8df58cc5
Samudra_Prahari_Dataset_v2/Detection/images/test/pure_synth_subpipe_0057.jpg,Samudra_Prahari_Dataset_v2/Detection/labels/train/pure_synth_subpipe_0057.txt,pure_synth_subpipe,pure_synth_subpipe_0057,train,train,box,synthetic,pipe,f3d5c930e49c29a408fbc725475cacfbdda6c223323160e9c8c95326909ebe69
Samudra_Prahari_Dataset_v2/Detection/images/test/pure_synth_subpipe_0058.jpg,Samudra_Prahari_Dataset_v2/Detection/labels/train/pure_synth_subpipe_0058.txt,pure_synth_subpipe,pure_synth_subpipe_0058,val,train,box,synthetic,pipe,83d91a5bd9cc13b30ababe9312652bf8e98fa8c485afe5c826ed8f3a1a99fbc8
Samudra_Prahari_Dataset_v2/Detection/images/test/pure_synth_subpipe_0059.jpg,Samudra_Prahari_Dataset_v2/Detection/labels/train/pure_synth_subpipe_0059.txt,pure_synth_subpipe,pure_synth_subpipe_0059,train,train,box,synthetic,pipe,747c3b7cdd77790ba3d60c20cfe49b946d43e87f80f12a8a68213e5680019799
Samudra_Prahari_Dataset_v2/Detection/images/test/pure_synth_subpipe_0060.jpg,Samudra_Prahari_Dataset_v2/Detection/labels/train/pure_synth_subpipe_0060.txt,pure_synth_subpipe,pure_synth_subpipe_0060,test,train,box,synthetic,pipe,2afd7e77634b1f7859d8ce56bec4f0c4fcdbdbd36907b3469361d6d06be3819c
Samudra_Prahari_Dataset_v2/Detection/images/test/pure_synth_subpipe_0061.jpg,Samudra_Prahari_Dataset_v2/Detection/labels/train/pure_synth_subpipe_0061.txt,pure_synth_subpipe,pure_synth_subpipe_0061,train,train,box,synthetic,pipe,356be23ee013b03479dd16c47f488a21152b9849551fcb411128d227332be61e
Samudra_Prahari_Dataset_v2/Detection/images/test/pure_synth_subpipe_0062.jpg,Samudra_Prahari_Dataset_v2/Detection/labels/train/pure_synth_subpipe_0062.txt,pure_synth_subpipe,pure_synth_subpipe_0062,train,train,box,synthetic,pipe,3c6ccd38d23febc23ff9eec983307eceaedf1c3439ddd33c57748bed880b8f6c
Samudra_Prahari_Dataset_v2/Detection/images/test/pure_synth_subpipe_0063.jpg,Samudra_Prahari_Dataset_v2/Detection/labels/train/pure_synth_subpipe_0063.txt,pure_synth_subpipe,pure_synth_subpipe_0063,train,train,box,synthetic,pipe,7f19017f3678ce942e74ef91ea3414b1797f381214e0044208efb1c2b74208b6
Samudra_Prahari_Dataset_v2/Detection/images/test/pure_synth_subpipe_0064.jpg,Samudra_Prahari_Dataset_v2/Detection/labels/train/pure_synth_subpipe_0064.txt,pure_synth_subpipe,pure_synth_subpipe_0064,train,train,box,synthetic,pipe,ce20fe250bd0f9fcf693d7a2e76452de30d112b683916b82d9ebfef889e21500
Samudra_Prahari_Dataset_v2/Detection/images/test/pure_synth_subpipe_0065.jpg,Samudra_Prahari_Dataset_v2/Detection/labels/train/pure_synth_subpipe_0065.txt,pure_synth_subpipe,pure_synth_subpipe_0065,val,train,box,synthetic,pipe,6c95cf40302cdb8d0bfcf642133bb99be8c9c67be3e5e6d5222389a8c7ca2dec
Samudra_Prahari_Dataset_v2/Detection/images/test/pure_synth_subpipe_0066.jpg,Samudra_Prahari_Dataset_v2/Detection/labels/train/pure_synth_subpipe_0066.txt,pure_synth_subpipe,pure_synth_subpipe_0066,train,train,box,synthetic,pipe,8c121b14f7ed592e90bde5f56ece9765ac5284e70cde7fbc772d5014ec260d5e
Samudra_Prahari_Dataset_v2/Detection/images/test/pure_synth_subpipe_0067.jpg,Samudra_Prahari_Dataset_v2/Detection/labels/train/pure_synth_subpipe_0067.txt,pure_synth_subpipe,pure_synth_subpipe_0067,val,train,box,synthetic,pipe,5a42baeea1827e22c1b7689e5ad5d47d2f1a2294220be2411168db54c3f57864
Samudra_Prahari_Dataset_v2/Detection/images/test/pure_synth_subpipe_0069.jpg,Samudra_Prahari_Dataset_v2/Detection/labels/train/pure_synth_subpipe_0069.txt,pure_synth_subpipe,pure_synth_subpipe_0069,train,train,box,synthetic,pipe,754f7207cf9c2dca6324e57bd2da6807837187e6a1b29c03fd5f1d2bbb7d3a09
Samudra_Prahari_Dataset_v2/Detection/images/test/pure_synth_subpipe_0070.jpg,Samudra_Prahari_Dataset_v2/Detection/labels/train/pure_synth_subpipe_0070.txt,pure_synth_subpipe,pure_synth_subpipe_0070,train,train,box,synthetic,pipe,127761c69073c155506fa6126677b2c1d37cfd43d43f6e4871013733f2ed2d01
Samudra_Prahari_Dataset_v2/Detection/images/test/pure_synth_subpipe_0071.jpg,Samudra_Prahari_Dataset_v2/Detection/labels/train/pure_synth_subpipe_0071.txt,pure_synth_subpipe,pure_synth_subpipe_0071,train,train,box,synthetic,pipe,8a06e4a97eca26fa1b7becbee9b8cfde1906b098ef9be731ac128605c6c9f066
Samudra_Prahari_Dataset_v2/Detection/images/test/pure_synth_subpipe_0072.jpg,Samudra_Prahari_Dataset_v2/Detection/labels/train/pure_synth_subpipe_0072.txt,pure_synth_subpipe,pure_synth_subpipe_0072,train,train,box,synthetic,pipe,8c28be4f6af2c89b3f691a488c59408d0148dfec55eaaba9e86a0e1a50d82c5a
Samudra_Prahari_Dataset_v2/Detection/images/test/pure_synth_subpipe_0073.jpg,Samudra_Prahari_Dataset_v2/Detection/labels/train/pure_synth_subpipe_0073.txt,pure_synth_subpipe,pure_synth_subpipe_0073,train,train,box,synthetic,pipe,02e1a764f3d0bbef21d0786a07ac1b3a09369165f6d009e0d09c80a7b19009fc
Samudra_Prahari_Dataset_v2/Detection/images/test/pure_synth_subpipe_0074.jpg,Samudra_Prahari_Dataset_v2/Detection/labels/train/pure_synth_subpipe_0074.txt,pure_synth_subpipe,pure_synth_subpipe_0074,train,train,box,synthetic,pipe,e13b70e9cc8e9ca550431667801a297164ddedb1ad85d145b35ac5e87f237ae6
Samudra_Prahari_Dataset_v2/Detection/images/test/pure_synth_subpipe_0076.jpg,Samudra_Prahari_Dataset_v2/Detection/labels/train/pure_synth_subpipe_0076.txt,pure_synth_subpipe,pure_synth_subpipe_0076,train,train,box,synthetic,pipe,0ec306fab2c6e0d63ab40451125df79eb8b822a362d7d0349e256c5c25393a27
Samudra_Prahari_Dataset_v2/Detection/images/test/pure_synth_subpipe_0077.jpg,Samudra_Prahari_Dataset_v2/Detection/labels/train/pure_synth_subpipe_0077.txt,pure_synth_subpipe,pure_synth_subpipe_0077,train,train,box,synthetic,pipe,608d834aeb59c4f1b3502e49f574957bd077685617a552c3818a8d3ad2f9585f
Samudra_Prahari_Dataset_v2/Detection/images/test/pure_synth_subpipe_0078.jpg,Samudra_Prahari_Dataset_v2/Detection/labels/train/pure_synth_subpipe_0078.txt,pure_synth_subpipe,pure_synth_subpipe_0078,val,train,box,synthetic,pipe,fd47a328bf0757bf978289b56965a3f08c8ee2d388358b3388411475b431daca
Samudra_Prahari_Dataset_v2/Detection/images/test/pure_synth_subpipe_0079.jpg,Samudra_Prahari_Dataset_v2/Detection/labels/train/pure_synth_subpipe_0079.txt,pure_synth_subpipe,pure_synth_subpipe_0079,train,train,box,synthetic,pipe,3b73c17384df732db214f88e93c23b2dff19698d923b6c2b1a86e1ca37b04de4
Samudra_Prahari_Dataset_v2/Detection/images/test/pure_synth_subpipe_0081.jpg,Samudra_Prahari_Dataset_v2/Detection/labels/train/pure_synth_subpipe_0081.txt,pure_synth_subpipe,pure_synth_subpipe_0081,train,train,box,synthetic,pipe,82e167149bbf0d5c25994988ebfbf6edda4689fe22d3446e88c5efa3f8d5fb4f
Samudra_Prahari_Dataset_v2/Detection/images/test/pure_synth_subpipe_0082.jpg,Samudra_Prahari_Dataset_v2/Detection/labels/train/pure_synth_subpipe_0082.txt,pure_synth_subpipe,pure_synth_subpipe_0082,train,train,box,synthetic,pipe,08b8a85cae625423b726dbe517d6f0d1d05e43efa2bf158e615d9c6911e75bf9
Samudra_Prahari_Dataset_v2/Detection/images/test/pure_synth_subpipe_0083.jpg,Samudra_Prahari_Dataset_v2/Detection/labels/train/pure_synth_subpipe_0083.txt,pure_synth_subpipe,pure_synth_subpipe_0083,train,train,box,synthetic,pipe,ceb35c8b01afc8e738910223010a68124488d7559d5f95924f7d9c191ce0e898
Samudra_Prahari_Dataset_v2/Detection/images/test/pure_synth_subpipe_0084.jpg,Samudra_Prahari_Dataset_v2/Detection/labels/train/pure_synth_subpipe_0084.txt,pure_synth_subpipe,pure_synth_subpipe_0084,test,train,box,synthetic,pipe,acc8af8c59986d69fa48c79bb148f6cbdcf6cf0a0b649ca87ccb4b48280f1a7b
Samudra_Prahari_Dataset_v2/Detection/images/test/pure_synth_subpipe_0085.jpg,Samudra_Prahari_Dataset_v2/Detection/labels/train/pure_synth_subpipe_0085.txt,pure_synth_subpipe,pure_synth_subpipe_0085,train,train,box,synthetic,pipe,9a54adf58931fe62b70e711dee3ab6f124f9fb3757f44f30db741bb868fd7b88
Samudra_Prahari_Dataset_v2/Detection/images/test/pure_synth_subpipe_0086.jpg,Samudra_Prahari_Dataset_v2/Detection/labels/train/pure_synth_subpipe_0086.txt,pure_synth_subpipe,pure_synth_subpipe_0086,train,train,box,synthetic,pipe,595c13ee5f0dda75ea101685e20c5f02891080e02a884d81b38a5c006cbc4603
Samudra_Prahari_Dataset_v2/Detection/images/test/pure_synth_subpipe_0087.jpg,Samudra_Prahari_Dataset_v2/Detection/labels/train/pure_synth_subpipe_0087.txt,pure_synth_subpipe,pure_synth_subpipe_0087,test,train,box,synthetic,pipe,937256da9b12c473c4acbfce4c61c6f975cd20e861d156cd4ca1e89af6fe6def
Samudra_Prahari_Dataset_v2/Detection/images/test/pure_synth_subpipe_0088.jpg,Samudra_Prahari_Dataset_v2/Detection/labels/train/pure_synth_subpipe_0088.txt,pure_synth_subpipe,pure_synth_subpipe_0088,train,train,box,synthetic,pipe,fe2326569d603a576a59d554051245ac8218cf5a3508cdee4bc1831e1feaedea
Samudra_Prahari_Dataset_v2/Detection/images/test/pure_synth_subpipe_0090.jpg,Samudra_Prahari_Dataset_v2/Detection/labels/train/pure_synth_subpipe_0090.txt,pure_synth_subpipe,pure_synth_subpipe_0090,val,train,box,synthetic,pipe,41605dbba813dd04f2ef094bf68962844dbb9ab4c019d30ec26c2dac65491430
Samudra_Prahari_Dataset_v2/Detection/images/test/pure_synth_subpipe_0091.jpg,Samudra_Prahari_Dataset_v2/Detection/labels/train/pure_synth_subpipe_0091.txt,pure_synth_subpipe,pure_synth_subpipe_0091,train,train,box,synthetic,pipe,582abb323e03d08ea47ba829d41890bfa6990a87d402b80369a6c7f7377911e9
Samudra_Prahari_Dataset_v2/Detection/images/test/pure_synth_subpipe_0092.jpg,Samudra_Prahari_Dataset_v2/Detection/labels/train/pure_synth_subpipe_0092.txt,pure_synth_subpipe,pure_synth_subpipe_0092,train,train,box,synthetic,pipe,8ba1ae60d73640a233103834b96af43a6c334f82570153a811bec0dc3703e6ea
Samudra_Prahari_Dataset_v2/Detection/images/test/pure_synth_subpipe_0093.jpg,Samudra_Prahari_Dataset_v2/Detection/labels/train/pure_synth_subpipe_0093.txt,pure_synth_subpipe,pure_synth_subpipe_0093,train,train,box,synthetic,pipe,c63c7e86338b8a950e2104522c9c753ed0829de48544ab726798bbe15717ea65
Samudra_Prahari_Dataset_v2/Detection/images/test/pure_synth_subpipe_0095.jpg,Samudra_Prahari_Dataset_v2/Detection/labels/train/pure_synth_subpipe_0095.txt,pure_synth_subpipe,pure_synth_subpipe_0095,train,train,box,synthetic,pipe,199a0dabc9c06e6f69390463c94b3fa6021f759fdd190c20831e5659421daea9
Samudra_Prahari_Dataset_v2/Detection/images/test/pure_synth_subpipe_0096.jpg,Samudra_Prahari_Dataset_v2/Detection/labels/train/pure_synth_subpipe_0096.txt,pure_synth_subpipe,pure_synth_subpipe_0096,train,train,box,synthetic,pipe,817be83f2de411686c41bc5e9b66020383b7e4cbbcb1693d45c2fd578e0e6f39
Samudra_Prahari_Dataset_v2/Detection/images/test/pure_synth_subpipe_0097.jpg,Samudra_Prahari_Dataset_v2/Detection/labels/train/pure_synth_subpipe_0097.txt,pure_synth_subpipe,pure_synth_subpipe_0097,train,train,box,synthetic,pipe,9c81b625126d2705bc67adaca2062d2e352c766271c8e0869790176d3c25ee2c
Samudra_Prahari_Dataset_v2/Detection/images/test/pure_synth_subpipe_0098.jpg,Samudra_Prahari_Dataset_v2/Detection/labels/train/pure_synth_subpipe_0098.txt,pure_synth_subpipe,pure_synth_subpipe_0098,train,train,box,synthetic,pipe,1685698d2bbae9bca72295ea80a07644eecbdbb9f76a0ea3c7506ecf99dd4313
Samudra_Prahari_Dataset_v2/Detection/images/test/pure_synth_subpipe_0099.jpg,Samudra_Prahari_Dataset_v2/Detection/labels/train/pure_synth_subpipe_0099.txt,pure_synth_subpipe,pure_synth_subpipe_0099,train,train,box,synthetic,pipe,9a0f39743ac7cf153a09c4cf21bb557c6e00f07add97cd9f59032bd4017ead33
Samudra_Prahari_Dataset_v2/Detection/images/test/pure_synth_subpipe_0100.jpg,Samudra_Prahari_Dataset_v2/Detection/labels/train/pure_synth_subpipe_0100.txt,pure_synth_subpipe,pure_synth_subpipe_0100,test,train,box,synthetic,pipe,864d24f4f2f8e7a58a6e6808df5dcf9f9a2e2ac5c4e84c8ba38fdba7c97e49fc
Samudra_Prahari_Dataset_v2/Detection/images/test/pure_synth_subpipe_0101.jpg,Samudra_Prahari_Dataset_v2/Detection/labels/train/pure_synth_subpipe_0101.txt,pure_synth_subpipe,pure_synth_subpipe_0101,train,train,box,synthetic,pipe,9dca7ae6f4644dcb995f64debc59a89c54a6c817cc6be61f65c7cb230d4d2bc1
Samudra_Prahari_Dataset_v2/Detection/images/test/pure_synth_subpipe_0102.jpg,Samudra_Prahari_Dataset_v2/Detection/labels/train/pure_synth_subpipe_0102.txt,pure_synth_subpipe,pure_synth_subpipe_0102,test,train,box,synthetic,pipe,0e1e9f55a5fbe95a4c55ab86273d4ed54920d3b7ab73ef573c8bbd2a07a4f356
Samudra_Prahari_Dataset_v2/Detection/images/test/pure_synth_subpipe_0103.jpg,Samudra_Prahari_Dataset_v2/Detection/labels/train/pure_synth_subpipe_0103.txt,pure_synth_subpipe,pure_synth_subpipe_0103,train,train,box,synthetic,pipe,488457ef608ff272e22e9df466acab09685594890d4688632be4110da846e8c2
Samudra_Prahari_Dataset_v2/Detection/images/test/pure_synth_subpipe_0104.jpg,Samudra_Prahari_Dataset_v2/Detection/labels/train/pure_synth_subpipe_0104.txt,pure_synth_subpipe,pure_synth_subpipe_0104,test,train,box,synthetic,pipe,427f96c36bcc4478109be02c362101bdc509aa45ef8b51795e13a488f7c89165
Samudra_Prahari_Dataset_v2/Detection/images/test/pure_synth_subpipe_0105.jpg,Samudra_Prahari_Dataset_v2/Detection/labels/train/pure_synth_subpipe_0105.txt,pure_synth_subpipe,pure_synth_subpipe_0105,train,train,box,synthetic,pipe,cc5fa164a45e827b6d5b4837c48dd5ccccde8a36dfb8794731d7d208ccf6388e
Samudra_Prahari_Dataset_v2/Detection/images/test/pure_synth_subpipe_0106.jpg,Samudra_Prahari_Dataset_v2/Detection/labels/train/pure_synth_subpipe_0106.txt,pure_synth_subpipe,pure_synth_subpipe_0106,train,train,box,synthetic,pipe,d5a98ed38472d6e0a0e88d32ebfcf32757a28c417e18df6625de9fa1e0dc50ab
Samudra_Prahari_Dataset_v2/Detection/images/test/pure_synth_subpipe_0107.jpg,Samudra_Prahari_Dataset_v2/Detection/labels/train/pure_synth_subpipe_0107.txt,pure_synth_subpipe,pure_synth_subpipe_0107,train,train,box,synthetic,pipe,89de118739a815a7b8cb8cca2f5f1629f91d295a09cc56e965780926ef2ad6fb
Samudra_Prahari_Dataset_v2/Detection/images/test/pure_synth_subpipe_0108.jpg,Samudra_Prahari_Dataset_v2/Detection/labels/train/pure_synth_subpipe_0108.txt,pure_synth_subpipe,pure_synth_subpipe_0108,train,train,box,synthetic,pipe,cb43b3d7f649911678c6b228b50c747432d06e9581267acfe33e780c3757e378
Samudra_Prahari_Dataset_v2/Detection/images/test/pure_synth_subpipe_0109.jpg,Samudra_Prahari_Dataset_v2/Detection/labels/train/pure_synth_subpipe_0109.txt,pure_synth_subpipe,pure_synth_subpipe_0109,train,train,box,synthetic,pipe,aa1f3ed16bdc78ae20c2bf3ca310e3141149456812ea07b5712164fca947f65f
Samudra_Prahari_Dataset_v2/Detection/images/test/pure_synth_subpipe_0110.jpg,Samudra_Prahari_Dataset_v2/Detection/labels/train/pure_synth_subpipe_0110.txt,pure_synth_subpipe,pure_synth_subpipe_0110,val,train,box,synthetic,pipe,aceb12c2b3c033297c5078f0b1996b428743b16cbcb8d8d0458d79ffd05361ae
Samudra_Prahari_Dataset_v2/Detection/images/test/pure_synth_subpipe_0111.jpg,Samudra_Prahari_Dataset_v2/Detection/labels/train/pure_synth_subpipe_0111.txt,pure_synth_subpipe,pure_synth_subpipe_0111,train,train,box,synthetic,pipe,9baebb7d1ed4ed0e9797ed15be609bff4e03b68f293c147e7a9d34bbd7aec367
Samudra_Prahari_Dataset_v2/Detection/images/test/pure_synth_subpipe_0112.jpg,Samudra_Prahari_Dataset_v2/Detection/labels/train/pure_synth_subpipe_0112.txt,pure_synth_subpipe,pure_synth_subpipe_0112,train,train,box,synthetic,pipe,26998910b073c69614df7f66ae6be1bd67cced51f38e84f75a80b66854b86ff4
Samudra_Prahari_Dataset_v2/Detection/images/test/pure_synth_subpipe_0113.jpg,Samudra_Prahari_Dataset_v2/Detection/labels/train/pure_synth_subpipe_0113.txt,pure_synth_subpipe,pure_synth_subpipe_0113,train,train,box,synthetic,pipe,d8c720f550d0eed138796f7a4f3d9633d85aa4637231e41933dc9c35d09d1f8a
Samudra_Prahari_Dataset_v2/Detection/images/test/pure_synth_subpipe_0114.jpg,Samudra_Prahari_Dataset_v2/Detection/labels/train/pure_synth_subpipe_0114.txt,pure_synth_subpipe,pure_synth_subpipe_0114,train,train,box,synthetic,pipe,01a2a8fe3913d444ea79cf376254e334898c8833e7885dee5431f0d6b8ba19a5
Samudra_Prahari_Dataset_v2/Detection/images/test/pure_synth_subpipe_0115.jpg,Samudra_Prahari_Dataset_v2/Detection/labels/train/pure_synth_subpipe_0115.txt,pure_synth_subpipe,pure_synth_subpipe_0115,train,train,box,synthetic,pipe,6f8cc95ec018eb27aeccc871b7bd9ff168e36dfd8bf27d948d3b9745aa1fff2f
Samudra_Prahari_Dataset_v2/Detection/images/test/pure_synth_subpipe_0117.jpg,Samudra_Prahari_Dataset_v2/Detection/labels/train/pure_synth_subpipe_0117.txt,pure_synth_subpipe,pure_synth_subpipe_0117,train,train,box,synthetic,pipe,ac7289e4fd94e8033676e9ca0e31b74d4eee9ed597bf0372dadfe3ea230c9dc9
Samudra_Prahari_Dataset_v2/Detection/images/test/pure_synth_subpipe_0118.jpg,Samudra_Prahari_Dataset_v2/Detection/labels/train/pure_synth_subpipe_0118.txt,pure_synth_subpipe,pure_synth_subpipe_0118,train,train,box,synthetic,pipe,10297170d9a1914da13c099213f1255ddf5ed0f40b66d155bd251342458bbe6b
Samudra_Prahari_Dataset_v2/Detection/images/test/pure_synth_subpipe_0119.jpg,Samudra_Prahari_Dataset_v2/Detection/labels/train/pure_synth_subpipe_0119.txt,pure_synth_subpipe,pure_synth_subpipe_0119,train,train,box,synthetic,pipe,12a148c570c8f83a60cef71ea0906decff80a4ba5ef24efcea8a13f51377a718
Samudra_Prahari_Dataset_v2/Detection/images/test/pure_synth_subpipe_0120.jpg,Samudra_Prahari_Dataset_v2/Detection/labels/train/pure_synth_subpipe_0120.txt,pure_synth_subpipe,pure_synth_subpipe_0120,train,train,box,synthetic,pipe,659a95e6321ab8aa1b1e063f2780a0ec4041d32f02359cdf410324a4508455f2
Samudra_Prahari_Dataset_v2/Detection/images/test/pure_synth_subpipe_0122.jpg,Samudra_Prahari_Dataset_v2/Detection/labels/train/pure_synth_subpipe_0122.txt,pure_synth_subpipe,pure_synth_subpipe_0122,train,train,box,synthetic,pipe,2ece18d94bcb9e86090930012f5d0a247942e592c38cf63facee589b9889785a
Samudra_Prahari_Dataset_v2/Detection/images/test/pure_synth_subpipe_0123.jpg,Samudra_Prahari_Dataset_v2/Detection/labels/train/pure_synth_subpipe_0123.txt,pure_synth_subpipe,pure_synth_subpipe_0123,train,train,box,synthetic,pipe,bd5dcc0b63e63ba0f100e85f77a1e87a5e6d9b52e2948d619610f4e270e8e40d
Samudra_Prahari_Dataset_v2/Detection/images/test/pure_synth_subpipe_0124.jpg,Samudra_Prahari_Dataset_v2/Detection/labels/train/pure_synth_subpipe_0124.txt,pure_synth_subpipe,pure_synth_subpipe_0124,val,train,box,synthetic,pipe,3f5d477b7336edf73b9afc36eb49bd7680aa0fd3ac190b2d0eac47c3e7c03781
Samudra_Prahari_Dataset_v2/Detection/images/test/pure_synth_subpipe_0125.jpg,Samudra_Prahari_Dataset_v2/Detection/labels/train/pure_synth_subpipe_0125.txt,pure_synth_subpipe,pure_synth_subpipe_0125,train,train,box,synthetic,pipe,557a533d3d7a5821f2107ee08e9b0581bc5c2f9ff63020e62a881feb776d299b
Samudra_Prahari_Dataset_v2/Detection/images/test/pure_synth_subpipe_0126.jpg,Samudra_Prahari_Dataset_v2/Detection/labels/train/pure_synth_subpipe_0126.txt,pure_synth_subpipe,pure_synth_subpipe_0126,test,train,box,synthetic,pipe,ffdec5cb3d33e34f7d4671473eab41fa8452e2b44db99151198434f20cbbe4f0
Samudra_Prahari_Dataset_v2/Detection/images/test/pure_synth_subpipe_0127.jpg,Samudra_Prahari_Dataset_v2/Detection/labels/train/pure_synth_subpipe_0127.txt,pure_synth_subpipe,pure_synth_subpipe_0127,train,train,box,synthetic,pipe,f40c4a66c1db6b03736284e3d6d001bafd7ddcc03fb280d36eaa2b43facca300
Samudra_Prahari_Dataset_v2/Detection/images/test/pure_synth_subpipe_0129.jpg,Samudra_Prahari_Dataset_v2/Detection/labels/train/pure_synth_subpipe_0129.txt,pure_synth_subpipe,pure_synth_subpipe_0129,train,train,box,synthetic,pipe,37653d266c8cbf8495881c2c4c734eda4b31d124e2d904bbddcd5a4e4c6c6961
Samudra_Prahari_Dataset_v2/Detection/images/test/pure_synth_subpipe_0130.jpg,Samudra_Prahari_Dataset_v2/Detection/labels/train/pure_synth_subpipe_0130.txt,pure_synth_subpipe,pure_synth_subpipe_0130,train,train,box,synthetic,pipe,0b3a5e3a22f5df0b1624ce18e097b425cb763ef13a994d03c3ccb771c3531111
Samudra_Prahari_Dataset_v2/Detection/images/test/pure_synth_subpipe_0131.jpg,Samudra_Prahari_Dataset_v2/Detection/labels/train/pure_synth_subpipe_0131.txt,pure_synth_subpipe,pure_synth_subpipe_0131,train,train,box,synthetic,pipe,e3b25610681e7c7f555b7da9fd42402fd0a0aeca6073b3dfa42b7297bdc7e9ee
Samudra_Prahari_Dataset_v2/Detection/images/test/pure_synth_subpipe_0133.jpg,Samudra_Prahari_Dataset_v2/Detection/labels/train/pure_synth_subpipe_0133.txt,pure_synth_subpipe,pure_synth_subpipe_0133,val,train,box,synthetic,pipe,063f653bd06ffab5d44ded3afc66647e87084a9a4c344c748aa91030ea81b658
Samudra_Prahari_Dataset_v2/Detection/images/test/pure_synth_subpipe_0134.jpg,Samudra_Prahari_Dataset_v2/Detection/labels/train/pure_synth_subpipe_0134.txt,pure_synth_subpipe,pure_synth_subpipe_0134,val,train,box,synthetic,pipe,35adb03185556fc8b5bfb23ea5131b89bf7fb22b36b2fe03b61d07a865b19c9f
Samudra_Prahari_Dataset_v2/Detection/images/test/pure_synth_subpipe_0135.jpg,Samudra_Prahari_Dataset_v2/Detection/labels/train/pure_synth_subpipe_0135.txt,pure_synth_subpipe,pure_synth_subpipe_0135,test,train,box,synthetic,pipe,85b2c6e12964450eb29a91b3eb2c7692ff3c3177f972fc7d3a1827df680d198b
Samudra_Prahari_Dataset_v2/Detection/images/test/pure_synth_subpipe_0136.jpg,Samudra_Prahari_Dataset_v2/Detection/labels/train/pure_synth_subpipe_0136.txt,pure_synth_subpipe,pure_synth_subpipe_0136,train,train,box,synthetic,pipe,83ea351dd480bf7a85c93a5e5ff662a3a82c1b288063dde2714368c44f99413a
Samudra_Prahari_Dataset_v2/Detection/images/test/pure_synth_subpipe_0137.jpg,Samudra_Prahari_Dataset_v2/Detection/labels/train/pure_synth_subpipe_0137.txt,pure_synth_subpipe,pure_synth_subpipe_0137,train,train,box,synthetic,pipe,59e82bb9420913333a741e4a2ea9776873af39c6a76523f8ba693444cb07ac89
Samudra_Prahari_Dataset_v2/Detection/images/test/pure_synth_subpipe_0138.jpg,Samudra_Prahari_Dataset_v2/Detection/labels/train/pure_synth_subpipe_0138.txt,pure_synth_subpipe,pure_synth_subpipe_0138,val,train,box,synthetic,pipe,4e4bb3d5c6808b39bb52855db0ffeec6ed43d18c23a546b49c13a5eea2d49708
Samudra_Prahari_Dataset_v2/Detection/images/test/pure_synth_subpipe_0139.jpg,Samudra_Prahari_Dataset_v2/Detection/labels/train/pure_synth_subpipe_0139.txt,pure_synth_subpipe,pure_synth_subpipe_0139,train,train,box,synthetic,pipe,425b302f7f6383027296fd60e12d137ede45b4785047ad2e7e4fc649a1ae8aa2
Samudra_Prahari_Dataset_v2/Detection/images/test/pure_synth_subpipe_0140.jpg,Samudra_Prahari_Dataset_v2/Detection/labels/train/pure_synth_subpipe_0140.txt,pure_synth_subpipe,pure_synth_subpipe_0140,val,train,box,synthetic,pipe,5526950428b10ed035be0d149e8d85f199d115f8a7398cdf5b56b73fe140a482
Samudra_Prahari_Dataset_v2/Detection/images/test/pure_synth_subpipe_0141.jpg,Samudra_Prahari_Dataset_v2/Detection/labels/train/pure_synth_subpipe_0141.txt,pure_synth_subpipe,pure_synth_subpipe_0141,train,train,box,synthetic,pipe,b06ab4c523ab090f865c01f09ae171f820d8df4b0d6e40d958be0375b4534fc8
Samudra_Prahari_Dataset_v2/Detection/images/test/pure_synth_subpipe_0142.jpg,Samudra_Prahari_Dataset_v2/Detection/labels/train/pure_synth_subpipe_0142.txt,pure_synth_subpipe,pure_synth_subpipe_0142,val,train,box,synthetic,pipe,c528583dc6dd71fe0ca9a7911b1c19343e67a98e27b89ff63ca8bd674005a5cb
Samudra_Prahari_Dataset_v2/Detection/images/test/pure_synth_subpipe_0143.jpg,Samudra_Prahari_Dataset_v2/Detection/labels/train/pure_synth_subpipe_0143.txt,pure_synth_subpipe,pure_synth_subpipe_0143,train,train,box,synthetic,pipe,2e7401b44cbf86bae6587f8e7dc794691b056d65247da4ced7ab1ea9597d0eda
Samudra_Prahari_Dataset_v2/Detection/images/test/pure_synth_subpipe_0144.jpg,Samudra_Prahari_Dataset_v2/Detection/labels/train/pure_synth_subpipe_0144.txt,pure_synth_subpipe,pure_synth_subpipe_0144,train,train,box,synthetic,pipe,d3178dd1f7ddd47a74d36dc111b968b667bc35c0d2482040d2b77b1a3ef02430
Samudra_Prahari_Dataset_v2/Detection/images/test/pure_synth_subpipe_0146.jpg,Samudra_Prahari_Dataset_v2/Detection/labels/train/pure_synth_subpipe_0146.txt,pure_synth_subpipe,pure_synth_subpipe_0146,val,train,box,synthetic,pipe,3f5b4d7e303cc80a418d4b5f2e75fb9bd2cf0458865936e25c25e96ca4065883
Samudra_Prahari_Dataset_v2/Detection/images/test/pure_synth_subpipe_0148.jpg,Samudra_Prahari_Dataset_v2/Detection/labels/train/pure_synth_subpipe_0148.txt,pure_synth_subpipe,pure_synth_subpipe_0148,train,train,box,synthetic,pipe,824255b09e3751b008cb76ffe28507f4e64a432bb77e20f22915a83ffe894cd9
Samudra_Prahari_Dataset_v2/Detection/images/test/pure_synth_subpipe_0149.jpg,Samudra_Prahari_Dataset_v2/Detection/labels/train/pure_synth_subpipe_0149.txt,pure_synth_subpipe,pure_synth_subpipe_0149,val,train,box,synthetic,pipe,f14a47019ff642eadc3f4e8eb8c83ddae465d6881227c7070d0d23200b023ecd
Samudra_Prahari_Dataset_v2/Detection/images/test/pure_synth_subpipe_0150.jpg,Samudra_Prahari_Dataset_v2/Detection/labels/train/pure_synth_subpipe_0150.txt,pure_synth_subpipe,pure_synth_subpipe_0150,train,train,box,synthetic,pipe,de54e0d8b55ed2e6d61d0fb6bddd1a85f5087618d0a44c970c8d0951593bf607
Samudra_Prahari_Dataset_v2/Detection/images/test/pure_synth_subpipe_0151.jpg,Samudra_Prahari_Dataset_v2/Detection/labels/train/pure_synth_subpipe_0151.txt,pure_synth_subpipe,pure_synth_subpipe_0151,train,train,box,synthetic,pipe,1b33a4a8874967b3f8389c011c15ae2cafe80e1f687e7a4456036981328a1953
Samudra_Prahari_Dataset_v2/Detection/images/test/pure_synth_subpipe_0152.jpg,Samudra_Prahari_Dataset_v2/Detection/labels/train/pure_synth_subpipe_0152.txt,pure_synth_subpipe,pure_synth_subpipe_0152,train,train,box,synthetic,pipe,61edb2eb570ea4897b8256bc1baa7f431124d2cfd76552b60f0eb6541c430a4e
Samudra_Prahari_Dataset_v2/Detection/images/test/pure_synth_subpipe_0154.jpg,Samudra_Prahari_Dataset_v2/Detection/labels/train/pure_synth_subpipe_0154.txt,pure_synth_subpipe,pure_synth_subpipe_0154,train,train,box,synthetic,pipe,dfc79b3b6f2e81cf257a85abc18a6120c848295b56e0003214bc3f704f4e2e69
Samudra_Prahari_Dataset_v2/Detection/images/test/pure_synth_subpipe_0156.jpg,Samudra_Prahari_Dataset_v2/Detection/labels/train/pure_synth_subpipe_0156.txt,pure_synth_subpipe,pure_synth_subpipe_0156,val,train,box,synthetic,pipe,761132da32af0dbfc7da91f6bcd6cb48ead98bc40c6d42a366e0e558a0aa7368
Samudra_Prahari_Dataset_v2/Detection/images/test/pure_synth_subpipe_0157.jpg,Samudra_Prahari_Dataset_v2/Detection/labels/train/pure_synth_subpipe_0157.txt,pure_synth_subpipe,pure_synth_subpipe_0157,test,train,box,synthetic,pipe,4581ebe6c8ec113de3433b73ed12849bfa4c34c8e1c8f0f89ba549daba949064
Samudra_Prahari_Dataset_v2/Detection/images/test/pure_synth_subpipe_0158.jpg,Samudra_Prahari_Dataset_v2/Detection/labels/train/pure_synth_subpipe_0158.txt,pure_synth_subpipe,pure_synth_subpipe_0158,train,train,box,synthetic,pipe,fd6af1a12a6fe0bc7bf8b97ca4902b1bfc5d9e0346b989812a491ecbebfa27ba
Samudra_Prahari_Dataset_v2/Detection/images/test/pure_synth_subpipe_0159.jpg,Samudra_Prahari_Dataset_v2/Detection/labels/train/pure_synth_subpipe_0159.txt,pure_synth_subpipe,pure_synth_subpipe_0159,test,train,box,synthetic,pipe,51ceff860a2ec53fd18db16fc7b525d09d47147bec1bc914c72284651104498e
Samudra_Prahari_Dataset_v2/Detection/images/test/pure_synth_subpipe_0161.jpg,Samudra_Prahari_Dataset_v2/Detection/labels/train/pure_synth_subpipe_0161.txt,pure_synth_subpipe,pure_synth_subpipe_0161,train,train,box,synthetic,pipe,293a6bfcc1d51b0bf3dc038e79b7fecfc768378a3ff819482da3efcc73e37b0c
Samudra_Prahari_Dataset_v2/Detection/images/test/pure_synth_subpipe_0162.jpg,Samudra_Prahari_Dataset_v2/Detection/labels/train/pure_synth_subpipe_0162.txt,pure_synth_subpipe,pure_synth_subpipe_0162,train,train,box,synthetic,pipe,8508ef2fd22cc5ef9b316b720689b60243c7819d777ae9265fbf8bc90f854d19
Samudra_Prahari_Dataset_v2/Detection/images/test/pure_synth_subpipe_0164.jpg,Samudra_Prahari_Dataset_v2/Detection/labels/train/pure_synth_subpipe_0164.txt,pure_synth_subpipe,pure_synth_subpipe_0164,train,train,box,synthetic,pipe,97641dc7c5b8c998446e5463c03503ce9bc3b946756206d08b0bde929758f87a
Samudra_Prahari_Dataset_v2/Detection/images/test/pure_synth_subpipe_0165.jpg,Samudra_Prahari_Dataset_v2/Detection/labels/train/pure_synth_subpipe_0165.txt,pure_synth_subpipe,pure_synth_subpipe_0165,val,train,box,synthetic,pipe,e0c89a830700c9bbdca57dd928afce83fb1e04565f17da7a6f68cac8189040bd
Samudra_Prahari_Dataset_v2/Detection/images/test/pure_synth_subpipe_0166.jpg,Samudra_Prahari_Dataset_v2/Detection/labels/train/pure_synth_subpipe_0166.txt,pure_synth_subpipe,pure_synth_subpipe_0166,train,train,box,synthetic,pipe,8a16508bf0d822cd94060ea3c020c2d6fa2507953fbb7f69c03086a375b51efd
Samudra_Prahari_Dataset_v2/Detection/images/test/pure_synth_subpipe_0167.jpg,Samudra_Prahari_Dataset_v2/Detection/labels/train/pure_synth_subpipe_0167.txt,pure_synth_subpipe,pure_synth_subpipe_0167,val,train,box,synthetic,pipe,bc959e2fb391c1f8bea3d5e56e87f1c0a52f0ff66dab4aa65c0bf12cc146ad5f
Samudra_Prahari_Dataset_v2/Detection/images/test/pure_synth_subpipe_0168.jpg,Samudra_Prahari_Dataset_v2/Detection/labels/train/pure_synth_subpipe_0168.txt,pure_synth_subpipe,pure_synth_subpipe_0168,train,train,box,synthetic,pipe,f034861d14418bcf552feecb4716e01ebd4e16935d876cc23af2a448f1dc8744
Samudra_Prahari_Dataset_v2/Detection/images/test/pure_synth_subpipe_0169.jpg,Samudra_Prahari_Dataset_v2/Detection/labels/train/pure_synth_subpipe_0169.txt,pure_synth_subpipe,pure_synth_subpipe_0169,val,train,box,synthetic,pipe,80df08e36cbcbf10133afea88c5afe567745e37b95def99c23ffd3ee7affb1f0
Samudra_Prahari_Dataset_v2/Detection/images/test/pure_synth_subpipe_0171.jpg,Samudra_Prahari_Dataset_v2/Detection/labels/train/pure_synth_subpipe_0171.txt,pure_synth_subpipe,pure_synth_subpipe_0171,train,train,box,synthetic,pipe,980aa7f73900583544cb80285d9f83f55c07c5eb0e0241342cc4f63a50720805
Samudra_Prahari_Dataset_v2/Detection/images/test/pure_synth_subpipe_0172.jpg,Samudra_Prahari_Dataset_v2/Detection/labels/train/pure_synth_subpipe_0172.txt,pure_synth_subpipe,pure_synth_subpipe_0172,train,train,box,synthetic,pipe,3455de5f8809083a339c1a74d4df5a719363904da94da13ed6a5b0256ab08a50
Samudra_Prahari_Dataset_v2/Detection/images/test/pure_synth_subpipe_0173.jpg,Samudra_Prahari_Dataset_v2/Detection/labels/train/pure_synth_subpipe_0173.txt,pure_synth_subpipe,pure_synth_subpipe_0173,train,train,box,synthetic,pipe,010a38f5da67bf7a68753d786eede7c12848f6e46f82d33a56805541c3432a42
Samudra_Prahari_Dataset_v2/Detection/images/test/pure_synth_subpipe_0174.jpg,Samudra_Prahari_Dataset_v2/Detection/labels/train/pure_synth_subpipe_0174.txt,pure_synth_subpipe,pure_synth_subpipe_0174,train,train,box,synthetic,pipe,6a4e93cd353d115771e95e4efa4d3f14877024c5e2a7d5971e1009134c05fc10
Samudra_Prahari_Dataset_v2/Detection/images/test/pure_synth_subpipe_0175.jpg,Samudra_Prahari_Dataset_v2/Detection/labels/train/pure_synth_subpipe_0175.txt,pure_synth_subpipe,pure_synth_subpipe_0175,train,train,box,synthetic,pipe,950cf909511d028105a0c9a7a05fd3fe3c15a6b17c6a675cc775d4cbe5ebd60a
Samudra_Prahari_Dataset_v2/Detection/images/test/pure_synth_subpipe_0176.jpg,Samudra_Prahari_Dataset_v2/Detection/labels/train/pure_synth_subpipe_0176.txt,pure_synth_subpipe,pure_synth_subpipe_0176,train,train,box,synthetic,pipe,cee2ae6cb2a74524cb6c3c7e9c5814eb9e547dd30174d08cc38bf52511e9b6a3
Samudra_Prahari_Dataset_v2/Detection/images/test/pure_synth_subpipe_0177.jpg,Samudra_Prahari_Dataset_v2/Detection/labels/train/pure_synth_subpipe_0177.txt,pure_synth_subpipe,pure_synth_subpipe_0177,train,train,box,synthetic,pipe,d2f3a009fff57387a8c5ae303af7c12d7b6653867d2ede0439313241bd933b65
Samudra_Prahari_Dataset_v2/Detection/images/test/pure_synth_subpipe_0179.jpg,Samudra_Prahari_Dataset_v2/Detection/labels/train/pure_synth_subpipe_0179.txt,pure_synth_subpipe,pure_synth_subpipe_0179,train,train,box,synthetic,pipe,ec12d653e4e209436405d46f0c48398d178b98d616dff8d8c26b153537ab242f
Samudra_Prahari_Dataset_v2/Detection/images/test/pure_synth_subpipe_0181.jpg,Samudra_Prahari_Dataset_v2/Detection/labels/train/pure_synth_subpipe_0181.txt,pure_synth_subpipe,pure_synth_subpipe_0181,train,train,box,synthetic,pipe,9ea66db22f73ad709b7b5f1f7508c3f211fa0c02a473f993d3f5ba5d4f776040
Samudra_Prahari_Dataset_v2/Detection/images/test/pure_synth_subpipe_0183.jpg,Samudra_Prahari_Dataset_v2/Detection/labels/train/pure_synth_subpipe_0183.txt,pure_synth_subpipe,pure_synth_subpipe_0183,train,train,box,synthetic,pipe,6f228e858de2451ae38f79fce60e17c6f33394ba5881e769798f622c675f2741
Samudra_Prahari_Dataset_v2/Detection/images/test/pure_synth_subpipe_0184.jpg,Samudra_Prahari_Dataset_v2/Detection/labels/train/pure_synth_subpipe_0184.txt,pure_synth_subpipe,pure_synth_subpipe_0184,test,train,box,synthetic,pipe,2b19b83e14ae47ac37229aa90080ecf00b1fe58e0eb784f09a89f3e574a031e5
Samudra_Prahari_Dataset_v2/Detection/images/test/pure_synth_subpipe_0185.jpg,Samudra_Prahari_Dataset_v2/Detection/labels/train/pure_synth_subpipe_0185.txt,pure_synth_subpipe,pure_synth_subpipe_0185,val,train,box,synthetic,pipe,ce6c78aef00a5131c1f4a99258abcad6fdd9284972b0bcfca155a6a4981ea050
Samudra_Prahari_Dataset_v2/Detection/images/test/pure_synth_subpipe_0186.jpg,Samudra_Prahari_Dataset_v2/Detection/labels/train/pure_synth_subpipe_0186.txt,pure_synth_subpipe,pure_synth_subpipe_0186,test,train,box,synthetic,pipe,a0f99c7910c306c06cf7d4484eb1792eaa09187dcf4f3a85adce2a49e5acfef2
Samudra_Prahari_Dataset_v2/Detection/images/test/pure_synth_subpipe_0187.jpg,Samudra_Prahari_Dataset_v2/Detection/labels/train/pure_synth_subpipe_0187.txt,pure_synth_subpipe,pure_synth_subpipe_0187,test,train,box,synthetic,pipe,2c93027644d5e71d7ce2dc35accaa19c9b420da5b4771548b931b48163f4f43c
Samudra_Prahari_Dataset_v2/Detection/images/test/pure_synth_subpipe_0189.jpg,Samudra_Prahari_Dataset_v2/Detection/labels/train/pure_synth_subpipe_0189.txt,pure_synth_subpipe,pure_synth_subpipe_0189,train,train,box,synthetic,pipe,84076e0470ae23b1223743a3f0bc06789420e921b058a1c93badd0a2427f47b7
Samudra_Prahari_Dataset_v2/Detection/images/test/pure_synth_subpipe_0190.jpg,Samudra_Prahari_Dataset_v2/Detection/labels/train/pure_synth_subpipe_0190.txt,pure_synth_subpipe,pure_synth_subpipe_0190,train,train,box,synthetic,pipe,8a4193bcb9501c8cc34b09e35927ac6eeb9d60327565b35fcd4ed380bce49961
Samudra_Prahari_Dataset_v2/Detection/images/test/pure_synth_subpipe_0191.jpg,Samudra_Prahari_Dataset_v2/Detection/labels/train/pure_synth_subpipe_0191.txt,pure_synth_subpipe,pure_synth_subpipe_0191,val,train,box,synthetic,pipe,1b72be8ce210846740c8594d0c12d5a78e3f90148b56d4d476092feabd8630db
Samudra_Prahari_Dataset_v2/Detection/images/test/pure_synth_subpipe_0192.jpg,Samudra_Prahari_Dataset_v2/Detection/labels/train/pure_synth_subpipe_0192.txt,pure_synth_subpipe,pure_synth_subpipe_0192,val,train,box,synthetic,pipe,8d34e3fb6c2bd7a671028bb31c116e415cd5516c0938708a7c1104d103eb7b65
Samudra_Prahari_Dataset_v2/Detection/images/test/pure_synth_subpipe_0193.jpg,Samudra_Prahari_Dataset_v2/Detection/labels/train/pure_synth_subpipe_0193.txt,pure_synth_subpipe,pure_synth_subpipe_0193,train,train,box,synthetic,pipe,cee8063ee1069b377fb6ceca660f3be1d44c11ca589e5634d3292cc8e8fc2baf
Samudra_Prahari_Dataset_v2/Detection/images/test/pure_synth_subpipe_0194.jpg,Samudra_Prahari_Dataset_v2/Detection/labels/train/pure_synth_subpipe_0194.txt,pure_synth_subpipe,pure_synth_subpipe_0194,train,train,box,synthetic,pipe,7745ba93f966145be66706fa89c50e099857dc1f573ab559ac0a1d1b0f618c63
Samudra_Prahari_Dataset_v2/Detection/images/test/pure_synth_subpipe_0195.jpg,Samudra_Prahari_Dataset_v2/Detection/labels/train/pure_synth_subpipe_0195.txt,pure_synth_subpipe,pure_synth_subpipe_0195,train,train,box,synthetic,pipe,f02cdc326e6bf480dee692e947c57a0cb6d8f54a9e86d693289df061e7862740
Samudra_Prahari_Dataset_v2/Detection/images/test/pure_synth_subpipe_0196.jpg,Samudra_Prahari_Dataset_v2/Detection/labels/train/pure_synth_subpipe_0196.txt,pure_synth_subpipe,pure_synth_subpipe_0196,test,train,box,synthetic,pipe,c1292c8766655e72a54b7779fe0eacc7e5104a0c8abfb44f5843591bd737f758
Samudra_Prahari_Dataset_v2/Detection/images/test/pure_synth_subpipe_0197.jpg,Samudra_Prahari_Dataset_v2/Detection/labels/train/pure_synth_subpipe_0197.txt,pure_synth_subpipe,pure_synth_subpipe_0197,train,train,box,synthetic,pipe,aa1ea396550d47615198597039d667cb88efd360f0695346feb75e63728c2be2
Samudra_Prahari_Dataset_v2/Detection/images/test/pure_synth_subpipe_0198.jpg,Samudra_Prahari_Dataset_v2/Detection/labels/train/pure_synth_subpipe_0198.txt,pure_synth_subpipe,pure_synth_subpipe_0198,val,train,box,synthetic,pipe,6bb2731b5641d81d188f23327c794eda890f43a1856580aec9f85cd6b7f84077
Samudra_Prahari_Dataset_v2/Detection/images/test/pure_synth_subpipe_0200.jpg,Samudra_Prahari_Dataset_v2/Detection/labels/train/pure_synth_subpipe_0200.txt,pure_synth_subpipe,pure_synth_subpipe_0200,test,train,box,synthetic,pipe,1c1feeea842bbaf864c5713d0c2b9c92e1cbee9e47827d4061bef281c4c00163
Samudra_Prahari_Dataset_v2/Detection/images/test/pure_synth_subpipe_0201.jpg,Samudra_Prahari_Dataset_v2/Detection/labels/train/pure_synth_subpipe_0201.txt,pure_synth_subpipe,pure_synth_subpipe_0201,train,train,box,synthetic,pipe,93c9baebb5b63d6ca9b87b749fd99e5ccbccbaf3508cb7d2e8c3d995cb1ac2a8
Samudra_Prahari_Dataset_v2/Detection/images/test/pure_synth_subpipe_0202.jpg,Samudra_Prahari_Dataset_v2/Detection/labels/train/pure_synth_subpipe_0202.txt,pure_synth_subpipe,pure_synth_subpipe_0202,val,train,box,synthetic,pipe,6daeeceedb94986b0e27d03c7c5c9980a34adc533232ea6b7ce38b3ca3b33851
Samudra_Prahari_Dataset_v2/Detection/images/test/pure_synth_subpipe_0203.jpg,Samudra_Prahari_Dataset_v2/Detection/labels/train/pure_synth_subpipe_0203.txt,pure_synth_subpipe,pure_synth_subpipe_0203,train,train,box,synthetic,pipe,482549882cb68906dcb9273229febd8e0c9da0d33185f3d711c2aacb9bceb1a2
Samudra_Prahari_Dataset_v2/Detection/images/test/pure_synth_subpipe_0204.jpg,Samudra_Prahari_Dataset_v2/Detection/labels/train/pure_synth_subpipe_0204.txt,pure_synth_subpipe,pure_synth_subpipe_0204,test,train,box,synthetic,pipe,9b4442ee36b93a9a681a3498ab73cb4dd5aa84004824d2f4bacd428180048329
Samudra_Prahari_Dataset_v2/Detection/images/test/pure_synth_subpipe_0205.jpg,Samudra_Prahari_Dataset_v2/Detection/labels/train/pure_synth_subpipe_0205.txt,pure_synth_subpipe,pure_synth_subpipe_0205,train,train,box,synthetic,pipe,9aa58c178e0b727369b03191bc67a65a69633ce9846bf9064725f67e9540c5b1
Samudra_Prahari_Dataset_v2/Detection/images/test/pure_synth_subpipe_0206.jpg,Samudra_Prahari_Dataset_v2/Detection/labels/train/pure_synth_subpipe_0206.txt,pure_synth_subpipe,pure_synth_subpipe_0206,test,train,box,synthetic,pipe,6b75f0e967e08549fb0339eb213db7dfc5a80d909cbabfb59fe89bb8e6d089a8
Samudra_Prahari_Dataset_v2/Detection/images/test/pure_synth_subpipe_0207.jpg,Samudra_Prahari_Dataset_v2/Detection/labels/train/pure_synth_subpipe_0207.txt,pure_synth_subpipe,pure_synth_subpipe_0207,train,train,box,synthetic,pipe,d33ff93a177ad56a2064ac9311e1fa0f98bf61e1e2c6d3088886e2cf7229ad0a
Samudra_Prahari_Dataset_v2/Detection/images/test/pure_synth_subpipe_0208.jpg,Samudra_Prahari_Dataset_v2/Detection/labels/train/pure_synth_subpipe_0208.txt,pure_synth_subpipe,pure_synth_subpipe_0208,test,train,box,synthetic,pipe,2309b4bd9ca4ebd8d4c0e4135e66548016c0b765b040d25632922f90023b6db3
Samudra_Prahari_Dataset_v2/Detection/images/test/pure_synth_subpipe_0210.jpg,Samudra_Prahari_Dataset_v2/Detection/labels/train/pure_synth_subpipe_0210.txt,pure_synth_subpipe,pure_synth_subpipe_0210,train,train,box,synthetic,pipe,24220ae112cc7494386f16d57b397c462736ec71f0e54127768ca5527188ccee
Samudra_Prahari_Dataset_v2/Detection/images/test/pure_synth_subpipe_0211.jpg,Samudra_Prahari_Dataset_v2/Detection/labels/train/pure_synth_subpipe_0211.txt,pure_synth_subpipe,pure_synth_subpipe_0211,train,train,box,synthetic,pipe,1153d518cd0f0218b452039f1777ee0bda842fe7dde111b72517c7f2d56453a6
Samudra_Prahari_Dataset_v2/Detection/images/test/pure_synth_subpipe_0212.jpg,Samudra_Prahari_Dataset_v2/Detection/labels/train/pure_synth_subpipe_0212.txt,pure_synth_subpipe,pure_synth_subpipe_0212,train,train,box,synthetic,pipe,bff35ed0f667be772f353a01dab125b5612541a44fb71ffc123ad4fe6c63d6e9
Samudra_Prahari_Dataset_v2/Detection/images/test/pure_synth_subpipe_0213.jpg,Samudra_Prahari_Dataset_v2/Detection/labels/train/pure_synth_subpipe_0213.txt,pure_synth_subpipe,pure_synth_subpipe_0213,train,train,box,synthetic,pipe,b72e635eb03069bab5e0aa44a2e04d4386bf1bcaa023a2ab05a4e4924f977e08
Samudra_Prahari_Dataset_v2/Detection/images/test/pure_synth_subpipe_0215.jpg,Samudra_Prahari_Dataset_v2/Detection/labels/train/pure_synth_subpipe_0215.txt,pure_synth_subpipe,pure_synth_subpipe_0215,train,train,box,synthetic,pipe,101efed455268dfd5cb4ff6032178798df927ec0d2db399b0f70fdee5199afcd
Samudra_Prahari_Dataset_v2/Detection/images/test/pure_synth_subpipe_0216.jpg,Samudra_Prahari_Dataset_v2/Detection/labels/train/pure_synth_subpipe_0216.txt,pure_synth_subpipe,pure_synth_subpipe_0216,train,train,box,synthetic,pipe,f71a2795fa93121b599748c298e665cabc817f4af9b2c263fa2098e0889ab7fd
Samudra_Prahari_Dataset_v2/Detection/images/test/pure_synth_subpipe_0217.jpg,Samudra_Prahari_Dataset_v2/Detection/labels/train/pure_synth_subpipe_0217.txt,pure_synth_subpipe,pure_synth_subpipe_0217,test,train,box,synthetic,pipe,02f9eccdc0c9948be8c60f7e3b1b4d868a5b54a668e3ac6b9a14f4b34326766e
Samudra_Prahari_Dataset_v2/Detection/images/test/pure_synth_subpipe_0218.jpg,Samudra_Prahari_Dataset_v2/Detection/labels/train/pure_synth_subpipe_0218.txt,pure_synth_subpipe,pure_synth_subpipe_0218,train,train,box,synthetic,pipe,83d839e63d97a3335e02104cbdf0ee0b22810c3ec468e640959013583d177b03
Samudra_Prahari_Dataset_v2/Detection/images/test/pure_synth_subpipe_0219.jpg,Samudra_Prahari_Dataset_v2/Detection/labels/train/pure_synth_subpipe_0219.txt,pure_synth_subpipe,pure_synth_subpipe_0219,train,train,box,synthetic,pipe,cd089d3aafff03d23abb30c7fe0ce739c3c6d699486e6af0ebedf12526ea2649
Samudra_Prahari_Dataset_v2/Detection/images/test/pure_synth_subpipe_0220.jpg,Samudra_Prahari_Dataset_v2/Detection/labels/train/pure_synth_subpipe_0220.txt,pure_synth_subpipe,pure_synth_subpipe_0220,train,train,box,synthetic,pipe,22f10d5a96e5abfdae23fa16478a52bfe419b639c2070d48acb64e7bc6c89bee
Samudra_Prahari_Dataset_v2/Detection/images/test/pure_synth_subpipe_0221.jpg,Samudra_Prahari_Dataset_v2/Detection/labels/train/pure_synth_subpipe_0221.txt,pure_synth_subpipe,pure_synth_subpipe_0221,train,train,box,synthetic,pipe,b4b9ea27de37b5837a0e0e291d6db1e0e158df8e4cd1b35b530bfb9f5b3d57f5
Samudra_Prahari_Dataset_v2/Detection/images/test/pure_synth_subpipe_0222.jpg,Samudra_Prahari_Dataset_v2/Detection/labels/train/pure_synth_subpipe_0222.txt,pure_synth_subpipe,pure_synth_subpipe_0222,train,train,box,synthetic,pipe,5489fc1b3aa8b9a950dd3ddc2aec2c612d24becedfec0533f5ad4bbbbc204443
Samudra_Prahari_Dataset_v2/Detection/images/test/pure_synth_subpipe_0223.jpg,Samudra_Prahari_Dataset_v2/Detection/labels/train/pure_synth_subpipe_0223.txt,pure_synth_subpipe,pure_synth_subpipe_0223,train,train,box,synthetic,pipe,eacd67318e9e361b90fae26af6ee38821b7e5ed4d9e5ab97eb0ef3cdb30b2d10
Samudra_Prahari_Dataset_v2/Detection/images/test/pure_synth_subpipe_0224.jpg,Samudra_Prahari_Dataset_v2/Detection/labels/train/pure_synth_subpipe_0224.txt,pure_synth_subpipe,pure_synth_subpipe_0224,train,train,box,synthetic,pipe,f9cd1b1e357ee18e7bad8a27549d8dc8dece5fe8476de7836294dbf020c7fd2f
Samudra_Prahari_Dataset_v2/Detection/images/test/pure_synth_subpipe_0225.jpg,Samudra_Prahari_Dataset_v2/Detection/labels/train/pure_synth_subpipe_0225.txt,pure_synth_subpipe,pure_synth_subpipe_0225,train,train,box,synthetic,pipe,e8743f23b5e425a22251956077422c4ba50b7e283c66f57fa6eeb25502c8c9dd
Samudra_Prahari_Dataset_v2/Detection/images/test/pure_synth_subpipe_0226.jpg,Samudra_Prahari_Dataset_v2/Detection/labels/train/pure_synth_subpipe_0226.txt,pure_synth_subpipe,pure_synth_subpipe_0226,train,train,box,synthetic,pipe,33c0d56109a3b9ae8fe3c0abd88b92ed32c5eae7c762f4d19fc8732c7c66c9b6
Samudra_Prahari_Dataset_v2/Detection/images/test/pure_synth_subpipe_0228.jpg,Samudra_Prahari_Dataset_v2/Detection/labels/train/pure_synth_subpipe_0228.txt,pure_synth_subpipe,pure_synth_subpipe_0228,val,train,box,synthetic,pipe,7101c0af67e8d0fe557a4b9345ed5bb1d3be282947bb03eb0767799b35a7cdbf
Samudra_Prahari_Dataset_v2/Detection/images/test/pure_synth_subpipe_0230.jpg,Samudra_Prahari_Dataset_v2/Detection/labels/train/pure_synth_subpipe_0230.txt,pure_synth_subpipe,pure_synth_subpipe_0230,train,train,box,synthetic,pipe,5f3220fbb54dd40c2bb9d70290859f49d6109112990be6218bacf50bda73783c
Samudra_Prahari_Dataset_v2/Detection/images/test/pure_synth_subpipe_0232.jpg,Samudra_Prahari_Dataset_v2/Detection/labels/train/pure_synth_subpipe_0232.txt,pure_synth_subpipe,pure_synth_subpipe_0232,train,train,box,synthetic,pipe,c7737b72c396e8ff33eeeaf7821d92e6c77a3dda0a945a471cb02501c0098504
Samudra_Prahari_Dataset_v2/Detection/images/test/pure_synth_subpipe_0233.jpg,Samudra_Prahari_Dataset_v2/Detection/labels/train/pure_synth_subpipe_0233.txt,pure_synth_subpipe,pure_synth_subpipe_0233,train,train,box,synthetic,pipe,596c5534bba789e27c0bbecdad54493adbd1dc1a673cd4b42e2e7808468f2189
Samudra_Prahari_Dataset_v2/Detection/images/test/pure_synth_subpipe_0234.jpg,Samudra_Prahari_Dataset_v2/Detection/labels/train/pure_synth_subpipe_0234.txt,pure_synth_subpipe,pure_synth_subpipe_0234,test,train,box,synthetic,pipe,7bff0e0993147d69ecaf4a1c24287618c9c1347d4e004542a98da3e7f31a7b67
Samudra_Prahari_Dataset_v2/Detection/images/test/pure_synth_subpipe_0235.jpg,Samudra_Prahari_Dataset_v2/Detection/labels/train/pure_synth_subpipe_0235.txt,pure_synth_subpipe,pure_synth_subpipe_0235,test,train,box,synthetic,pipe,2b5281005c529be76bd58392ad405999c8bddc34d7a9d5d5585d8e848e91ede3
Samudra_Prahari_Dataset_v2/Detection/images/test/pure_synth_subpipe_0236.jpg,Samudra_Prahari_Dataset_v2/Detection/labels/train/pure_synth_subpipe_0236.txt,pure_synth_subpipe,pure_synth_subpipe_0236,train,train,box,synthetic,pipe,378a0549d29db41203d27047cf8e817b913d4ca2a551b1204daf75e41aa33164
Samudra_Prahari_Dataset_v2/Detection/images/test/pure_synth_subpipe_0238.jpg,Samudra_Prahari_Dataset_v2/Detection/labels/train/pure_synth_subpipe_0238.txt,pure_synth_subpipe,pure_synth_subpipe_0238,val,train,box,synthetic,pipe,160e6c7951ae3de5e20b0c149a57d2603c77bd860349a96585ddf293020c3992
Samudra_Prahari_Dataset_v2/Detection/images/test/pure_synth_subpipe_0239.jpg,Samudra_Prahari_Dataset_v2/Detection/labels/train/pure_synth_subpipe_0239.txt,pure_synth_subpipe,pure_synth_subpipe_0239,train,train,box,synthetic,pipe,dfb5939a677b3b8a0bb09276af8a3392a9c932ce4346d539c7b82d6b1913b950
Samudra_Prahari_Dataset_v2/Detection/images/test/pure_synth_subpipe_0240.jpg,Samudra_Prahari_Dataset_v2/Detection/labels/train/pure_synth_subpipe_0240.txt,pure_synth_subpipe,pure_synth_subpipe_0240,train,train,box,synthetic,pipe,fc8499b99eff22f9de3ad22e1c58ffa8d4dfa2cc6ff77b8844904b81f956fd5f
Samudra_Prahari_Dataset_v2/Detection/images/test/pure_synth_subpipe_0241.jpg,Samudra_Prahari_Dataset_v2/Detection/labels/train/pure_synth_subpipe_0241.txt,pure_synth_subpipe,pure_synth_subpipe_0241,train,train,box,synthetic,pipe,aec930146f83903ec43f960a75a57af77a665de7079f1351da6f4805c8b70cf5
Samudra_Prahari_Dataset_v2/Detection/images/test/pure_synth_subpipe_0242.jpg,Samudra_Prahari_Dataset_v2/Detection/labels/train/pure_synth_subpipe_0242.txt,pure_synth_subpipe,pure_synth_subpipe_0242,val,train,box,synthetic,pipe,477fb4f2ede2cee96e2055f621235023b83ba006c6ecd8dccb3a1b8dac25266e
Samudra_Prahari_Dataset_v2/Detection/images/test/pure_synth_subpipe_0243.jpg,Samudra_Prahari_Dataset_v2/Detection/labels/train/pure_synth_subpipe_0243.txt,pure_synth_subpipe,pure_synth_subpipe_0243,train,train,box,synthetic,pipe,900f98b854aa2a1c33dd0f8055da4a8ed5409bf620e684521eb476496b0c9c59
Samudra_Prahari_Dataset_v2/Detection/images/test/pure_synth_subpipe_0246.jpg,Samudra_Prahari_Dataset_v2/Detection/labels/train/pure_synth_subpipe_0246.txt,pure_synth_subpipe,pure_synth_subpipe_0246,train,train,box,synthetic,pipe,54f108d4c9acc34276b68c85eb8dc283672301af5fb4eb983a3e5a3174c6ca18
Samudra_Prahari_Dataset_v2/Detection/images/test/pure_synth_subpipe_0247.jpg,Samudra_Prahari_Dataset_v2/Detection/labels/train/pure_synth_subpipe_0247.txt,pure_synth_subpipe,pure_synth_subpipe_0247,val,train,box,synthetic,pipe,ad2c3463fc9735ed2622a9f6fad4f45bd2ef95b5a55d7ed28b6f07e46921ad18
Samudra_Prahari_Dataset_v2/Detection/images/test/pure_synth_subpipe_0249.jpg,Samudra_Prahari_Dataset_v2/Detection/labels/train/pure_synth_subpipe_0249.txt,pure_synth_subpipe,pure_synth_subpipe_0249,train,train,box,synthetic,pipe,9ddd4ad2e7503e99be84de68b8672c29c96315c83f50d94125562d72df8b4313
Samudra_Prahari_Dataset_v2/Detection/images/test/pure_synth_subpipe_0250.jpg,Samudra_Prahari_Dataset_v2/Detection/labels/train/pure_synth_subpipe_0250.txt,pure_synth_subpipe,pure_synth_subpipe_0250,train,train,box,synthetic,pipe,07557c462ad60e155afead093642490e1e5d366df501ddcffb064f804814a4cf
Samudra_Prahari_Dataset_v2/Detection/images/test/pure_synth_subpipe_0251.jpg,Samudra_Prahari_Dataset_v2/Detection/labels/train/pure_synth_subpipe_0251.txt,pure_synth_subpipe,pure_synth_subpipe_0251,train,train,box,synthetic,pipe,ac0dfe4faadf8f0a786aa9333b695950102e8cd80fd0ebfff9ffae291c3ea816
Samudra_Prahari_Dataset_v2/Detection/images/test/pure_synth_subpipe_0252.jpg,Samudra_Prahari_Dataset_v2/Detection/labels/train/pure_synth_subpipe_0252.txt,pure_synth_subpipe,pure_synth_subpipe_0252,train,train,box,synthetic,pipe,b5463c4b3e16c3836ef1e473878d2872327eb59ab643b0ff620da9f02bf0192f
Samudra_Prahari_Dataset_v2/Detection/images/test/pure_synth_subpipe_0253.jpg,Samudra_Prahari_Dataset_v2/Detection/labels/train/pure_synth_subpipe_0253.txt,pure_synth_subpipe,pure_synth_subpipe_0253,train,train,box,synthetic,pipe,43265019e3aa56a60078045f51ff6984ac8c7b1be1ba8e1187ea1b9276d6573e
Samudra_Prahari_Dataset_v2/Detection/images/test/pure_synth_subpipe_0255.jpg,Samudra_Prahari_Dataset_v2/Detection/labels/train/pure_synth_subpipe_0255.txt,pure_synth_subpipe,pure_synth_subpipe_0255,train,train,box,synthetic,pipe,de3b7dace220990c382484ab41eaea40d9210edd3e8fc71ba8f5ccec084243c0
Samudra_Prahari_Dataset_v2/Detection/images/test/pure_synth_subpipe_0256.jpg,Samudra_Prahari_Dataset_v2/Detection/labels/train/pure_synth_subpipe_0256.txt,pure_synth_subpipe,pure_synth_subpipe_0256,val,train,box,synthetic,pipe,668038aa27e54600e266a5e4da98019b1c5d70d091a741f3a38bcb0cad1181ff
Samudra_Prahari_Dataset_v2/Detection/images/test/pure_synth_subpipe_0258.jpg,Samudra_Prahari_Dataset_v2/Detection/labels/train/pure_synth_subpipe_0258.txt,pure_synth_subpipe,pure_synth_subpipe_0258,test,train,box,synthetic,pipe,9f48abbee256d63411258618befcf4bd4cd3e71ae686d5518ca69dba00023727
Samudra_Prahari_Dataset_v2/Detection/images/test/pure_synth_subpipe_0259.jpg,Samudra_Prahari_Dataset_v2/Detection/labels/train/pure_synth_subpipe_0259.txt,pure_synth_subpipe,pure_synth_subpipe_0259,train,train,box,synthetic,pipe,4dde61ebf7e46f120de39e97bb3b3fea7c8a4918d728d78306b6331c4ace5d03
Samudra_Prahari_Dataset_v2/Detection/images/test/pure_synth_subpipe_0260.jpg,Samudra_Prahari_Dataset_v2/Detection/labels/train/pure_synth_subpipe_0260.txt,pure_synth_subpipe,pure_synth_subpipe_0260,val,train,box,synthetic,pipe,6d09089120a8c574dd4961c288afccbb548a03c1ce09ab90237b862db7432266
Samudra_Prahari_Dataset_v2/Detection/images/test/pure_synth_subpipe_0261.jpg,Samudra_Prahari_Dataset_v2/Detection/labels/train/pure_synth_subpipe_0261.txt,pure_synth_subpipe,pure_synth_subpipe_0261,train,train,box,synthetic,pipe,a628b88a7587d29635f29dbb22845e3e41135c3e3330c7927c9dab6be2d40385
Samudra_Prahari_Dataset_v2/Detection/images/test/pure_synth_subpipe_0263.jpg,Samudra_Prahari_Dataset_v2/Detection/labels/train/pure_synth_subpipe_0263.txt,pure_synth_subpipe,pure_synth_subpipe_0263,test,train,box,synthetic,pipe,d63fa1711a1bd4c6fcd3e3dd9210411f27bb269cbb187af141f3e25d023c4587
Samudra_Prahari_Dataset_v2/Detection/images/test/pure_synth_subpipe_0265.jpg,Samudra_Prahari_Dataset_v2/Detection/labels/train/pure_synth_subpipe_0265.txt,pure_synth_subpipe,pure_synth_subpipe_0265,train,train,box,synthetic,pipe,0b9b3691eef999608da1b63f2efd797586e3f38d1c54a6a69d2260e83f3f5ff8
Samudra_Prahari_Dataset_v2/Detection/images/test/pure_synth_subpipe_0266.jpg,Samudra_Prahari_Dataset_v2/Detection/labels/train/pure_synth_subpipe_0266.txt,pure_synth_subpipe,pure_synth_subpipe_0266,train,train,box,synthetic,pipe,0fae75c489aad06d796901509d6b36bc58b756eb51d645b4f12a1bf6c6f39351
Samudra_Prahari_Dataset_v2/Detection/images/test/pure_synth_subpipe_0269.jpg,Samudra_Prahari_Dataset_v2/Detection/labels/train/pure_synth_subpipe_0269.txt,pure_synth_subpipe,pure_synth_subpipe_0269,train,train,box,synthetic,pipe,56aa2fc1581efd48bd923ba29c6fbacd7a7b783eb7dd4a004f8d76d7bfbcbddc
Samudra_Prahari_Dataset_v2/Detection/images/test/pure_synth_subpipe_0270.jpg,Samudra_Prahari_Dataset_v2/Detection/labels/train/pure_synth_subpipe_0270.txt,pure_synth_subpipe,pure_synth_subpipe_0270,train,train,box,synthetic,pipe,c73f54fbeb97d7eb10224941e57196b058b06233b8d3ed7bd678b4e435c26771
Samudra_Prahari_Dataset_v2/Detection/images/test/pure_synth_subpipe_0271.jpg,Samudra_Prahari_Dataset_v2/Detection/labels/train/pure_synth_subpipe_0271.txt,pure_synth_subpipe,pure_synth_subpipe_0271,val,train,box,synthetic,pipe,db098665356adf9c79a219c581651089b53be30f296f7f6f2d0712f4afb921e1
Samudra_Prahari_Dataset_v2/Detection/images/test/pure_synth_subpipe_0272.jpg,Samudra_Prahari_Dataset_v2/Detection/labels/train/pure_synth_subpipe_0272.txt,pure_synth_subpipe,pure_synth_subpipe_0272,train,train,box,synthetic,pipe,97aa3179f89418094d0df8c5e92d996692e480376361a9d97960eee070674ceb
Samudra_Prahari_Dataset_v2/Detection/images/test/pure_synth_subpipe_0273.jpg,Samudra_Prahari_Dataset_v2/Detection/labels/train/pure_synth_subpipe_0273.txt,pure_synth_subpipe,pure_synth_subpipe_0273,test,train,box,synthetic,pipe,16b3e609f138f2538b455891ab8e67ccdfbb4eb313bdbafb392fe70a84a233b1
Samudra_Prahari_Dataset_v2/Detection/images/test/pure_synth_subpipe_0274.jpg,Samudra_Prahari_Dataset_v2/Detection/labels/train/pure_synth_subpipe_0274.txt,pure_synth_subpipe,pure_synth_subpipe_0274,train,train,box,synthetic,pipe,b89421bc5d2ff56c28be82deb28c99365304d4619457a623c3a347fe79d63854
Samudra_Prahari_Dataset_v2/Detection/images/test/pure_synth_subpipe_0275.jpg,Samudra_Prahari_Dataset_v2/Detection/labels/train/pure_synth_subpipe_0275.txt,pure_synth_subpipe,pure_synth_subpipe_0275,val,train,box,synthetic,pipe,342d1addd6bb62577ba1d863523bcfae1be1590951ff0df63299cd927b7946d7
Samudra_Prahari_Dataset_v2/Detection/images/test/pure_synth_subpipe_0276.jpg,Samudra_Prahari_Dataset_v2/Detection/labels/train/pure_synth_subpipe_0276.txt,pure_synth_subpipe,pure_synth_subpipe_0276,train,train,box,synthetic,pipe,c3db74888cebbcddae26489d8e8b57c6a97cdf381eb6c9c2c9dc175dc945204e
Samudra_Prahari_Dataset_v2/Detection/images/test/pure_synth_subpipe_0277.jpg,Samudra_Prahari_Dataset_v2/Detection/labels/train/pure_synth_subpipe_0277.txt,pure_synth_subpipe,pure_synth_subpipe_0277,train,train,box,synthetic,pipe,0351d3d6db720f51b566f92e8b4e74e216cc715a08b3c12ef4ca1063c6f90faa
Samudra_Prahari_Dataset_v2/Detection/images/test/pure_synth_subpipe_0278.jpg,Samudra_Prahari_Dataset_v2/Detection/labels/train/pure_synth_subpipe_0278.txt,pure_synth_subpipe,pure_synth_subpipe_0278,val,train,box,synthetic,pipe,e518bd61e84c5528940d65b8d168575ab72408159de696bf55891519339b8b15
Samudra_Prahari_Dataset_v2/Detection/images/test/pure_synth_subpipe_0279.jpg,Samudra_Prahari_Dataset_v2/Detection/labels/train/pure_synth_subpipe_0279.txt,pure_synth_subpipe,pure_synth_subpipe_0279,train,train,box,synthetic,pipe,2efc6c29a67f562edbaff2ac708c215c3f54d974012ae7cd083eddd5e478b947
Samudra_Prahari_Dataset_v2/Detection/images/test/pure_synth_subpipe_0280.jpg,Samudra_Prahari_Dataset_v2/Detection/labels/train/pure_synth_subpipe_0280.txt,pure_synth_subpipe,pure_synth_subpipe_0280,train,train,box,synthetic,pipe,9a9b02137b4bb490b41061d592e3510af3d53798473512581eb2a70d492dc05f
Samudra_Prahari_Dataset_v2/Detection/images/test/pure_synth_subpipe_0281.jpg,Samudra_Prahari_Dataset_v2/Detection/labels/train/pure_synth_subpipe_0281.txt,pure_synth_subpipe,pure_synth_subpipe_0281,val,train,box,synthetic,pipe,ea94900e4330d4964075369f0292eaac275e87d40eb040dc99f7a97fff808f4d
Samudra_Prahari_Dataset_v2/Detection/images/test/pure_synth_subpipe_0283.jpg,Samudra_Prahari_Dataset_v2/Detection/labels/train/pure_synth_subpipe_0283.txt,pure_synth_subpipe,pure_synth_subpipe_0283,train,train,box,synthetic,pipe,8b5aafa3829ded32ae4e51660637865bef6199266248742b13017beb902eb812
Samudra_Prahari_Dataset_v2/Detection/images/test/pure_synth_subpipe_0284.jpg,Samudra_Prahari_Dataset_v2/Detection/labels/train/pure_synth_subpipe_0284.txt,pure_synth_subpipe,pure_synth_subpipe_0284,train,train,box,synthetic,pipe,b5c1c3821271664c3185bfec0e6f9ab46f63c3aa812b71f5277ef8bb0d75045c
Samudra_Prahari_Dataset_v2/Detection/images/test/pure_synth_subpipe_0285.jpg,Samudra_Prahari_Dataset_v2/Detection/labels/train/pure_synth_subpipe_0285.txt,pure_synth_subpipe,pure_synth_subpipe_0285,train,train,box,synthetic,pipe,dfdaa5b110f781e90403696cf41e1cdb21d5480f1b7ef6ad1863e2d6ffaf30b2
Samudra_Prahari_Dataset_v2/Detection/images/test/pure_synth_subpipe_0286.jpg,Samudra_Prahari_Dataset_v2/Detection/labels/train/pure_synth_subpipe_0286.txt,pure_synth_subpipe,pure_synth_subpipe_0286,val,train,box,synthetic,pipe,8203708bab5947e22dfebcd7051dcbf3f8211febba30eadd380e1674d10fe37f
Samudra_Prahari_Dataset_v2/Detection/images/test/pure_synth_subpipe_0287.jpg,Samudra_Prahari_Dataset_v2/Detection/labels/train/pure_synth_subpipe_0287.txt,pure_synth_subpipe,pure_synth_subpipe_0287,val,train,box,synthetic,pipe,a37c02b423c2e076ac76fc1972117fccda77469c8bbd2516940653e833f4dcf2
Samudra_Prahari_Dataset_v2/Detection/images/test/pure_synth_subpipe_0289.jpg,Samudra_Prahari_Dataset_v2/Detection/labels/train/pure_synth_subpipe_0289.txt,pure_synth_subpipe,pure_synth_subpipe_0289,val,train,box,synthetic,pipe,6446b57628be5e9e879113189635e9998d4a8ee667f8c3e2096708cd25c08c34
Samudra_Prahari_Dataset_v2/Detection/images/test/pure_synth_subpipe_0290.jpg,Samudra_Prahari_Dataset_v2/Detection/labels/train/pure_synth_subpipe_0290.txt,pure_synth_subpipe,pure_synth_subpipe_0290,train,train,box,synthetic,pipe,3a06b555ef3c664fe7b50ec270c195772683c74c985873c30ab19c07c65db014
Samudra_Prahari_Dataset_v2/Detection/images/test/pure_synth_subpipe_0291.jpg,Samudra_Prahari_Dataset_v2/Detection/labels/train/pure_synth_subpipe_0291.txt,pure_synth_subpipe,pure_synth_subpipe_0291,train,train,box,synthetic,pipe,ff80ff45f0661538eb333a3d40a06bae72c5efe309d98e83b72927c17935863a
Samudra_Prahari_Dataset_v2/Detection/images/test/pure_synth_subpipe_0292.jpg,Samudra_Prahari_Dataset_v2/Detection/labels/train/pure_synth_subpipe_0292.txt,pure_synth_subpipe,pure_synth_subpipe_0292,test,train,box,synthetic,pipe,16bc6996af214b25c2a907bed37331387de6ee7df027f85b66033f951a7a06ac
Samudra_Prahari_Dataset_v2/Detection/images/test/pure_synth_subpipe_0293.jpg,Samudra_Prahari_Dataset_v2/Detection/labels/train/pure_synth_subpipe_0293.txt,pure_synth_subpipe,pure_synth_subpipe_0293,train,train,box,synthetic,pipe,b819d4308ac30e2bf4557d29ff4e7e4b499520acfc3d589d86dff4ff996ab67b
Samudra_Prahari_Dataset_v2/Detection/images/test/pure_synth_subpipe_0294.jpg,Samudra_Prahari_Dataset_v2/Detection/labels/train/pure_synth_subpipe_0294.txt,pure_synth_subpipe,pure_synth_subpipe_0294,train,train,box,synthetic,pipe,abde00346477baf6913999a323c94a83f61953e3f82c428c9ac97a4269704d5b
Samudra_Prahari_Dataset_v2/Detection/images/test/pure_synth_subpipe_0295.jpg,Samudra_Prahari_Dataset_v2/Detection/labels/train/pure_synth_subpipe_0295.txt,pure_synth_subpipe,pure_synth_subpipe_0295,test,train,box,synthetic,pipe,f140b4111492b287a6af1c441a017cefccf674ef4960f57934079fb1a57207e8
Samudra_Prahari_Dataset_v2/Detection/images/test/pure_synth_subpipe_0297.jpg,Samudra_Prahari_Dataset_v2/Detection/labels/train/pure_synth_subpipe_0297.txt,pure_synth_subpipe,pure_synth_subpipe_0297,train,train,box,synthetic,pipe,392644e9ae6046cad614027889e7941e8cc45ae64d3d87540ca554b63b5267c4
Samudra_Prahari_Dataset_v2/Detection/images/test/pure_synth_subpipe_0298.jpg,Samudra_Prahari_Dataset_v2/Detection/labels/train/pure_synth_subpipe_0298.txt,pure_synth_subpipe,pure_synth_subpipe_0298,train,train,box,synthetic,pipe,83b44fc4d1e5b5437c8a7bceeb7fbe983e5e3c3bbf4553c7fbfae98ca1572936
Samudra_Prahari_Dataset_v2/Detection/images/test/pure_synth_uatd_0001.jpg,Samudra_Prahari_Dataset_v2/Detection/labels/train/pure_synth_uatd_0001.txt,pure_synth_uatd,pure_synth_uatd_0001,train,train,box,synthetic,cylinder,e331662da5b33e4b3fe0f411b71e23076757a083fc5fdfed82692489e876efbd
Samudra_Prahari_Dataset_v2/Detection/images/test/pure_synth_uatd_0002.jpg,Samudra_Prahari_Dataset_v2/Detection/labels/train/pure_synth_uatd_0002.txt,pure_synth_uatd,pure_synth_uatd_0002,train,train,box,synthetic,cylinder,610b06299efdcdf1d839a573076dfdd81b9403badcd375a0c168e685a685df27
Samudra_Prahari_Dataset_v2/Detection/images/test/pure_synth_uatd_0003.jpg,Samudra_Prahari_Dataset_v2/Detection/labels/train/pure_synth_uatd_0003.txt,pure_synth_uatd,pure_synth_uatd_0003,train,train,box,synthetic,cylinder,33c5e42daef9334edd1702ae202302d7f91d501bfe28206e4ab3cf56579c95ed
Samudra_Prahari_Dataset_v2/Detection/images/test/pure_synth_uatd_0004.jpg,Samudra_Prahari_Dataset_v2/Detection/labels/train/pure_synth_uatd_0004.txt,pure_synth_uatd,pure_synth_uatd_0004,train,train,box,synthetic,cylinder,0c89197970453bdc030b17bf0b6cf9886ec7767a00bbde9bf966d9b3bbb0683f
Samudra_Prahari_Dataset_v2/Detection/images/test/pure_synth_uatd_0006.jpg,Samudra_Prahari_Dataset_v2/Detection/labels/train/pure_synth_uatd_0006.txt,pure_synth_uatd,pure_synth_uatd_0006,test,train,box,synthetic,cylinder,36635f20df85da219aa8dc5525c5f7a6c419a7b20b14cc64bca1fa8f13ceb7f4
Samudra_Prahari_Dataset_v2/Detection/images/test/pure_synth_uatd_0007.jpg,Samudra_Prahari_Dataset_v2/Detection/labels/train/pure_synth_uatd_0007.txt,pure_synth_uatd,pure_synth_uatd_0007,train,train,box,synthetic,cylinder,d2672d89cd154a808266ebe1f02750ae1c78d7cc132156cf7d073825732597ce
Samudra_Prahari_Dataset_v2/Detection/images/test/pure_synth_uatd_0008.jpg,Samudra_Prahari_Dataset_v2/Detection/labels/train/pure_synth_uatd_0008.txt,pure_synth_uatd,pure_synth_uatd_0008,test,train,box,synthetic,cylinder,ffdde343fb90de69447ade53827a56aab76d14e6d6ba6ecdb8032a3224e472d0
Samudra_Prahari_Dataset_v2/Detection/images/test/pure_synth_uatd_0009.jpg,Samudra_Prahari_Dataset_v2/Detection/labels/train/pure_synth_uatd_0009.txt,pure_synth_uatd,pure_synth_uatd_0009,test,train,box,synthetic,cylinder,24d1041dc26162bbd14754b8ce0c4696a19ca7b6e2f3f39abbcb6d7842563d7a
Samudra_Prahari_Dataset_v2/Detection/images/test/pure_synth_uatd_0010.jpg,Samudra_Prahari_Dataset_v2/Detection/labels/train/pure_synth_uatd_0010.txt,pure_synth_uatd,pure_synth_uatd_0010,train,train,box,synthetic,cylinder,916fc36b719c27fb27ac450afa6e4b95bb1122e65cea6f8881151b470e2e955d
Samudra_Prahari_Dataset_v2/Detection/images/test/pure_synth_uatd_0011.jpg,Samudra_Prahari_Dataset_v2/Detection/labels/train/pure_synth_uatd_0011.txt,pure_synth_uatd,pure_synth_uatd_0011,val,train,box,synthetic,cylinder,bd2cd4c478d606195822cc75741c898ed813379e96119a394841c736c869b707
Samudra_Prahari_Dataset_v2/Detection/images/test/pure_synth_uatd_0012.jpg,Samudra_Prahari_Dataset_v2/Detection/labels/train/pure_synth_uatd_0012.txt,pure_synth_uatd,pure_synth_uatd_0012,val,train,box,synthetic,cylinder,42d59f5d5cd62a26299d247787fe3054528b66f96e13024d34c7d51721353800
Samudra_Prahari_Dataset_v2/Detection/images/test/pure_synth_uatd_0013.jpg,Samudra_Prahari_Dataset_v2/Detection/labels/train/pure_synth_uatd_0013.txt,pure_synth_uatd,pure_synth_uatd_0013,train,train,box,synthetic,cylinder,d6260e599f9ad30b3b2d8158086794cc0615b8c86896e8c3df1f3101dbd5d119
Samudra_Prahari_Dataset_v2/Detection/images/test/pure_synth_uatd_0015.jpg,Samudra_Prahari_Dataset_v2/Detection/labels/train/pure_synth_uatd_0015.txt,pure_synth_uatd,pure_synth_uatd_0015,train,train,box,synthetic,cylinder,392e67a5388947564c06fe60dbd988e347238121ea761ec1dbc403a1a04b457f
Samudra_Prahari_Dataset_v2/Detection/images/test/pure_synth_uatd_0017.jpg,Samudra_Prahari_Dataset_v2/Detection/labels/train/pure_synth_uatd_0017.txt,pure_synth_uatd,pure_synth_uatd_0017,train,train,box,synthetic,cylinder,a91e13be1287f59f17fa1a58dbb3060462699b50df3d0bf70a3799f14f23a2e0
Samudra_Prahari_Dataset_v2/Detection/images/test/pure_synth_uatd_0018.jpg,Samudra_Prahari_Dataset_v2/Detection/labels/train/pure_synth_uatd_0018.txt,pure_synth_uatd,pure_synth_uatd_0018,train,train,box,synthetic,cylinder,c61ff96788f5b49f72c7145a4d3a3c0b5e07c09ae2784e21c427ca09c788dc68
Samudra_Prahari_Dataset_v2/Detection/images/test/pure_synth_uatd_0019.jpg,Samudra_Prahari_Dataset_v2/Detection/labels/train/pure_synth_uatd_0019.txt,pure_synth_uatd,pure_synth_uatd_0019,train,train,box,synthetic,cylinder,8edd5b136e3c85b5a39cfaa68cc53e1d1d0440dfaf583c5e3ddc4c94584fd4de
Samudra_Prahari_Dataset_v2/Detection/images/test/pure_synth_uatd_0021.jpg,Samudra_Prahari_Dataset_v2/Detection/labels/train/pure_synth_uatd_0021.txt,pure_synth_uatd,pure_synth_uatd_0021,train,train,box,synthetic,cylinder,d678683774ae9100ca326470eba217be97018a1761cec906301323b56043a422
Samudra_Prahari_Dataset_v2/Detection/images/test/pure_synth_uatd_0022.jpg,Samudra_Prahari_Dataset_v2/Detection/labels/train/pure_synth_uatd_0022.txt,pure_synth_uatd,pure_synth_uatd_0022,test,train,box,synthetic,cylinder,4db9cb4a8d79f4a3c7c57a6ae68415cab3a82576bf9a4bdf24517c7bb2f584e8
Samudra_Prahari_Dataset_v2/Detection/images/test/pure_synth_uatd_0023.jpg,Samudra_Prahari_Dataset_v2/Detection/labels/train/pure_synth_uatd_0023.txt,pure_synth_uatd,pure_synth_uatd_0023,train,train,box,synthetic,cylinder,2102fabb8b73b440a6aa7a1880ad9fc051b2d67dd9502f625fe70f2f9b851fe2
Samudra_Prahari_Dataset_v2/Detection/images/test/pure_synth_uatd_0025.jpg,Samudra_Prahari_Dataset_v2/Detection/labels/train/pure_synth_uatd_0025.txt,pure_synth_uatd,pure_synth_uatd_0025,train,train,box,synthetic,cylinder,1dfc31d6fcf1ce4801844873846149a873941478dd4fca5bb75808440d3dfcdf
Samudra_Prahari_Dataset_v2/Detection/images/test/pure_synth_uatd_0026.jpg,Samudra_Prahari_Dataset_v2/Detection/labels/train/pure_synth_uatd_0026.txt,pure_synth_uatd,pure_synth_uatd_0026,train,train,box,synthetic,cylinder,989e175dab48f03fde3ebd475c82d41043d938c81f0d6913c5c3898f824a8c2f
Samudra_Prahari_Dataset_v2/Detection/images/test/pure_synth_uatd_0027.jpg,Samudra_Prahari_Dataset_v2/Detection/labels/train/pure_synth_uatd_0027.txt,pure_synth_uatd,pure_synth_uatd_0027,test,train,box,synthetic,cylinder,d7b6b5e49375a8d53b055615b121f1b241f75479807f56911e16fe46737550cf
Samudra_Prahari_Dataset_v2/Detection/images/test/pure_synth_uatd_0028.jpg,Samudra_Prahari_Dataset_v2/Detection/labels/train/pure_synth_uatd_0028.txt,pure_synth_uatd,pure_synth_uatd_0028,train,train,box,synthetic,cylinder,29589b0d20e1cbabb521e8f0a4bafe360d6011f7e4b35ce4808ca15f9e9e6aca
Samudra_Prahari_Dataset_v2/Detection/images/test/pure_synth_uatd_0029.jpg,Samudra_Prahari_Dataset_v2/Detection/labels/train/pure_synth_uatd_0029.txt,pure_synth_uatd,pure_synth_uatd_0029,train,train,box,synthetic,cylinder,fa3e11772339f72e494e4964d72fe562bc994a55d58775379bb162fdc0ee12d2
Samudra_Prahari_Dataset_v2/Detection/images/test/pure_synth_uatd_0030.jpg,Samudra_Prahari_Dataset_v2/Detection/labels/train/pure_synth_uatd_0030.txt,pure_synth_uatd,pure_synth_uatd_0030,train,train,box,synthetic,cylinder,fcda4c1b6a64a71098729a524f6652d598dcdc12faf88de9b95b04081c8f6a22
Samudra_Prahari_Dataset_v2/Detection/images/test/pure_synth_uatd_0032.jpg,Samudra_Prahari_Dataset_v2/Detection/labels/train/pure_synth_uatd_0032.txt,pure_synth_uatd,pure_synth_uatd_0032,train,train,box,synthetic,cylinder,da647db791226d13f1b9f339a98f931888fe9138498cfab6cd67df1b120a2261
Samudra_Prahari_Dataset_v2/Detection/images/test/pure_synth_uatd_0033.jpg,Samudra_Prahari_Dataset_v2/Detection/labels/train/pure_synth_uatd_0033.txt,pure_synth_uatd,pure_synth_uatd_0033,test,train,box,synthetic,cylinder,7dae6dd2b8f100138de5d350ef0bff91711909df3f2eec3c1ac5743fec2b3a86
Samudra_Prahari_Dataset_v2/Detection/images/test/pure_synth_uatd_0034.jpg,Samudra_Prahari_Dataset_v2/Detection/labels/train/pure_synth_uatd_0034.txt,pure_synth_uatd,pure_synth_uatd_0034,test,train,box,synthetic,cylinder,14597f7ecd0561af31f7e81edd11fd828eb8d8dccae1f61e4b784d21652f1d4d
Samudra_Prahari_Dataset_v2/Detection/images/test/pure_synth_uatd_0036.jpg,Samudra_Prahari_Dataset_v2/Detection/labels/train/pure_synth_uatd_0036.txt,pure_synth_uatd,pure_synth_uatd_0036,test,train,box,synthetic,cylinder,9b9151ae467655dde3957a84031a7e627d6470280e5168ec77435c76e1f4f206
Samudra_Prahari_Dataset_v2/Detection/images/test/pure_synth_uatd_0037.jpg,Samudra_Prahari_Dataset_v2/Detection/labels/train/pure_synth_uatd_0037.txt,pure_synth_uatd,pure_synth_uatd_0037,train,train,box,synthetic,cylinder,ce4730e67ea5d34c047654c65b5b5122f1fc8cba91c502387bad2fe263b40477
Samudra_Prahari_Dataset_v2/Detection/images/test/pure_synth_uatd_0038.jpg,Samudra_Prahari_Dataset_v2/Detection/labels/train/pure_synth_uatd_0038.txt,pure_synth_uatd,pure_synth_uatd_0038,train,train,box,synthetic,cylinder,74bac313fe4e25ee96090357dada44bc444eb7890e678c4a8b8bf383de669a08
Samudra_Prahari_Dataset_v2/Detection/images/test/pure_synth_uatd_0040.jpg,Samudra_Prahari_Dataset_v2/Detection/labels/train/pure_synth_uatd_0040.txt,pure_synth_uatd,pure_synth_uatd_0040,train,train,box,synthetic,cylinder,9ca40829278260eb1e7e085cf1ab29456015f8e39cc9415bc57d5da3531ea5db
Samudra_Prahari_Dataset_v2/Detection/images/test/pure_synth_uatd_0041.jpg,Samudra_Prahari_Dataset_v2/Detection/labels/train/pure_synth_uatd_0041.txt,pure_synth_uatd,pure_synth_uatd_0041,train,train,box,synthetic,cylinder,cfa6dd292cb7e817d23855f475b1cefe9ee8339d35ae0d219835b5dffa4743f1
Samudra_Prahari_Dataset_v2/Detection/images/test/pure_synth_uatd_0042.jpg,Samudra_Prahari_Dataset_v2/Detection/labels/train/pure_synth_uatd_0042.txt,pure_synth_uatd,pure_synth_uatd_0042,train,train,box,synthetic,cylinder,1edf61791e5d508ef23456fd606cd866baac51efb5724898270a15440ddce5e3
Samudra_Prahari_Dataset_v2/Detection/images/test/pure_synth_uatd_0043.jpg,Samudra_Prahari_Dataset_v2/Detection/labels/train/pure_synth_uatd_0043.txt,pure_synth_uatd,pure_synth_uatd_0043,train,train,box,synthetic,cylinder,7dc9583995472b3a2844735ffa179a530fc842b40a9aed27b3d4bb2d344394b3
Samudra_Prahari_Dataset_v2/Detection/images/test/pure_synth_uatd_0045.jpg,Samudra_Prahari_Dataset_v2/Detection/labels/train/pure_synth_uatd_0045.txt,pure_synth_uatd,pure_synth_uatd_0045,train,train,box,synthetic,cylinder,0527789fc0088b910932eb816cdd53a50729fe083bdfda9f5ae3d38950dc5bf1
Samudra_Prahari_Dataset_v2/Detection/images/test/pure_synth_uatd_0046.jpg,Samudra_Prahari_Dataset_v2/Detection/labels/train/pure_synth_uatd_0046.txt,pure_synth_uatd,pure_synth_uatd_0046,val,train,box,synthetic,cylinder,eca5615c396b612b53c40b263d38ecf03e25aa2cf59ba95d6845ac6463333b86
Samudra_Prahari_Dataset_v2/Detection/images/test/pure_synth_uatd_0047.jpg,Samudra_Prahari_Dataset_v2/Detection/labels/train/pure_synth_uatd_0047.txt,pure_synth_uatd,pure_synth_uatd_0047,val,train,box,synthetic,cylinder,9c20e7c29c84508cf6eda075f967b76af000a3a1c9597992a589454003d14442
Samudra_Prahari_Dataset_v2/Detection/images/test/pure_synth_uatd_0048.jpg,Samudra_Prahari_Dataset_v2/Detection/labels/train/pure_synth_uatd_0048.txt,pure_synth_uatd,pure_synth_uatd_0048,train,train,box,synthetic,cylinder,d094aaba5f17ded9db67e780133e76261243d4a5bd261881e5766394c7a97a7c
Samudra_Prahari_Dataset_v2/Detection/images/test/pure_synth_uatd_0049.jpg,Samudra_Prahari_Dataset_v2/Detection/labels/train/pure_synth_uatd_0049.txt,pure_synth_uatd,pure_synth_uatd_0049,train,train,box,synthetic,cylinder,30ceb155df7604e73f3de7e7b8013d50c3632ed949317f5fbe3d05bb3f5b9e68
Samudra_Prahari_Dataset_v2/Detection/images/test/pure_synth_uatd_0052.jpg,Samudra_Prahari_Dataset_v2/Detection/labels/train/pure_synth_uatd_0052.txt,pure_synth_uatd,pure_synth_uatd_0052,train,train,box,synthetic,cylinder,40195444930629a71101b6a1b4e469a87752279c77a471d16414cf00b26c7732
Samudra_Prahari_Dataset_v2/Detection/images/test/pure_synth_uatd_0054.jpg,Samudra_Prahari_Dataset_v2/Detection/labels/train/pure_synth_uatd_0054.txt,pure_synth_uatd,pure_synth_uatd_0054,val,train,box,synthetic,cylinder,bf29e76a35a1d60fcc23aba921d27841e92226fd0dfb1d5f1d4300b76e38f02f
Samudra_Prahari_Dataset_v2/Detection/images/test/pure_synth_uatd_0055.jpg,Samudra_Prahari_Dataset_v2/Detection/labels/train/pure_synth_uatd_0055.txt,pure_synth_uatd,pure_synth_uatd_0055,test,train,box,synthetic,cylinder,342d84345ab1c51aa459984050c16775a1c0646494988551ca2ed6e85ed14d30
Samudra_Prahari_Dataset_v2/Detection/images/test/pure_synth_uatd_0056.jpg,Samudra_Prahari_Dataset_v2/Detection/labels/train/pure_synth_uatd_0056.txt,pure_synth_uatd,pure_synth_uatd_0056,train,train,box,synthetic,cylinder,c546b448affdb5641b55068795aa23e9f8f3dec9f196241741ff67acafe6ae00
Samudra_Prahari_Dataset_v2/Detection/images/test/pure_synth_uatd_0057.jpg,Samudra_Prahari_Dataset_v2/Detection/labels/train/pure_synth_uatd_0057.txt,pure_synth_uatd,pure_synth_uatd_0057,train,train,box,synthetic,cylinder,caff684e67c935d7eeb3a7f8d305b3a9c9d1f9a520c630e502197aede9b2c306
Samudra_Prahari_Dataset_v2/Detection/images/test/pure_synth_uatd_0058.jpg,Samudra_Prahari_Dataset_v2/Detection/labels/train/pure_synth_uatd_0058.txt,pure_synth_uatd,pure_synth_uatd_0058,val,train,box,synthetic,cylinder,716b1ea4e8200a781afddea89138ff4be1913631b15c45bbdaf6e40ad85e7da8
Samudra_Prahari_Dataset_v2/Detection/images/test/pure_synth_uatd_0059.jpg,Samudra_Prahari_Dataset_v2/Detection/labels/train/pure_synth_uatd_0059.txt,pure_synth_uatd,pure_synth_uatd_0059,train,train,box,synthetic,cylinder,fb479d06fc092159e28136e083b999c58bc55e986d56e59efd704820a9a8b19c
Samudra_Prahari_Dataset_v2/Detection/images/test/pure_synth_uatd_0060.jpg,Samudra_Prahari_Dataset_v2/Detection/labels/train/pure_synth_uatd_0060.txt,pure_synth_uatd,pure_synth_uatd_0060,test,train,box,synthetic,cylinder,0eb7a00e0c97119a5a5d1c7187ed9f71108e3ea7772b3ed94a05042b8c33351f
Samudra_Prahari_Dataset_v2/Detection/images/test/pure_synth_uatd_0061.jpg,Samudra_Prahari_Dataset_v2/Detection/labels/train/pure_synth_uatd_0061.txt,pure_synth_uatd,pure_synth_uatd_0061,train,train,box,synthetic,cylinder,fa03e51c105edeed8d7e20aaf62c1ab11f2432d38f37e8a7a326ab1b3bad783d
Samudra_Prahari_Dataset_v2/Detection/images/test/pure_synth_uatd_0062.jpg,Samudra_Prahari_Dataset_v2/Detection/labels/train/pure_synth_uatd_0062.txt,pure_synth_uatd,pure_synth_uatd_0062,train,train,box,synthetic,cylinder,127078afcba2c5e10de02f08f8028a47053704b80f0f3d9223689e4bfc6d9dae
Samudra_Prahari_Dataset_v2/Detection/images/test/pure_synth_uatd_0064.jpg,Samudra_Prahari_Dataset_v2/Detection/labels/train/pure_synth_uatd_0064.txt,pure_synth_uatd,pure_synth_uatd_0064,train,train,box,synthetic,cylinder,c304c378d7f344192dbf63416539202f5241c7008d85beb99192d0fbcf3f7e80
Samudra_Prahari_Dataset_v2/Detection/images/test/pure_synth_uatd_0065.jpg,Samudra_Prahari_Dataset_v2/Detection/labels/train/pure_synth_uatd_0065.txt,pure_synth_uatd,pure_synth_uatd_0065,val,train,box,synthetic,cylinder,ffbc6119044c5348d41a24162824ee50aa93dadb4dd7ba33ba65f3316d455889
Samudra_Prahari_Dataset_v2/Detection/images/test/pure_synth_uatd_0066.jpg,Samudra_Prahari_Dataset_v2/Detection/labels/train/pure_synth_uatd_0066.txt,pure_synth_uatd,pure_synth_uatd_0066,train,train,box,synthetic,cylinder,93fc69b52caa5f689bf2bfa2447597d9311934146197e6633bfa1bd81d060a7c
Samudra_Prahari_Dataset_v2/Detection/images/test/pure_synth_uatd_0067.jpg,Samudra_Prahari_Dataset_v2/Detection/labels/train/pure_synth_uatd_0067.txt,pure_synth_uatd,pure_synth_uatd_0067,val,train,box,synthetic,cylinder,7aa2c381525b2bd3af8f8f9fb5d557a7198b6dc48979d85af479edbcaa722108
Samudra_Prahari_Dataset_v2/Detection/images/test/pure_synth_uatd_0071.jpg,Samudra_Prahari_Dataset_v2/Detection/labels/train/pure_synth_uatd_0071.txt,pure_synth_uatd,pure_synth_uatd_0071,train,train,box,synthetic,cylinder,5ff658426fb250c4589ac2540c4962dca1871607697d37e3e2a6448689a0345e
Samudra_Prahari_Dataset_v2/Detection/images/test/pure_synth_uatd_0072.jpg,Samudra_Prahari_Dataset_v2/Detection/labels/train/pure_synth_uatd_0072.txt,pure_synth_uatd,pure_synth_uatd_0072,train,train,box,synthetic,cylinder,1a1e73cebd72a3d1ce4cb25ea29ecb7b08a2847d1be4ca73b715f5b3c0f247fb
Samudra_Prahari_Dataset_v2/Detection/images/test/pure_synth_uatd_0073.jpg,Samudra_Prahari_Dataset_v2/Detection/labels/train/pure_synth_uatd_0073.txt,pure_synth_uatd,pure_synth_uatd_0073,train,train,box,synthetic,cylinder,9af6a1f58a812acc02928b9337ee20b41d520993150be3b33b965f1ae32f2f53
Samudra_Prahari_Dataset_v2/Detection/images/test/pure_synth_uatd_0074.jpg,Samudra_Prahari_Dataset_v2/Detection/labels/train/pure_synth_uatd_0074.txt,pure_synth_uatd,pure_synth_uatd_0074,train,train,box,synthetic,cylinder,03a152f62412dcda2912d436d9498514a3564c90ccc4ba2f191b872746bbcd77
Samudra_Prahari_Dataset_v2/Detection/images/test/pure_synth_uatd_0075.jpg,Samudra_Prahari_Dataset_v2/Detection/labels/train/pure_synth_uatd_0075.txt,pure_synth_uatd,pure_synth_uatd_0075,train,train,box,synthetic,cylinder,eb4b808069a4dcf8a90b46c32e6731e5685e2c8b39896f8a90f2de5f94ddcd9d
Samudra_Prahari_Dataset_v2/Detection/images/test/pure_synth_uatd_0076.jpg,Samudra_Prahari_Dataset_v2/Detection/labels/train/pure_synth_uatd_0076.txt,pure_synth_uatd,pure_synth_uatd_0076,train,train,box,synthetic,cylinder,68cbe1b1a003dffa2badb32994cc21523d4cde7f31cef507ffe638e873d1593c
Samudra_Prahari_Dataset_v2/Detection/images/test/pure_synth_uatd_0077.jpg,Samudra_Prahari_Dataset_v2/Detection/labels/train/pure_synth_uatd_0077.txt,pure_synth_uatd,pure_synth_uatd_0077,train,train,box,synthetic,cylinder,38b25c390866b1c65397f76d24bcdb9274afd07de6a530621011da17708787f5
Samudra_Prahari_Dataset_v2/Detection/images/test/pure_synth_uatd_0078.jpg,Samudra_Prahari_Dataset_v2/Detection/labels/train/pure_synth_uatd_0078.txt,pure_synth_uatd,pure_synth_uatd_0078,val,train,box,synthetic,cylinder,5db5c68de3bc7b452146515b1e9840588d6dc12d9c08a8a104d1e9834d71b25f
Samudra_Prahari_Dataset_v2/Detection/images/test/pure_synth_uatd_0079.jpg,Samudra_Prahari_Dataset_v2/Detection/labels/train/pure_synth_uatd_0079.txt,pure_synth_uatd,pure_synth_uatd_0079,train,train,box,synthetic,cylinder,c45eb04e2c5633d61bddd8890f5b7554968c5c899c85109bb09a33d180771941
Samudra_Prahari_Dataset_v2/Detection/images/test/pure_synth_uatd_0080.jpg,Samudra_Prahari_Dataset_v2/Detection/labels/train/pure_synth_uatd_0080.txt,pure_synth_uatd,pure_synth_uatd_0080,train,train,box,synthetic,cylinder,e7aabecf31311d802b244e37ab5b78e89dc49b4e23515b0f327c569249e64560
Samudra_Prahari_Dataset_v2/Detection/images/test/pure_synth_uatd_0081.jpg,Samudra_Prahari_Dataset_v2/Detection/labels/train/pure_synth_uatd_0081.txt,pure_synth_uatd,pure_synth_uatd_0081,train,train,box,synthetic,cylinder,94ccc84714a9f3fb234c1d52f1a2b5bfe2fb3d3c8cc64b2159ed2504cfeab3c9
Samudra_Prahari_Dataset_v2/Detection/images/test/pure_synth_uatd_0082.jpg,Samudra_Prahari_Dataset_v2/Detection/labels/train/pure_synth_uatd_0082.txt,pure_synth_uatd,pure_synth_uatd_0082,train,train,box,synthetic,cylinder,32ca5aad072ca0c0e3f483feedb5478fd984443a9f6354307f098488f7a597b6
Samudra_Prahari_Dataset_v2/Detection/images/test/pure_synth_uatd_0083.jpg,Samudra_Prahari_Dataset_v2/Detection/labels/train/pure_synth_uatd_0083.txt,pure_synth_uatd,pure_synth_uatd_0083,train,train,box,synthetic,cylinder,eb6a3e43d5d41bf2e30659a32e122ccd3a1f2f0832faffbdeb4e70117197334f
Samudra_Prahari_Dataset_v2/Detection/images/test/pure_synth_uatd_0084.jpg,Samudra_Prahari_Dataset_v2/Detection/labels/train/pure_synth_uatd_0084.txt,pure_synth_uatd,pure_synth_uatd_0084,test,train,box,synthetic,cylinder,bce651c40cf8f0668b1a9f88e2136c1497265dd12c6cc0d0e56d162107bb3e47
Samudra_Prahari_Dataset_v2/Detection/images/test/pure_synth_uatd_0085.jpg,Samudra_Prahari_Dataset_v2/Detection/labels/train/pure_synth_uatd_0085.txt,pure_synth_uatd,pure_synth_uatd_0085,train,train,box,synthetic,cylinder,8e60afbbcbb0d6a6728f476b0d04450bea910b05bf9bb2d9fb4d9fe0a5ee9b10
Samudra_Prahari_Dataset_v2/Detection/images/test/pure_synth_uatd_0086.jpg,Samudra_Prahari_Dataset_v2/Detection/labels/train/pure_synth_uatd_0086.txt,pure_synth_uatd,pure_synth_uatd_0086,train,train,box,synthetic,cylinder,9963e44b871a9ca5ea3218f85be0a71f9a063cba024715d13b7d2fc520e7f4ae
Samudra_Prahari_Dataset_v2/Detection/images/test/pure_synth_uatd_0088.jpg,Samudra_Prahari_Dataset_v2/Detection/labels/train/pure_synth_uatd_0088.txt,pure_synth_uatd,pure_synth_uatd_0088,train,train,box,synthetic,cylinder,eb7d774c37ab2a499c68eeb2d8cbf0592f64b9263e04a7111f5b2ba411729ea7
Samudra_Prahari_Dataset_v2/Detection/images/test/pure_synth_uatd_0089.jpg,Samudra_Prahari_Dataset_v2/Detection/labels/train/pure_synth_uatd_0089.txt,pure_synth_uatd,pure_synth_uatd_0089,train,train,box,synthetic,cylinder,a10901b5f6c064f0b172c608bc9a2f186dc2c22b72ff36be0c715d36716bbb2e
Samudra_Prahari_Dataset_v2/Detection/images/test/pure_synth_uatd_0090.jpg,Samudra_Prahari_Dataset_v2/Detection/labels/train/pure_synth_uatd_0090.txt,pure_synth_uatd,pure_synth_uatd_0090,val,train,box,synthetic,cylinder,1ccac2e1451b1155d834c8e51e0e1a3cb7909ffd752e2fea95ad41ea67a8426f
Samudra_Prahari_Dataset_v2/Detection/images/test/pure_synth_uatd_0092.jpg,Samudra_Prahari_Dataset_v2/Detection/labels/train/pure_synth_uatd_0092.txt,pure_synth_uatd,pure_synth_uatd_0092,train,train,box,synthetic,cylinder,15fa1aa957251ad9ad6653a2c2d2b920e068692c93013ed1add344e179bc18dc
Samudra_Prahari_Dataset_v2/Detection/images/test/pure_synth_uatd_0093.jpg,Samudra_Prahari_Dataset_v2/Detection/labels/train/pure_synth_uatd_0093.txt,pure_synth_uatd,pure_synth_uatd_0093,train,train,box,synthetic,cylinder,0706618f279bbb5bea1539d613f8ff1c09ae20190c977cb9fb0635000ac613ed
Samudra_Prahari_Dataset_v2/Detection/images/test/pure_synth_uatd_0097.jpg,Samudra_Prahari_Dataset_v2/Detection/labels/train/pure_synth_uatd_0097.txt,pure_synth_uatd,pure_synth_uatd_0097,train,train,box,synthetic,cylinder,b29f87f81bf0788eb2b9099c2f848c6757a89c0399773e737efc2bc8c6aef7c6
Samudra_Prahari_Dataset_v2/Detection/images/test/pure_synth_uatd_0098.jpg,Samudra_Prahari_Dataset_v2/Detection/labels/train/pure_synth_uatd_0098.txt,pure_synth_uatd,pure_synth_uatd_0098,train,train,box,synthetic,cylinder,f96df0a529c0c01c0b5b6b39c9372aa8285255f1bca9185180433217e22b6a0e
Samudra_Prahari_Dataset_v2/Detection/images/test/pure_synth_uatd_0099.jpg,Samudra_Prahari_Dataset_v2/Detection/labels/train/pure_synth_uatd_0099.txt,pure_synth_uatd,pure_synth_uatd_0099,train,train,box,synthetic,cylinder,e36ab4391d7d711606e8b9034c275b53fc9192596fb7c7be58da88428639f822
Samudra_Prahari_Dataset_v2/Detection/images/test/pure_synth_uatd_0100.jpg,Samudra_Prahari_Dataset_v2/Detection/labels/train/pure_synth_uatd_0100.txt,pure_synth_uatd,pure_synth_uatd_0100,test,train,box,synthetic,cylinder,7063523b1763a7b1b7dc9054a0292fe336f1239d3cca742cfbedb33d48b40f96
Samudra_Prahari_Dataset_v2/Detection/images/test/pure_synth_uatd_0101.jpg,Samudra_Prahari_Dataset_v2/Detection/labels/train/pure_synth_uatd_0101.txt,pure_synth_uatd,pure_synth_uatd_0101,train,train,box,synthetic,cylinder,3b9cd57eaee747d92c9787f69f97b2a9bb636b5f15cd61ccc4faa8e1991a4114
Samudra_Prahari_Dataset_v2/Detection/images/test/pure_synth_uatd_0103.jpg,Samudra_Prahari_Dataset_v2/Detection/labels/train/pure_synth_uatd_0103.txt,pure_synth_uatd,pure_synth_uatd_0103,train,train,box,synthetic,cylinder,b861a4154d470890ddea25aff5e29c1e86cbacdf1726c418cd6f7c3c27b26f4d
Samudra_Prahari_Dataset_v2/Detection/images/test/pure_synth_uatd_0104.jpg,Samudra_Prahari_Dataset_v2/Detection/labels/train/pure_synth_uatd_0104.txt,pure_synth_uatd,pure_synth_uatd_0104,test,train,box,synthetic,cylinder,a7f60e20de2eb4e7b79e503821eea8ce1b09731d85980f021cd73ded635fa984
Samudra_Prahari_Dataset_v2/Detection/images/test/pure_synth_uatd_0105.jpg,Samudra_Prahari_Dataset_v2/Detection/labels/train/pure_synth_uatd_0105.txt,pure_synth_uatd,pure_synth_uatd_0105,train,train,box,synthetic,cylinder,0ae6acde88a6737373aaf5933fd719af262f82d9f78a2251c81e5067bb4e877e
Samudra_Prahari_Dataset_v2/Detection/images/test/pure_synth_uatd_0106.jpg,Samudra_Prahari_Dataset_v2/Detection/labels/train/pure_synth_uatd_0106.txt,pure_synth_uatd,pure_synth_uatd_0106,train,train,box,synthetic,cylinder,ce3f218ad9af87584902a4fae3dcd07a3ca2e7dc178f04e1b9c08f2fb3ddae35
Samudra_Prahari_Dataset_v2/Detection/images/test/pure_synth_uatd_0107.jpg,Samudra_Prahari_Dataset_v2/Detection/labels/train/pure_synth_uatd_0107.txt,pure_synth_uatd,pure_synth_uatd_0107,train,train,box,synthetic,cylinder,a1002336ca9ee23e70e40ec805918e4953739a83d26501b525c631f137f0e285
Samudra_Prahari_Dataset_v2/Detection/images/test/pure_synth_uatd_0108.jpg,Samudra_Prahari_Dataset_v2/Detection/labels/train/pure_synth_uatd_0108.txt,pure_synth_uatd,pure_synth_uatd_0108,train,train,box,synthetic,cylinder,e72595cf75cfb1df4fbfbf1c8a825803098ea48d9e6f44e0f120db3601b8dcbf
Samudra_Prahari_Dataset_v2/Detection/images/test/pure_synth_uatd_0109.jpg,Samudra_Prahari_Dataset_v2/Detection/labels/train/pure_synth_uatd_0109.txt,pure_synth_uatd,pure_synth_uatd_0109,train,train,box,synthetic,cylinder,133c702605c7146a953d006a202ad76610c76f85b5a447305e2e1725103be271
Samudra_Prahari_Dataset_v2/Detection/images/test/pure_synth_uatd_0111.jpg,Samudra_Prahari_Dataset_v2/Detection/labels/train/pure_synth_uatd_0111.txt,pure_synth_uatd,pure_synth_uatd_0111,train,train,box,synthetic,cylinder,17dbda79259df0ece9a15cb41c8a6eea132e9b84d59f7cb8592caebbb422ed71
Samudra_Prahari_Dataset_v2/Detection/images/test/pure_synth_uatd_0112.jpg,Samudra_Prahari_Dataset_v2/Detection/labels/train/pure_synth_uatd_0112.txt,pure_synth_uatd,pure_synth_uatd_0112,train,train,box,synthetic,cylinder,e6be88af0038b529a1f0172a9cc1fef59be09cba989356fcdedbd6478181b25b
Samudra_Prahari_Dataset_v2/Detection/images/test/pure_synth_uatd_0114.jpg,Samudra_Prahari_Dataset_v2/Detection/labels/train/pure_synth_uatd_0114.txt,pure_synth_uatd,pure_synth_uatd_0114,train,train,box,synthetic,cylinder,2299c0bdbc2e27f3fc549f9de5fc3fce4b64d16973254f86cd6e6cd6d52c873d
Samudra_Prahari_Dataset_v2/Detection/images/test/pure_synth_uatd_0115.jpg,Samudra_Prahari_Dataset_v2/Detection/labels/train/pure_synth_uatd_0115.txt,pure_synth_uatd,pure_synth_uatd_0115,train,train,box,synthetic,cylinder,da4181a04c5cebbe74c25aee949f7ff02a5373b4218a4edf355aa24d9a1e4b42
Samudra_Prahari_Dataset_v2/Detection/images/test/pure_synth_uatd_0116.jpg,Samudra_Prahari_Dataset_v2/Detection/labels/train/pure_synth_uatd_0116.txt,pure_synth_uatd,pure_synth_uatd_0116,val,train,box,synthetic,cylinder,f36f50ccf8fdd756a41551369dac7a6c223b6c9ffb0481d76e5683763f3f91c3
Samudra_Prahari_Dataset_v2/Detection/images/test/pure_synth_uatd_0117.jpg,Samudra_Prahari_Dataset_v2/Detection/labels/train/pure_synth_uatd_0117.txt,pure_synth_uatd,pure_synth_uatd_0117,train,train,box,synthetic,cylinder,75bcc6afd4b416090637628fcaa180ff1829878128b29b40c35d8c172baea231
Samudra_Prahari_Dataset_v2/Detection/images/test/pure_synth_uatd_0118.jpg,Samudra_Prahari_Dataset_v2/Detection/labels/train/pure_synth_uatd_0118.txt,pure_synth_uatd,pure_synth_uatd_0118,train,train,box,synthetic,cylinder,fe2fde463d5dae038153545721765bcd8be93b2c925bc72b7fbd32a574721936
Samudra_Prahari_Dataset_v2/Detection/images/test/pure_synth_uatd_0119.jpg,Samudra_Prahari_Dataset_v2/Detection/labels/train/pure_synth_uatd_0119.txt,pure_synth_uatd,pure_synth_uatd_0119,train,train,box,synthetic,cylinder,f385d35f9930d8aad3cd264350a603ced2a317c6e82e2a78e1c0291e2f04c3dc
Samudra_Prahari_Dataset_v2/Detection/images/test/pure_synth_uatd_0120.jpg,Samudra_Prahari_Dataset_v2/Detection/labels/train/pure_synth_uatd_0120.txt,pure_synth_uatd,pure_synth_uatd_0120,train,train,box,synthetic,cylinder,edd75c05b2e524de679c92401b67561030df2124f1bd139e89a1cabf31688a82
Samudra_Prahari_Dataset_v2/Detection/images/test/pure_synth_uatd_0121.jpg,Samudra_Prahari_Dataset_v2/Detection/labels/train/pure_synth_uatd_0121.txt,pure_synth_uatd,pure_synth_uatd_0121,train,train,box,synthetic,cylinder,03c2aa057ff8d239f7b28e770254d732b5390f869b227396bdcd1969b08e3084
Samudra_Prahari_Dataset_v2/Detection/images/test/pure_synth_uatd_0122.jpg,Samudra_Prahari_Dataset_v2/Detection/labels/train/pure_synth_uatd_0122.txt,pure_synth_uatd,pure_synth_uatd_0122,train,train,box,synthetic,cylinder,b08aaf1fae962f11b751af9917f1bca6466609d07004e7c76cca808d8af37960
Samudra_Prahari_Dataset_v2/Detection/images/test/pure_synth_uatd_0123.jpg,Samudra_Prahari_Dataset_v2/Detection/labels/train/pure_synth_uatd_0123.txt,pure_synth_uatd,pure_synth_uatd_0123,train,train,box,synthetic,cylinder,2ffb31c40a5b9fbf075f1555590f380b0922e4e9110625a6f1910086d7b87d7c
Samudra_Prahari_Dataset_v2/Detection/images/test/pure_synth_uatd_0124.jpg,Samudra_Prahari_Dataset_v2/Detection/labels/train/pure_synth_uatd_0124.txt,pure_synth_uatd,pure_synth_uatd_0124,val,train,box,synthetic,cylinder,b134a6421ff5c3faeeec4c367433b9cd8039ce69c97015bd5b4067ed8e3f10c2
Samudra_Prahari_Dataset_v2/Detection/images/test/pure_synth_uatd_0125.jpg,Samudra_Prahari_Dataset_v2/Detection/labels/train/pure_synth_uatd_0125.txt,pure_synth_uatd,pure_synth_uatd_0125,train,train,box,synthetic,cylinder,998477c3b5664aee49272b8f8333ecdc2f78b9adadb3ada9fbf1c9d2fa8a8a30
Samudra_Prahari_Dataset_v2/Detection/images/test/pure_synth_uatd_0126.jpg,Samudra_Prahari_Dataset_v2/Detection/labels/train/pure_synth_uatd_0126.txt,pure_synth_uatd,pure_synth_uatd_0126,test,train,box,synthetic,cylinder,0cc91a1de65e287f0388fc054f8e1416c5e16de8ecd20780cdfd36b85be20974
Samudra_Prahari_Dataset_v2/Detection/images/test/pure_synth_uatd_0128.jpg,Samudra_Prahari_Dataset_v2/Detection/labels/train/pure_synth_uatd_0128.txt,pure_synth_uatd,pure_synth_uatd_0128,train,train,box,synthetic,cylinder,fc999220ed2ccb26edfe0c98f5a944bd43ed8a02c3fafeadc98fa7500db01f8d
Samudra_Prahari_Dataset_v2/Detection/images/test/pure_synth_uatd_0130.jpg,Samudra_Prahari_Dataset_v2/Detection/labels/train/pure_synth_uatd_0130.txt,pure_synth_uatd,pure_synth_uatd_0130,train,train,box,synthetic,cylinder,f5fec9fd0b8ad0bd582df077acd466ffe84e4b016c768076e2a2d5ece8235f18
Samudra_Prahari_Dataset_v2/Detection/images/test/pure_synth_uatd_0133.jpg,Samudra_Prahari_Dataset_v2/Detection/labels/train/pure_synth_uatd_0133.txt,pure_synth_uatd,pure_synth_uatd_0133,val,train,box,synthetic,cylinder,d9b612ccaf31f44596ba155c84b1d56da65bf0077f6fa52a999b996edc985eb5
Samudra_Prahari_Dataset_v2/Detection/images/test/pure_synth_uatd_0134.jpg,Samudra_Prahari_Dataset_v2/Detection/labels/train/pure_synth_uatd_0134.txt,pure_synth_uatd,pure_synth_uatd_0134,val,train,box,synthetic,cylinder,eaddef98464c5a433df13af0306c438ddc93bbf49b3eff5740ef51cb8cc3a5e5
Samudra_Prahari_Dataset_v2/Detection/images/test/pure_synth_uatd_0135.jpg,Samudra_Prahari_Dataset_v2/Detection/labels/train/pure_synth_uatd_0135.txt,pure_synth_uatd,pure_synth_uatd_0135,test,train,box,synthetic,cylinder,ac9f11ed7e7e3281effa0bf8b1ec34368c28f510cb2531215e5cb076633db84b
Samudra_Prahari_Dataset_v2/Detection/images/test/pure_synth_uatd_0136.jpg,Samudra_Prahari_Dataset_v2/Detection/labels/train/pure_synth_uatd_0136.txt,pure_synth_uatd,pure_synth_uatd_0136,train,train,box,synthetic,cylinder,f062762612f2d62c4ce7bbf8f4ffece23fff35fd816a36dea51a945b16dc0296
Samudra_Prahari_Dataset_v2/Detection/images/test/pure_synth_uatd_0137.jpg,Samudra_Prahari_Dataset_v2/Detection/labels/train/pure_synth_uatd_0137.txt,pure_synth_uatd,pure_synth_uatd_0137,train,train,box,synthetic,cylinder,f62c532ab8caae6f156ad7f0b12c29afbeefb66a2bd5acc832f4d684f4de1119
Samudra_Prahari_Dataset_v2/Detection/images/test/pure_synth_uatd_0138.jpg,Samudra_Prahari_Dataset_v2/Detection/labels/train/pure_synth_uatd_0138.txt,pure_synth_uatd,pure_synth_uatd_0138,val,train,box,synthetic,cylinder,6eb52523d7952e66c945bfc4523004cb8dcfe06125b2dd11f8dc05e5943d3e5e
Samudra_Prahari_Dataset_v2/Detection/images/test/pure_synth_uatd_0139.jpg,Samudra_Prahari_Dataset_v2/Detection/labels/train/pure_synth_uatd_0139.txt,pure_synth_uatd,pure_synth_uatd_0139,train,train,box,synthetic,cylinder,3e1f73c878c95276874a98efbbfc00c6d9cd3a4319ffad2231428893eeed59c2
Samudra_Prahari_Dataset_v2/Detection/images/test/pure_synth_uatd_0140.jpg,Samudra_Prahari_Dataset_v2/Detection/labels/train/pure_synth_uatd_0140.txt,pure_synth_uatd,pure_synth_uatd_0140,val,train,box,synthetic,cylinder,8d27eecc8fec01a186a225db8721a4f673593836e3c77ef8b4f6fb3beade7789
Samudra_Prahari_Dataset_v2/Detection/images/test/pure_synth_uatd_0141.jpg,Samudra_Prahari_Dataset_v2/Detection/labels/train/pure_synth_uatd_0141.txt,pure_synth_uatd,pure_synth_uatd_0141,train,train,box,synthetic,cylinder,1fe5ca608f5e19cec6b239097049f37a435ba9fb3192371dbec349cbc39107bd
Samudra_Prahari_Dataset_v2/Detection/images/test/pure_synth_uatd_0143.jpg,Samudra_Prahari_Dataset_v2/Detection/labels/train/pure_synth_uatd_0143.txt,pure_synth_uatd,pure_synth_uatd_0143,train,train,box,synthetic,cylinder,35225dde82cc82a184b35966217337541e79466ed31ce3df81347f8a9d24fab8
Samudra_Prahari_Dataset_v2/Detection/images/test/pure_synth_uatd_0144.jpg,Samudra_Prahari_Dataset_v2/Detection/labels/train/pure_synth_uatd_0144.txt,pure_synth_uatd,pure_synth_uatd_0144,train,train,box,synthetic,cylinder,9a482217bd128274e3c431ee666d64e4a20165242562fc76211fb651065298a1
Samudra_Prahari_Dataset_v2/Detection/images/test/pure_synth_uatd_0145.jpg,Samudra_Prahari_Dataset_v2/Detection/labels/train/pure_synth_uatd_0145.txt,pure_synth_uatd,pure_synth_uatd_0145,test,train,box,synthetic,cylinder,80fbd7a9e62bd99a5cf88b813f8f37d76fa6bceca45ba2ce5b5fc579ddd6d655
Samudra_Prahari_Dataset_v2/Detection/images/test/pure_synth_uatd_0146.jpg,Samudra_Prahari_Dataset_v2/Detection/labels/train/pure_synth_uatd_0146.txt,pure_synth_uatd,pure_synth_uatd_0146,val,train,box,synthetic,cylinder,95ca5772ab3b388806fe0c327f85af9d69c91d3bf91cb5f308ddccfb95a5c6d5
Samudra_Prahari_Dataset_v2/Detection/images/test/pure_synth_uatd_0147.jpg,Samudra_Prahari_Dataset_v2/Detection/labels/train/pure_synth_uatd_0147.txt,pure_synth_uatd,pure_synth_uatd_0147,train,train,box,synthetic,cylinder,7c4d387c25cdd25c3cccf2e28aa4f7a5dfdc5a8fb5df742dfb1a5007a7c6ea78
Samudra_Prahari_Dataset_v2/Detection/images/test/pure_synth_uatd_0149.jpg,Samudra_Prahari_Dataset_v2/Detection/labels/train/pure_synth_uatd_0149.txt,pure_synth_uatd,pure_synth_uatd_0149,val,train,box,synthetic,cylinder,0914da7f8488cbcef418ec3154585d29f25acd24c7f8a9b82b7c717259f37777
Samudra_Prahari_Dataset_v2/Detection/images/test/pure_synth_uatd_0150.jpg,Samudra_Prahari_Dataset_v2/Detection/labels/train/pure_synth_uatd_0150.txt,pure_synth_uatd,pure_synth_uatd_0150,train,train,box,synthetic,cylinder,12b556638dc5adbdb7a48a7b8592b7919f0ef35244faf91d677285ae458d30a7
Samudra_Prahari_Dataset_v2/Detection/images/test/pure_synth_uatd_0152.jpg,Samudra_Prahari_Dataset_v2/Detection/labels/train/pure_synth_uatd_0152.txt,pure_synth_uatd,pure_synth_uatd_0152,train,train,box,synthetic,cylinder,84cd938170ed3e995349101630c267f49aa1c13c53d33de83c1bfee95fc5fe10
Samudra_Prahari_Dataset_v2/Detection/images/test/pure_synth_uatd_0153.jpg,Samudra_Prahari_Dataset_v2/Detection/labels/train/pure_synth_uatd_0153.txt,pure_synth_uatd,pure_synth_uatd_0153,train,train,box,synthetic,cylinder,89116b67e5da48c0074b42251ef6370d9a04b972e5bf91642c72505efe059743
Samudra_Prahari_Dataset_v2/Detection/images/test/pure_synth_uatd_0154.jpg,Samudra_Prahari_Dataset_v2/Detection/labels/train/pure_synth_uatd_0154.txt,pure_synth_uatd,pure_synth_uatd_0154,train,train,box,synthetic,cylinder,45f2f4e25fa5a5c26170841d43df6f46ff6a4d0e38cc160186ce364b8a2e421b
Samudra_Prahari_Dataset_v2/Detection/images/test/pure_synth_uatd_0155.jpg,Samudra_Prahari_Dataset_v2/Detection/labels/train/pure_synth_uatd_0155.txt,pure_synth_uatd,pure_synth_uatd_0155,train,train,box,synthetic,cylinder,d024eef121920d928d4f96cdde53da81ef54cd371f1d36575156da819a95a23d
Samudra_Prahari_Dataset_v2/Detection/images/test/pure_synth_uatd_0156.jpg,Samudra_Prahari_Dataset_v2/Detection/labels/train/pure_synth_uatd_0156.txt,pure_synth_uatd,pure_synth_uatd_0156,val,train,box,synthetic,cylinder,fb86bb532608fa2dafc11cf66eaefaacc6b73d6a5c3466c05fa409bb8b940d71
Samudra_Prahari_Dataset_v2/Detection/images/test/pure_synth_uatd_0158.jpg,Samudra_Prahari_Dataset_v2/Detection/labels/train/pure_synth_uatd_0158.txt,pure_synth_uatd,pure_synth_uatd_0158,train,train,box,synthetic,cylinder,529d01921d3ced9c1be0bba3b883e278308e55ae97294fbe3a7c9197a6e83270
Samudra_Prahari_Dataset_v2/Detection/images/test/pure_synth_uatd_0160.jpg,Samudra_Prahari_Dataset_v2/Detection/labels/train/pure_synth_uatd_0160.txt,pure_synth_uatd,pure_synth_uatd_0160,test,train,box,synthetic,cylinder,40172c2dce576779b9abcd5922707d9072d4d70017aaace172c71575701a82bf
Samudra_Prahari_Dataset_v2/Detection/images/test/pure_synth_uatd_0161.jpg,Samudra_Prahari_Dataset_v2/Detection/labels/train/pure_synth_uatd_0161.txt,pure_synth_uatd,pure_synth_uatd_0161,train,train,box,synthetic,cylinder,74e6d036da473b4aac6c4dafade4030c0c87f40a838333e21c94b84b471420ad
Samudra_Prahari_Dataset_v2/Detection/images/test/pure_synth_uatd_0162.jpg,Samudra_Prahari_Dataset_v2/Detection/labels/train/pure_synth_uatd_0162.txt,pure_synth_uatd,pure_synth_uatd_0162,train,train,box,synthetic,cylinder,19f68bf34cfe73fc81f5732546cdb4e8f4bab97ecf64a6e0c9981b9347a4e274
Samudra_Prahari_Dataset_v2/Detection/images/test/pure_synth_uatd_0163.jpg,Samudra_Prahari_Dataset_v2/Detection/labels/train/pure_synth_uatd_0163.txt,pure_synth_uatd,pure_synth_uatd_0163,train,train,box,synthetic,cylinder,72ba15f14431b746b32a7bfe33b08e6334636ec71d832bca622bc484d3bf10e1
Samudra_Prahari_Dataset_v2/Detection/images/test/pure_synth_uatd_0164.jpg,Samudra_Prahari_Dataset_v2/Detection/labels/train/pure_synth_uatd_0164.txt,pure_synth_uatd,pure_synth_uatd_0164,train,train,box,synthetic,cylinder,c2f6d462d5cbd88a750e82f086a47af237ef6e093847d584043511b1d095663e
Samudra_Prahari_Dataset_v2/Detection/images/test/pure_synth_uatd_0165.jpg,Samudra_Prahari_Dataset_v2/Detection/labels/train/pure_synth_uatd_0165.txt,pure_synth_uatd,pure_synth_uatd_0165,val,train,box,synthetic,cylinder,d1da042f3ae572aa8a56ba4e0c8c563d7ee81329cd4b47333f4b8800d3abdd41
Samudra_Prahari_Dataset_v2/Detection/images/test/pure_synth_uatd_0166.jpg,Samudra_Prahari_Dataset_v2/Detection/labels/train/pure_synth_uatd_0166.txt,pure_synth_uatd,pure_synth_uatd_0166,train,train,box,synthetic,cylinder,67938673d871c1c08ae0872a13400f00ec4a1635ecd39b9c77120dc001a19c4e
Samudra_Prahari_Dataset_v2/Detection/images/test/pure_synth_uatd_0167.jpg,Samudra_Prahari_Dataset_v2/Detection/labels/train/pure_synth_uatd_0167.txt,pure_synth_uatd,pure_synth_uatd_0167,val,train,box,synthetic,cylinder,775fe704f2679b5dfb87516684d1ec55775e87b2a0c074b7ac7a761a31f5ea8e
Samudra_Prahari_Dataset_v2/Detection/images/test/pure_synth_uatd_0168.jpg,Samudra_Prahari_Dataset_v2/Detection/labels/train/pure_synth_uatd_0168.txt,pure_synth_uatd,pure_synth_uatd_0168,train,train,box,synthetic,cylinder,cc0875f0e054db50ef07cc135d11e7f86d5b900c790ae4b9c9b2b935f3ee17e1
Samudra_Prahari_Dataset_v2/Detection/images/test/pure_synth_uatd_0169.jpg,Samudra_Prahari_Dataset_v2/Detection/labels/train/pure_synth_uatd_0169.txt,pure_synth_uatd,pure_synth_uatd_0169,val,train,box,synthetic,cylinder,ae9e84a62ca7f966d212d09e22726b1fca5dc2ec6ae085bf737c2c1d19fd5c1a
Samudra_Prahari_Dataset_v2/Detection/images/test/pure_synth_uatd_0170.jpg,Samudra_Prahari_Dataset_v2/Detection/labels/train/pure_synth_uatd_0170.txt,pure_synth_uatd,pure_synth_uatd_0170,test,train,box,synthetic,cylinder,c011df703f3423a96c290c1e9c549107f81580acc6ec98c344f81c63670b408f
Samudra_Prahari_Dataset_v2/Detection/images/test/pure_synth_uatd_0173.jpg,Samudra_Prahari_Dataset_v2/Detection/labels/train/pure_synth_uatd_0173.txt,pure_synth_uatd,pure_synth_uatd_0173,train,train,box,synthetic,cylinder,c4afcf31226df9e2c1689f89196b80497f36129f7ab3d42d3ef12c1cb38bd373
Samudra_Prahari_Dataset_v2/Detection/images/test/pure_synth_uatd_0174.jpg,Samudra_Prahari_Dataset_v2/Detection/labels/train/pure_synth_uatd_0174.txt,pure_synth_uatd,pure_synth_uatd_0174,train,train,box,synthetic,cylinder,851cf8234b4e646f68828bbcb5af016f4d41eae8e7b8a6efa8f65d0d68dac3d2
Samudra_Prahari_Dataset_v2/Detection/images/test/pure_synth_uatd_0175.jpg,Samudra_Prahari_Dataset_v2/Detection/labels/train/pure_synth_uatd_0175.txt,pure_synth_uatd,pure_synth_uatd_0175,train,train,box,synthetic,cylinder,9e2a13087b3c96d8a4c1986d6179d8ad925a95b7cdcacbde4dc2623e1cc336c3
Samudra_Prahari_Dataset_v2/Detection/images/test/pure_synth_uatd_0177.jpg,Samudra_Prahari_Dataset_v2/Detection/labels/train/pure_synth_uatd_0177.txt,pure_synth_uatd,pure_synth_uatd_0177,train,train,box,synthetic,cylinder,0ba363c961f4d8e4d3d71654e07e4c38c4719123a9edeeae9bfb80b68f95c690
Samudra_Prahari_Dataset_v2/Detection/images/test/pure_synth_uatd_0179.jpg,Samudra_Prahari_Dataset_v2/Detection/labels/train/pure_synth_uatd_0179.txt,pure_synth_uatd,pure_synth_uatd_0179,train,train,box,synthetic,cylinder,f53d0b25400772541d31bcc9205d77adfd8050e04bb744c0065e8755ad583a75
Samudra_Prahari_Dataset_v2/Detection/images/test/pure_synth_uatd_0181.jpg,Samudra_Prahari_Dataset_v2/Detection/labels/train/pure_synth_uatd_0181.txt,pure_synth_uatd,pure_synth_uatd_0181,train,train,box,synthetic,cylinder,427eff432568b053231694656f14d7e9cea240de7eae4aa57baf6630d8c4e7ef
Samudra_Prahari_Dataset_v2/Detection/images/test/pure_synth_uatd_0182.jpg,Samudra_Prahari_Dataset_v2/Detection/labels/train/pure_synth_uatd_0182.txt,pure_synth_uatd,pure_synth_uatd_0182,train,train,box,synthetic,cylinder,7431a061caeb77d16dbc16e22055b8da5745eec9b62b964b605f57fd9ef1f4f5
Samudra_Prahari_Dataset_v2/Detection/images/test/pure_synth_uatd_0184.jpg,Samudra_Prahari_Dataset_v2/Detection/labels/train/pure_synth_uatd_0184.txt,pure_synth_uatd,pure_synth_uatd_0184,test,train,box,synthetic,cylinder,d8f7c39f9322d10ee8eae5976d917aebb11abada266d63177a9da735714f97af
Samudra_Prahari_Dataset_v2/Detection/images/test/pure_synth_uatd_0185.jpg,Samudra_Prahari_Dataset_v2/Detection/labels/train/pure_synth_uatd_0185.txt,pure_synth_uatd,pure_synth_uatd_0185,val,train,box,synthetic,cylinder,0d5f43da35b5831617b401e8e821111e8bef05761d2b54d9748e54a702102a02
Samudra_Prahari_Dataset_v2/Detection/images/test/pure_synth_uatd_0186.jpg,Samudra_Prahari_Dataset_v2/Detection/labels/train/pure_synth_uatd_0186.txt,pure_synth_uatd,pure_synth_uatd_0186,test,train,box,synthetic,cylinder,5b6f4e6a8815caabec9aa1a1dab7c60c6d13d9ccb6be8ebe1d2fa596f383fae3
Samudra_Prahari_Dataset_v2/Detection/images/test/pure_synth_uatd_0187.jpg,Samudra_Prahari_Dataset_v2/Detection/labels/train/pure_synth_uatd_0187.txt,pure_synth_uatd,pure_synth_uatd_0187,test,train,box,synthetic,cylinder,6c7f954f4751d3169060a714aaeee51ae3fbd831056b3b4d6249ec3d34a6d22c
Samudra_Prahari_Dataset_v2/Detection/images/test/pure_synth_uatd_0188.jpg,Samudra_Prahari_Dataset_v2/Detection/labels/train/pure_synth_uatd_0188.txt,pure_synth_uatd,pure_synth_uatd_0188,val,train,box,synthetic,cylinder,66e2ead2a4a2f008f18b6f7d38b634553922a3aabddb1924df79d80a9ab79b87
Samudra_Prahari_Dataset_v2/Detection/images/test/pure_synth_uatd_0189.jpg,Samudra_Prahari_Dataset_v2/Detection/labels/train/pure_synth_uatd_0189.txt,pure_synth_uatd,pure_synth_uatd_0189,train,train,box,synthetic,cylinder,36358d5abfbb0f33cf1c7d7a2ac795a9dbad38c387bae3683342861a3a9e87ac
Samudra_Prahari_Dataset_v2/Detection/images/test/pure_synth_uatd_0191.jpg,Samudra_Prahari_Dataset_v2/Detection/labels/train/pure_synth_uatd_0191.txt,pure_synth_uatd,pure_synth_uatd_0191,val,train,box,synthetic,cylinder,a99e4de6658d28d9dffb6642f7c523e3830f1db584dfa777aeadcbd3f8ce46a6
Samudra_Prahari_Dataset_v2/Detection/images/test/pure_synth_uatd_0192.jpg,Samudra_Prahari_Dataset_v2/Detection/labels/train/pure_synth_uatd_0192.txt,pure_synth_uatd,pure_synth_uatd_0192,val,train,box,synthetic,cylinder,318880a88a45a8c73135e8c395c378a244df0e979800cafd396a104f0a83fad1
Samudra_Prahari_Dataset_v2/Detection/images/test/pure_synth_uatd_0195.jpg,Samudra_Prahari_Dataset_v2/Detection/labels/train/pure_synth_uatd_0195.txt,pure_synth_uatd,pure_synth_uatd_0195,train,train,box,synthetic,cylinder,0bfc21603321f7c33d972336074db7e61d69be8bfa9179965a45e69d886fadaa
Samudra_Prahari_Dataset_v2/Detection/images/test/pure_synth_uatd_0196.jpg,Samudra_Prahari_Dataset_v2/Detection/labels/train/pure_synth_uatd_0196.txt,pure_synth_uatd,pure_synth_uatd_0196,test,train,box,synthetic,cylinder,2cc4728842a9d49e94376c40a65c347f091cea468bb3a6d66e152af8b527ffae
Samudra_Prahari_Dataset_v2/Detection/images/test/pure_synth_uatd_0198.jpg,Samudra_Prahari_Dataset_v2/Detection/labels/train/pure_synth_uatd_0198.txt,pure_synth_uatd,pure_synth_uatd_0198,val,train,box,synthetic,cylinder,2f96856fb9b11847648c55626839e3dd9209b240ecd86163bd9ede5bfa8e3065
Samudra_Prahari_Dataset_v2/Detection/images/test/pure_synth_uatd_0199.jpg,Samudra_Prahari_Dataset_v2/Detection/labels/train/pure_synth_uatd_0199.txt,pure_synth_uatd,pure_synth_uatd_0199,train,train,box,synthetic,cylinder,324f63a2196d4862199a6698643ecd0b74211f53fd4faa1218081ce410be392b
Samudra_Prahari_Dataset_v2/Detection/images/test/pure_synth_uatd_0200.jpg,Samudra_Prahari_Dataset_v2/Detection/labels/train/pure_synth_uatd_0200.txt,pure_synth_uatd,pure_synth_uatd_0200,test,train,box,synthetic,cylinder,e06dd832a7be347a362867bab2cbbeafbbdc5d55e87e41118b54a097e56013c1
Samudra_Prahari_Dataset_v2/Detection/images/test/pure_synth_uatd_0201.jpg,Samudra_Prahari_Dataset_v2/Detection/labels/train/pure_synth_uatd_0201.txt,pure_synth_uatd,pure_synth_uatd_0201,train,train,box,synthetic,cylinder,b8aba06b2b7f8e1f0b91f3d2e5cf28209a94097ffbbb0394eaac668305bff5de
Samudra_Prahari_Dataset_v2/Detection/images/test/pure_synth_uatd_0202.jpg,Samudra_Prahari_Dataset_v2/Detection/labels/train/pure_synth_uatd_0202.txt,pure_synth_uatd,pure_synth_uatd_0202,val,train,box,synthetic,cylinder,dcfa471359f5f2d16ce618a053a70f1ec1fa8c11c72f0837d0596a78ef0c3c3f
Samudra_Prahari_Dataset_v2/Detection/images/test/pure_synth_uatd_0203.jpg,Samudra_Prahari_Dataset_v2/Detection/labels/train/pure_synth_uatd_0203.txt,pure_synth_uatd,pure_synth_uatd_0203,train,train,box,synthetic,cylinder,2a97ec9ad41da651ae942019c9e58394b635cf640fd8ca8ef6f1a0ea7c46d427
Samudra_Prahari_Dataset_v2/Detection/images/test/pure_synth_uatd_0205.jpg,Samudra_Prahari_Dataset_v2/Detection/labels/train/pure_synth_uatd_0205.txt,pure_synth_uatd,pure_synth_uatd_0205,train,train,box,synthetic,cylinder,c248b5ceef5bf54426691d08b8a4e09236fc114535379996e9c03d315c17c112
Samudra_Prahari_Dataset_v2/Detection/images/test/pure_synth_uatd_0206.jpg,Samudra_Prahari_Dataset_v2/Detection/labels/train/pure_synth_uatd_0206.txt,pure_synth_uatd,pure_synth_uatd_0206,test,train,box,synthetic,cylinder,f7f7d0e892a4e58d4410e9571d1b487c386d552478f2c826031ae05532fd99c8
Samudra_Prahari_Dataset_v2/Detection/images/test/pure_synth_uatd_0207.jpg,Samudra_Prahari_Dataset_v2/Detection/labels/train/pure_synth_uatd_0207.txt,pure_synth_uatd,pure_synth_uatd_0207,train,train,box,synthetic,cylinder,d689bb7e5d322dfb7c0d516ef50a18bf5a09185a1b4fa30c23d5d5f2fc1d8efa
Samudra_Prahari_Dataset_v2/Detection/images/test/pure_synth_uatd_0209.jpg,Samudra_Prahari_Dataset_v2/Detection/labels/train/pure_synth_uatd_0209.txt,pure_synth_uatd,pure_synth_uatd_0209,train,train,box,synthetic,cylinder,de3c7cda8b9e51a64b5a97a62fd9d53c5a10178f3f52b5167ece0afea74850f7
Samudra_Prahari_Dataset_v2/Detection/images/test/pure_synth_uatd_0210.jpg,Samudra_Prahari_Dataset_v2/Detection/labels/train/pure_synth_uatd_0210.txt,pure_synth_uatd,pure_synth_uatd_0210,train,train,box,synthetic,cylinder,d23be45374906fdd26bf7271cb0392f4ed002a017084f596290204847ab708ef
Samudra_Prahari_Dataset_v2/Detection/images/test/pure_synth_uatd_0211.jpg,Samudra_Prahari_Dataset_v2/Detection/labels/train/pure_synth_uatd_0211.txt,pure_synth_uatd,pure_synth_uatd_0211,train,train,box,synthetic,cylinder,b153180347cf43e150882c58b968ca1a0a9c2c14f5d44b202d98d596b705823e
Samudra_Prahari_Dataset_v2/Detection/images/test/pure_synth_uatd_0213.jpg,Samudra_Prahari_Dataset_v2/Detection/labels/train/pure_synth_uatd_0213.txt,pure_synth_uatd,pure_synth_uatd_0213,train,train,box,synthetic,cylinder,568dc215bb39768cbb431a09dc264e37e1898c7e50a56cc757aaf3422be5bd5c
Samudra_Prahari_Dataset_v2/Detection/images/test/pure_synth_uatd_0214.jpg,Samudra_Prahari_Dataset_v2/Detection/labels/train/pure_synth_uatd_0214.txt,pure_synth_uatd,pure_synth_uatd_0214,train,train,box,synthetic,cylinder,d6af37b9e4ccbc915e892d54cf1a273f4ff4b66e104c359c29a38a078f3efa44
Samudra_Prahari_Dataset_v2/Detection/images/test/pure_synth_uatd_0215.jpg,Samudra_Prahari_Dataset_v2/Detection/labels/train/pure_synth_uatd_0215.txt,pure_synth_uatd,pure_synth_uatd_0215,train,train,box,synthetic,cylinder,cdc04ca431855c04708b0a067f3dc812c38f23e0c464ace2546bac57ea3cd3d3
Samudra_Prahari_Dataset_v2/Detection/images/test/pure_synth_uatd_0216.jpg,Samudra_Prahari_Dataset_v2/Detection/labels/train/pure_synth_uatd_0216.txt,pure_synth_uatd,pure_synth_uatd_0216,train,train,box,synthetic,cylinder,0e00adc8ae8bed04111e9ab5e215582f6ccd835889ec91a795335f851e1f8ff3
Samudra_Prahari_Dataset_v2/Detection/images/test/pure_synth_uatd_0217.jpg,Samudra_Prahari_Dataset_v2/Detection/labels/train/pure_synth_uatd_0217.txt,pure_synth_uatd,pure_synth_uatd_0217,test,train,box,synthetic,cylinder,cdca519f7095ee1d2496e1215be4b7e56aca23842303c93eab3a7e226d3d392e
Samudra_Prahari_Dataset_v2/Detection/images/test/pure_synth_uatd_0218.jpg,Samudra_Prahari_Dataset_v2/Detection/labels/train/pure_synth_uatd_0218.txt,pure_synth_uatd,pure_synth_uatd_0218,train,train,box,synthetic,cylinder,f4c09c4389d2ede55bc2be8e5099b21fe3a6a7d2e0ba987cf511b61a9ee98192
Samudra_Prahari_Dataset_v2/Detection/images/test/pure_synth_uatd_0219.jpg,Samudra_Prahari_Dataset_v2/Detection/labels/train/pure_synth_uatd_0219.txt,pure_synth_uatd,pure_synth_uatd_0219,train,train,box,synthetic,cylinder,2d6c0a294bfd5dfc27bdd3b9341e8cb0f19d924f1c6ba98719334d31d11e2bf0
Samudra_Prahari_Dataset_v2/Detection/images/test/pure_synth_uatd_0220.jpg,Samudra_Prahari_Dataset_v2/Detection/labels/train/pure_synth_uatd_0220.txt,pure_synth_uatd,pure_synth_uatd_0220,train,train,box,synthetic,cylinder,b04f4284df6ad66bc687cbdc3c064f7c6d18f171db998ce5f5fc2ce0ffc1601e
Samudra_Prahari_Dataset_v2/Detection/images/test/pure_synth_uatd_0221.jpg,Samudra_Prahari_Dataset_v2/Detection/labels/train/pure_synth_uatd_0221.txt,pure_synth_uatd,pure_synth_uatd_0221,train,train,box,synthetic,cylinder,2434f31748e8c8916207b74679c4c8fd75bf8a1852802d336d1448c1d11a92e2
Samudra_Prahari_Dataset_v2/Detection/images/test/pure_synth_uatd_0222.jpg,Samudra_Prahari_Dataset_v2/Detection/labels/train/pure_synth_uatd_0222.txt,pure_synth_uatd,pure_synth_uatd_0222,train,train,box,synthetic,cylinder,75f9dcd25b2830d14c843c9ae33b6b955eb21eb9dc0e1c677f599f95215648a3
Samudra_Prahari_Dataset_v2/Detection/images/test/pure_synth_uatd_0223.jpg,Samudra_Prahari_Dataset_v2/Detection/labels/train/pure_synth_uatd_0223.txt,pure_synth_uatd,pure_synth_uatd_0223,train,train,box,synthetic,cylinder,1d5ce492185e0a862617380866139ff81659db8080668daad84020a6ebfadf30
Samudra_Prahari_Dataset_v2/Detection/images/test/pure_synth_uatd_0224.jpg,Samudra_Prahari_Dataset_v2/Detection/labels/train/pure_synth_uatd_0224.txt,pure_synth_uatd,pure_synth_uatd_0224,train,train,box,synthetic,cylinder,05e74401deebb1cf4e00f98813e57b3509df8bc0567420390f0aafa38bd2fe93
Samudra_Prahari_Dataset_v2/Detection/images/test/pure_synth_uatd_0225.jpg,Samudra_Prahari_Dataset_v2/Detection/labels/train/pure_synth_uatd_0225.txt,pure_synth_uatd,pure_synth_uatd_0225,train,train,box,synthetic,cylinder,9a794f77e237bd6a88eb05db6b0181c01e332932cd16903b524f5b8bee226c2c
Samudra_Prahari_Dataset_v2/Detection/images/test/pure_synth_uatd_0226.jpg,Samudra_Prahari_Dataset_v2/Detection/labels/train/pure_synth_uatd_0226.txt,pure_synth_uatd,pure_synth_uatd_0226,train,train,box,synthetic,cylinder,7d4009b788ac4a93c8bfecbb7e0604014faebad7ba779062cddc902c82e24ce6
Samudra_Prahari_Dataset_v2/Detection/images/test/pure_synth_uatd_0227.jpg,Samudra_Prahari_Dataset_v2/Detection/labels/train/pure_synth_uatd_0227.txt,pure_synth_uatd,pure_synth_uatd_0227,train,train,box,synthetic,cylinder,09c5cb12a58e363bd0e1c6ccaed421af4161104b06666b750bc245f4d83e0b70
Samudra_Prahari_Dataset_v2/Detection/images/test/pure_synth_uatd_0229.jpg,Samudra_Prahari_Dataset_v2/Detection/labels/train/pure_synth_uatd_0229.txt,pure_synth_uatd,pure_synth_uatd_0229,train,train,box,synthetic,cylinder,7f82467c169d5b9a8598106994c0a0beec6fde359cc1940e848b7395d06b1a56
Samudra_Prahari_Dataset_v2/Detection/images/test/pure_synth_uatd_0231.jpg,Samudra_Prahari_Dataset_v2/Detection/labels/train/pure_synth_uatd_0231.txt,pure_synth_uatd,pure_synth_uatd_0231,test,train,box,synthetic,cylinder,8da9ff150ef130eebd1a40be4e81a59e3bfc56fad0654a89a0abb5ff830a7b2b
Samudra_Prahari_Dataset_v2/Detection/images/test/pure_synth_uatd_0232.jpg,Samudra_Prahari_Dataset_v2/Detection/labels/train/pure_synth_uatd_0232.txt,pure_synth_uatd,pure_synth_uatd_0232,train,train,box,synthetic,cylinder,340558016ce1bb2b9db335f1937c2391b7849cdddfcb397311ef8271dee7c870
Samudra_Prahari_Dataset_v2/Detection/images/test/pure_synth_uatd_0233.jpg,Samudra_Prahari_Dataset_v2/Detection/labels/train/pure_synth_uatd_0233.txt,pure_synth_uatd,pure_synth_uatd_0233,train,train,box,synthetic,cylinder,89bf1b8284274cc21f5b2fc3af8e4afa65afe7dba7a9144dc70653066c52319d
Samudra_Prahari_Dataset_v2/Detection/images/test/pure_synth_uatd_0234.jpg,Samudra_Prahari_Dataset_v2/Detection/labels/train/pure_synth_uatd_0234.txt,pure_synth_uatd,pure_synth_uatd_0234,test,train,box,synthetic,cylinder,bed64b78654fe61c0c16bf460cf21ee3b8f2e73fbc5e6e3e08cab64128e8f1e1
Samudra_Prahari_Dataset_v2/Detection/images/test/pure_synth_uatd_0235.jpg,Samudra_Prahari_Dataset_v2/Detection/labels/train/pure_synth_uatd_0235.txt,pure_synth_uatd,pure_synth_uatd_0235,test,train,box,synthetic,cylinder,01909390687896ff2e7d0806969b0349e5e44baae1809a9ab42234d76eff94d3
Samudra_Prahari_Dataset_v2/Detection/images/test/pure_synth_uatd_0237.jpg,Samudra_Prahari_Dataset_v2/Detection/labels/train/pure_synth_uatd_0237.txt,pure_synth_uatd,pure_synth_uatd_0237,train,train,box,synthetic,cylinder,e44cee7eaf4b994d83b5b6c79d4da7a08a57f6b905153ff5dff3209328cfc248
Samudra_Prahari_Dataset_v2/Detection/images/test/pure_synth_uatd_0238.jpg,Samudra_Prahari_Dataset_v2/Detection/labels/train/pure_synth_uatd_0238.txt,pure_synth_uatd,pure_synth_uatd_0238,val,train,box,synthetic,cylinder,84411800933afc9b33cec6a36b284867aecff8b0a27bd7250460d958023e42e2
Samudra_Prahari_Dataset_v2/Detection/images/test/pure_synth_uatd_0240.jpg,Samudra_Prahari_Dataset_v2/Detection/labels/train/pure_synth_uatd_0240.txt,pure_synth_uatd,pure_synth_uatd_0240,train,train,box,synthetic,cylinder,a712604e798805ad04d360a0044da4894e00dac1063e2e484ef278c04e967fa6
Samudra_Prahari_Dataset_v2/Detection/images/test/pure_synth_uatd_0241.jpg,Samudra_Prahari_Dataset_v2/Detection/labels/train/pure_synth_uatd_0241.txt,pure_synth_uatd,pure_synth_uatd_0241,train,train,box,synthetic,cylinder,eec38df209cc031ca41caaf038aeb6a84a019b44eb61d2dd25146d0ce7a71274
Samudra_Prahari_Dataset_v2/Detection/images/test/pure_synth_uatd_0242.jpg,Samudra_Prahari_Dataset_v2/Detection/labels/train/pure_synth_uatd_0242.txt,pure_synth_uatd,pure_synth_uatd_0242,val,train,box,synthetic,cylinder,f39f9b09f2fa914c378aac1c994cb5b5a7d999f454f48baad49edde7e69e67dd
Samudra_Prahari_Dataset_v2/Detection/images/test/pure_synth_uatd_0243.jpg,Samudra_Prahari_Dataset_v2/Detection/labels/train/pure_synth_uatd_0243.txt,pure_synth_uatd,pure_synth_uatd_0243,train,train,box,synthetic,cylinder,d6ad551d046e288ee4892ab2475aef8d9e696c7c797e1bd0f4f09dd78d90eec1
Samudra_Prahari_Dataset_v2/Detection/images/test/pure_synth_uatd_0244.jpg,Samudra_Prahari_Dataset_v2/Detection/labels/train/pure_synth_uatd_0244.txt,pure_synth_uatd,pure_synth_uatd_0244,train,train,box,synthetic,cylinder,72081fa6cc2442bf771e119f76b623fd2028aae8112325cc7c09d885d834d1b8
Samudra_Prahari_Dataset_v2/Detection/images/test/pure_synth_uatd_0245.jpg,Samudra_Prahari_Dataset_v2/Detection/labels/train/pure_synth_uatd_0245.txt,pure_synth_uatd,pure_synth_uatd_0245,val,train,box,synthetic,cylinder,4fdc40161f19a85a0a2d451e131e41c0819e1618ff2868ed0490d8fbce6ae17e
Samudra_Prahari_Dataset_v2/Detection/images/test/pure_synth_uatd_0246.jpg,Samudra_Prahari_Dataset_v2/Detection/labels/train/pure_synth_uatd_0246.txt,pure_synth_uatd,pure_synth_uatd_0246,train,train,box,synthetic,cylinder,2a398c3be8c6f77e9d0836c1c67421f72d874d2c0e1e356080c004cfa293ae72
Samudra_Prahari_Dataset_v2/Detection/images/test/pure_synth_uatd_0249.jpg,Samudra_Prahari_Dataset_v2/Detection/labels/train/pure_synth_uatd_0249.txt,pure_synth_uatd,pure_synth_uatd_0249,train,train,box,synthetic,cylinder,7c662db040c5d2c60492fa0e1461513631b5da48ee195f112bfd10d8b1aa170f
Samudra_Prahari_Dataset_v2/Detection/images/test/pure_synth_uatd_0250.jpg,Samudra_Prahari_Dataset_v2/Detection/labels/train/pure_synth_uatd_0250.txt,pure_synth_uatd,pure_synth_uatd_0250,train,train,box,synthetic,cylinder,5f648df38cf4d7218e42ad63f01c5d2526ff6ac80ff0ee22917c37f747afd5cf
Samudra_Prahari_Dataset_v2/Detection/images/test/pure_synth_uatd_0251.jpg,Samudra_Prahari_Dataset_v2/Detection/labels/train/pure_synth_uatd_0251.txt,pure_synth_uatd,pure_synth_uatd_0251,train,train,box,synthetic,cylinder,73448132b49e7b33e297125ee072f2767bcc46eea72af8951374e8cc5d516533
Samudra_Prahari_Dataset_v2/Detection/images/test/pure_synth_uatd_0252.jpg,Samudra_Prahari_Dataset_v2/Detection/labels/train/pure_synth_uatd_0252.txt,pure_synth_uatd,pure_synth_uatd_0252,train,train,box,synthetic,cylinder,7f86154ec8abf1f6e1cb0c1f22fcc533053e6f99cb2e17918c71b9bc3af9c891
Samudra_Prahari_Dataset_v2/Detection/images/test/pure_synth_uatd_0253.jpg,Samudra_Prahari_Dataset_v2/Detection/labels/train/pure_synth_uatd_0253.txt,pure_synth_uatd,pure_synth_uatd_0253,train,train,box,synthetic,cylinder,84d35d1c9436b04c1e9bfbc9d3572735ee6472735a6ada678f65ee6ef67ab07e
Samudra_Prahari_Dataset_v2/Detection/images/test/pure_synth_uatd_0255.jpg,Samudra_Prahari_Dataset_v2/Detection/labels/train/pure_synth_uatd_0255.txt,pure_synth_uatd,pure_synth_uatd_0255,train,train,box,synthetic,cylinder,ba05a73c6453c6dff50a1f64ce9c34ba34684915e58d761cc7e8a6af819642ae
Samudra_Prahari_Dataset_v2/Detection/images/test/pure_synth_uatd_0256.jpg,Samudra_Prahari_Dataset_v2/Detection/labels/train/pure_synth_uatd_0256.txt,pure_synth_uatd,pure_synth_uatd_0256,val,train,box,synthetic,cylinder,e4be5133308dcf5af098588cdad2bdf0c01f348829030533c50bd6accea0d4de
Samudra_Prahari_Dataset_v2/Detection/images/test/pure_synth_uatd_0257.jpg,Samudra_Prahari_Dataset_v2/Detection/labels/train/pure_synth_uatd_0257.txt,pure_synth_uatd,pure_synth_uatd_0257,train,train,box,synthetic,cylinder,56d962978487502b3a4ca3de7e001d192b0e539bcb828494666d38337a943e8a
Samudra_Prahari_Dataset_v2/Detection/images/test/pure_synth_uatd_0258.jpg,Samudra_Prahari_Dataset_v2/Detection/labels/train/pure_synth_uatd_0258.txt,pure_synth_uatd,pure_synth_uatd_0258,test,train,box,synthetic,cylinder,ed9801d3707a63ff2d2fd78b50b2125557c0f7c4647525d0641894744ec25792
Samudra_Prahari_Dataset_v2/Detection/images/test/pure_synth_uatd_0259.jpg,Samudra_Prahari_Dataset_v2/Detection/labels/train/pure_synth_uatd_0259.txt,pure_synth_uatd,pure_synth_uatd_0259,train,train,box,synthetic,cylinder,0cb1d6ef9776090622bef57df491ebafa5fde0a882cb9669bf6ab53ac446f8be
Samudra_Prahari_Dataset_v2/Detection/images/test/pure_synth_uatd_0260.jpg,Samudra_Prahari_Dataset_v2/Detection/labels/train/pure_synth_uatd_0260.txt,pure_synth_uatd,pure_synth_uatd_0260,val,train,box,synthetic,cylinder,5f1dca27c202a01e9ae85025bcd28da7060f62e97c269afab3fe5e7d6fa12ded
Samudra_Prahari_Dataset_v2/Detection/images/test/pure_synth_uatd_0261.jpg,Samudra_Prahari_Dataset_v2/Detection/labels/train/pure_synth_uatd_0261.txt,pure_synth_uatd,pure_synth_uatd_0261,train,train,box,synthetic,cylinder,1bbfac6fc0c4875599833a7426c74af5c0cd0b5ded821bf5a584f1c43a3dc9b2
Samudra_Prahari_Dataset_v2/Detection/images/test/pure_synth_uatd_0262.jpg,Samudra_Prahari_Dataset_v2/Detection/labels/train/pure_synth_uatd_0262.txt,pure_synth_uatd,pure_synth_uatd_0262,test,train,box,synthetic,cylinder,009ab738503e4e5ac6a9d780619545793ead96d895dab5efe05a969d55a0e73a
Samudra_Prahari_Dataset_v2/Detection/images/test/pure_synth_uatd_0263.jpg,Samudra_Prahari_Dataset_v2/Detection/labels/train/pure_synth_uatd_0263.txt,pure_synth_uatd,pure_synth_uatd_0263,test,train,box,synthetic,cylinder,fe71c574e4c9907ffa8e0a94b48a284ae7e5d89238d7a128a7820cd6e2647322
Samudra_Prahari_Dataset_v2/Detection/images/test/pure_synth_uatd_0264.jpg,Samudra_Prahari_Dataset_v2/Detection/labels/train/pure_synth_uatd_0264.txt,pure_synth_uatd,pure_synth_uatd_0264,train,train,box,synthetic,cylinder,ab72b3599ca7ee8d487ba38d6c05b9247f0ecccc374680c25b0210419d1fa965
Samudra_Prahari_Dataset_v2/Detection/images/test/pure_synth_uatd_0265.jpg,Samudra_Prahari_Dataset_v2/Detection/labels/train/pure_synth_uatd_0265.txt,pure_synth_uatd,pure_synth_uatd_0265,train,train,box,synthetic,cylinder,6a62eee3b58d00e4bd9f33bc088b27bf0167dcd87e5a02cdda8a77f31ec27783
Samudra_Prahari_Dataset_v2/Detection/images/test/pure_synth_uatd_0266.jpg,Samudra_Prahari_Dataset_v2/Detection/labels/train/pure_synth_uatd_0266.txt,pure_synth_uatd,pure_synth_uatd_0266,train,train,box,synthetic,cylinder,add4eb8f1d69704ba51b317477dba262bf7be8fc6e9fdc345b1ac85a11091afe
Samudra_Prahari_Dataset_v2/Detection/images/test/pure_synth_uatd_0267.jpg,Samudra_Prahari_Dataset_v2/Detection/labels/train/pure_synth_uatd_0267.txt,pure_synth_uatd,pure_synth_uatd_0267,train,train,box,synthetic,cylinder,8c954f33ba84e22d1b569d3b2c5c773abf8e44e3d2be85e02f78d1f5b18e9665
Samudra_Prahari_Dataset_v2/Detection/images/test/pure_synth_uatd_0268.jpg,Samudra_Prahari_Dataset_v2/Detection/labels/train/pure_synth_uatd_0268.txt,pure_synth_uatd,pure_synth_uatd_0268,train,train,box,synthetic,cylinder,fd0707141cd8f9e9374e3b3b0d22b89d08ae2b616d962a1d7ef34f814743ae05
Samudra_Prahari_Dataset_v2/Detection/images/test/pure_synth_uatd_0269.jpg,Samudra_Prahari_Dataset_v2/Detection/labels/train/pure_synth_uatd_0269.txt,pure_synth_uatd,pure_synth_uatd_0269,train,train,box,synthetic,cylinder,4eab8a1755d5e5ea3f6823cbfea8f706efff55f504e252e6a07c40fab7ba4df1
Samudra_Prahari_Dataset_v2/Detection/images/test/pure_synth_uatd_0270.jpg,Samudra_Prahari_Dataset_v2/Detection/labels/train/pure_synth_uatd_0270.txt,pure_synth_uatd,pure_synth_uatd_0270,train,train,box,synthetic,cylinder,2bffdebdf36b341bdd51fe0b507e673935a57d48dfda40b702a23409a6f9804d
Samudra_Prahari_Dataset_v2/Detection/images/test/pure_synth_uatd_0272.jpg,Samudra_Prahari_Dataset_v2/Detection/labels/train/pure_synth_uatd_0272.txt,pure_synth_uatd,pure_synth_uatd_0272,train,train,box,synthetic,cylinder,c40ff5b9650fe1ba51b306bb517dcd3ac934b49113cb0522b31788f85ec20ef8
Samudra_Prahari_Dataset_v2/Detection/images/test/pure_synth_uatd_0274.jpg,Samudra_Prahari_Dataset_v2/Detection/labels/train/pure_synth_uatd_0274.txt,pure_synth_uatd,pure_synth_uatd_0274,train,train,box,synthetic,cylinder,a6461c31c259fa021c6e11051bf7edb7c7611ea51625c5beac3d7b0111566770
Samudra_Prahari_Dataset_v2/Detection/images/test/pure_synth_uatd_0276.jpg,Samudra_Prahari_Dataset_v2/Detection/labels/train/pure_synth_uatd_0276.txt,pure_synth_uatd,pure_synth_uatd_0276,train,train,box,synthetic,cylinder,19805c1b7e2b921bc74d32e370d796a112fc497c6feb7ab894b734cc8cd35227
Samudra_Prahari_Dataset_v2/Detection/images/test/pure_synth_uatd_0277.jpg,Samudra_Prahari_Dataset_v2/Detection/labels/train/pure_synth_uatd_0277.txt,pure_synth_uatd,pure_synth_uatd_0277,train,train,box,synthetic,cylinder,e2c7263237eefbcee3db6f0997ef73b837d58ada824b117e3a3c2c423a0e00bf
Samudra_Prahari_Dataset_v2/Detection/images/test/pure_synth_uatd_0278.jpg,Samudra_Prahari_Dataset_v2/Detection/labels/train/pure_synth_uatd_0278.txt,pure_synth_uatd,pure_synth_uatd_0278,val,train,box,synthetic,cylinder,921fa5738b720365f90638466d2d65f0486db6b4d42ff024729ce8b48f41d185
Samudra_Prahari_Dataset_v2/Detection/images/test/pure_synth_uatd_0279.jpg,Samudra_Prahari_Dataset_v2/Detection/labels/train/pure_synth_uatd_0279.txt,pure_synth_uatd,pure_synth_uatd_0279,train,train,box,synthetic,cylinder,50536edff86f33e402bcb2fa5d6c927f84fe3c585a341e78416e93e48727ecaf
Samudra_Prahari_Dataset_v2/Detection/images/test/pure_synth_uatd_0280.jpg,Samudra_Prahari_Dataset_v2/Detection/labels/train/pure_synth_uatd_0280.txt,pure_synth_uatd,pure_synth_uatd_0280,train,train,box,synthetic,cylinder,6d44f3ede0da413c0c6205ebc2de27cb3d383dad4bc2c4471a389734b477ff7b
Samudra_Prahari_Dataset_v2/Detection/images/test/pure_synth_uatd_0281.jpg,Samudra_Prahari_Dataset_v2/Detection/labels/train/pure_synth_uatd_0281.txt,pure_synth_uatd,pure_synth_uatd_0281,val,train,box,synthetic,cylinder,a273736d007e64be90efdf6399ac1ee9238d65ef6e2757c4827975dfde8f63d8
Samudra_Prahari_Dataset_v2/Detection/images/test/pure_synth_uatd_0284.jpg,Samudra_Prahari_Dataset_v2/Detection/labels/train/pure_synth_uatd_0284.txt,pure_synth_uatd,pure_synth_uatd_0284,train,train,box,synthetic,cylinder,99a2e0c48ae9d31bcfefbd406125d069bcc6bce313ca947fdcdcd5babf732d12
Samudra_Prahari_Dataset_v2/Detection/images/test/pure_synth_uatd_0285.jpg,Samudra_Prahari_Dataset_v2/Detection/labels/train/pure_synth_uatd_0285.txt,pure_synth_uatd,pure_synth_uatd_0285,train,train,box,synthetic,cylinder,855ff8c96ff8cef449761f156dd13a708c5b8b7d60817b2ff1d4ed5df1ba4dcf
Samudra_Prahari_Dataset_v2/Detection/images/test/pure_synth_uatd_0287.jpg,Samudra_Prahari_Dataset_v2/Detection/labels/train/pure_synth_uatd_0287.txt,pure_synth_uatd,pure_synth_uatd_0287,val,train,box,synthetic,cylinder,439d53d3c0867fcea4c4667b592b5c913b13b6c6a7da92b248f97744055f5d91
Samudra_Prahari_Dataset_v2/Detection/images/test/pure_synth_uatd_0288.jpg,Samudra_Prahari_Dataset_v2/Detection/labels/train/pure_synth_uatd_0288.txt,pure_synth_uatd,pure_synth_uatd_0288,train,train,box,synthetic,cylinder,0a72f34024de6cad0f9bcc33c49bcadfeca1bd38be5fa8e5c489d7c69e461c7c
Samudra_Prahari_Dataset_v2/Detection/images/test/pure_synth_uatd_0289.jpg,Samudra_Prahari_Dataset_v2/Detection/labels/train/pure_synth_uatd_0289.txt,pure_synth_uatd,pure_synth_uatd_0289,val,train,box,synthetic,cylinder,8d1a7aea73fec592522537cd08296460c3bbed9c39c2b4c490fccfe05f180101
Samudra_Prahari_Dataset_v2/Detection/images/test/pure_synth_uatd_0291.jpg,Samudra_Prahari_Dataset_v2/Detection/labels/train/pure_synth_uatd_0291.txt,pure_synth_uatd,pure_synth_uatd_0291,train,train,box,synthetic,cylinder,6555814dd38236829fc155e69fd71b48ae42608fce317077513d9bc44da75b3a
Samudra_Prahari_Dataset_v2/Detection/images/test/pure_synth_uatd_0292.jpg,Samudra_Prahari_Dataset_v2/Detection/labels/train/pure_synth_uatd_0292.txt,pure_synth_uatd,pure_synth_uatd_0292,test,train,box,synthetic,cylinder,42c803f0642cc1c5f27d94156fee6330435e6f1928de396ae6b539e89dee8ba9
Samudra_Prahari_Dataset_v2/Detection/images/test/pure_synth_uatd_0293.jpg,Samudra_Prahari_Dataset_v2/Detection/labels/train/pure_synth_uatd_0293.txt,pure_synth_uatd,pure_synth_uatd_0293,train,train,box,synthetic,cylinder,f700a95db3e9db4f14f14ae8f3715bdb2211d526f4685f3f0926246a057282cd
Samudra_Prahari_Dataset_v2/Detection/images/test/pure_synth_uatd_0294.jpg,Samudra_Prahari_Dataset_v2/Detection/labels/train/pure_synth_uatd_0294.txt,pure_synth_uatd,pure_synth_uatd_0294,train,train,box,synthetic,cylinder,bfd917d01adc9d61fb453ee95f8db381eb07c0b075554e4232e036a2f228f18b
Samudra_Prahari_Dataset_v2/Detection/images/test/pure_synth_uatd_0295.jpg,Samudra_Prahari_Dataset_v2/Detection/labels/train/pure_synth_uatd_0295.txt,pure_synth_uatd,pure_synth_uatd_0295,test,train,box,synthetic,cylinder,4d909c59d7d96d1594d17f5a3f9716a516b6ef057e64f8f8b105fcd288d630c6
Samudra_Prahari_Dataset_v2/Detection/images/test/pure_synth_uatd_0297.jpg,Samudra_Prahari_Dataset_v2/Detection/labels/train/pure_synth_uatd_0297.txt,pure_synth_uatd,pure_synth_uatd_0297,train,train,box,synthetic,cylinder,e1596adeb9665b4e999829df574ee9db3ad4efd1770d7849f79b8627e0101bc7
Samudra_Prahari_Dataset_v2/Detection/images/test/pure_synth_uatd_0298.jpg,Samudra_Prahari_Dataset_v2/Detection/labels/train/pure_synth_uatd_0298.txt,pure_synth_uatd,pure_synth_uatd_0298,train,train,box,synthetic,cylinder,3784c07669aef6b287cc4d4345684d68b4ba9aaed56244c6be4757d8051f9026
Samudra_Prahari_Dataset_v2/Detection/images/test/sctd_000006.jpg,Samudra_Prahari_Dataset_v2/Detection/labels/train/sctd_000006.txt,sctd,sctd_000006,train,train,box,real,aircraft,490796e47df2cc3001331a78ab6e3f2a41b1b83185a5460457612f87287538aa
Samudra_Prahari_Dataset_v2/Detection/images/test/sctd_000007.jpg,Samudra_Prahari_Dataset_v2/Detection/labels/train/sctd_000007.txt,sctd,sctd_000007,train,train,box,real,aircraft,530bdfc80a18fe0e7433dc9b70b6f6840a54a4e38596bb7873d0343adbd2ab85
Samudra_Prahari_Dataset_v2/Detection/images/test/sctd_000008.jpg,Samudra_Prahari_Dataset_v2/Detection/labels/train/sctd_000008.txt,sctd,sctd_000008,train,train,box,real,aircraft,21ea90c2c8a8381398c9384bbf93e52ea41c650aea1809654552ec48c98efd11
Samudra_Prahari_Dataset_v2/Detection/images/test/sctd_000010.jpg,Samudra_Prahari_Dataset_v2/Detection/labels/train/sctd_000010.txt,sctd,sctd_000010,train,train,box,real,aircraft,f10b21464434ad80ca00eca945e5a5e6e35d4ff45bddf6d3a3f311c1ca2005a5
Samudra_Prahari_Dataset_v2/Detection/images/test/sctd_000012.jpg,Samudra_Prahari_Dataset_v2/Detection/labels/train/sctd_000012.txt,sctd,sctd_000012,train,train,box,real,aircraft,a64ca5b9c6895c3159851734a98a5e30c75a6f35e54f8e3630a3f612ecb9e47a
Samudra_Prahari_Dataset_v2/Detection/images/test/sctd_000013.jpg,Samudra_Prahari_Dataset_v2/Detection/labels/train/sctd_000013.txt,sctd,sctd_000013,test,train,box,real,aircraft,f1814498966767ad0090606485e6f64155679263deff15075f65735bb8ddbd6b
Samudra_Prahari_Dataset_v2/Detection/images/test/sctd_000014.jpg,Samudra_Prahari_Dataset_v2/Detection/labels/train/sctd_000014.txt,sctd,sctd_000014,train,train,box,real,aircraft,c3cea64a7a03931c109682e5f54665eaf31f7197b821f6b36e4e15058b04f571
Samudra_Prahari_Dataset_v2/Detection/images/test/sctd_000018.jpg,Samudra_Prahari_Dataset_v2/Detection/labels/train/sctd_000018.txt,sctd,sctd_000018,test,train,box,real,aircraft,d50bb0ca874a817e272b073cf2e5e0a89655eb54489928589cd95a5d64563f80
Samudra_Prahari_Dataset_v2/Detection/images/test/sctd_000020.jpg,Samudra_Prahari_Dataset_v2/Detection/labels/train/sctd_000020.txt,sctd,sctd_000020,val,train,box,real,aircraft,388195932a398023b775f404066836bd9e50828881a23b7a86727b7dc5658d90
Samudra_Prahari_Dataset_v2/Detection/images/test/sctd_000024.jpg,Samudra_Prahari_Dataset_v2/Detection/labels/train/sctd_000024.txt,sctd,sctd_000024,val,train,box,real,aircraft,41933749591ddeba412608763c824497cdc273daf880d98909caf63ff222b461
Samudra_Prahari_Dataset_v2/Detection/images/test/sctd_000027.jpg,Samudra_Prahari_Dataset_v2/Detection/labels/train/sctd_000027.txt,sctd,sctd_000027,val,train,box,real,aircraft,b17b76cc553fb7046e4dcd4eb41914396eaf0df0c3c4d71751a2650676d38c4d
Samudra_Prahari_Dataset_v2/Detection/images/test/sctd_000032.jpg,Samudra_Prahari_Dataset_v2/Detection/labels/train/sctd_000032.txt,sctd,sctd_000032,train,train,box,real,aircraft,474143628bc0b32b5c7880437372f890f2577b5e922deae8ce2107c82647cda3
Samudra_Prahari_Dataset_v2/Detection/images/test/sctd_000033.jpg,Samudra_Prahari_Dataset_v2/Detection/labels/train/sctd_000033.txt,sctd,sctd_000033,train,train,box,real,aircraft,2d8376ac59e6ee83f48228ecd4cd14f53294e0fbec333960f0ad5552014b65a1
Samudra_Prahari_Dataset_v2/Detection/images/test/sctd_000037.jpg,Samudra_Prahari_Dataset_v2/Detection/labels/train/sctd_000037.txt,sctd,sctd_000037,train,train,box,real,aircraft,54631bfc36bb1ea906317f48a91f803243da92a8ae7df4e68a9dfd0cb201b926
Samudra_Prahari_Dataset_v2/Detection/images/test/sctd_000038.jpg,Samudra_Prahari_Dataset_v2/Detection/labels/train/sctd_000038.txt,sctd,sctd_000038,val,train,box,real,aircraft,d854668ee0509b22ef12465dc390cec7d9aacacf944d0152220bab6d159568d6
Samudra_Prahari_Dataset_v2/Detection/images/test/sctd_000039.jpg,Samudra_Prahari_Dataset_v2/Detection/labels/train/sctd_000039.txt,sctd,sctd_000039,train,train,box,real,aircraft,1cf7b8cee44058532b41eb8e450eb271222c658eea03acf52ba8332257f95428
Samudra_Prahari_Dataset_v2/Detection/images/test/sctd_000041.jpg,Samudra_Prahari_Dataset_v2/Detection/labels/train/sctd_000041.txt,sctd,sctd_000041,val,train,box,real,aircraft,faef73003423aea13171c9723d6503e906a0d34e7585c398cc3ca4a68db8e7e8
Samudra_Prahari_Dataset_v2/Detection/images/test/sctd_000044.jpg,Samudra_Prahari_Dataset_v2/Detection/labels/train/sctd_000044.txt,sctd,sctd_000044,train,train,box,real,aircraft,2449c6912a9465110985dc47aafca19760063e89a8af6e409a266c3a113ac684
Samudra_Prahari_Dataset_v2/Detection/images/test/sctd_000045.jpg,Samudra_Prahari_Dataset_v2/Detection/labels/train/sctd_000045.txt,sctd,sctd_000045,val,train,box,real,aircraft,2033a184c5e30740035a819251e0e9a7379f8c61553baafd9b91b86ddf2e1ce9
Samudra_Prahari_Dataset_v2/Detection/images/test/sctd_000051.jpg,Samudra_Prahari_Dataset_v2/Detection/labels/train/sctd_000051.txt,sctd,sctd_000051,test,train,box,real,aircraft,24768ef2285f97143b0cd2a05220dc00b872a6e7146722f08422b8aa3f92ad6c
Samudra_Prahari_Dataset_v2/Detection/images/test/sctd_000054.jpg,Samudra_Prahari_Dataset_v2/Detection/labels/train/sctd_000054.txt,sctd,sctd_000054,train,train,box,real,aircraft,f1c0aa7731b102ab25f311893021c986724732fe1a8615a7d1cdbcb13b73dddb
Samudra_Prahari_Dataset_v2/Detection/images/test/sctd_000055.jpg,Samudra_Prahari_Dataset_v2/Detection/labels/train/sctd_000055.txt,sctd,sctd_000055,train,train,box,real,aircraft,3602977fcd89c37fdf4946e6b41e38d4c869c348fb8a9ae2c8c76d05646fdc4d
Samudra_Prahari_Dataset_v2/Detection/images/test/sctd_000056.jpg,Samudra_Prahari_Dataset_v2/Detection/labels/train/sctd_000056.txt,sctd,sctd_000056,val,train,box,real,aircraft,4017f3cf851299673952fd2f0a232b93bbba8c03ce11168418f2cc32a46e0645
Samudra_Prahari_Dataset_v2/Detection/images/test/sctd_000057.jpg,Samudra_Prahari_Dataset_v2/Detection/labels/train/sctd_000057.txt,sctd,sctd_000057,train,train,box,real,aircraft,86b1d049dcf44cd2fe969f5d6a23b1935025b72534beb35c8a763a39035e370d
Samudra_Prahari_Dataset_v2/Detection/images/test/sctd_000058.jpg,Samudra_Prahari_Dataset_v2/Detection/labels/train/sctd_000058.txt,sctd,sctd_000058,train,train,box,real,aircraft,4daa01a6f6a139fbdcf071687d0537462282ad308f421f41f86f95eee30f435c
Samudra_Prahari_Dataset_v2/Detection/images/test/sctd_000059.jpg,Samudra_Prahari_Dataset_v2/Detection/labels/train/sctd_000059.txt,sctd,sctd_000059,test,train,box,real,aircraft,14327cfbae526100e41b40a25fc0d85fc4afda7d92487c7919971d28155df253
Samudra_Prahari_Dataset_v2/Detection/images/test/sctd_000061.jpg,Samudra_Prahari_Dataset_v2/Detection/labels/train/sctd_000061.txt,sctd,sctd_000061,train,train,box,real,aircraft,bc015b012436f32c8f2a74c77dab43f70d1cc3d358395648d3fa18fdb553ff9c
Samudra_Prahari_Dataset_v2/Detection/images/test/sctd_000063.jpg,Samudra_Prahari_Dataset_v2/Detection/labels/train/sctd_000063.txt,sctd,sctd_000063,test,train,box,real,aircraft,0d1d6de456f1fbb7486f549377bcdb8ee120ed97e4489b7e099767446ceb4697
Samudra_Prahari_Dataset_v2/Detection/images/test/sctd_000065.jpg,Samudra_Prahari_Dataset_v2/Detection/labels/train/sctd_000065.txt,sctd,sctd_000065,train,train,box,real,aircraft,acb15e31fa4ddeb841477caf5f9ba345bce982bc8aeced7b2e74d250332a34bc
Samudra_Prahari_Dataset_v2/Detection/images/test/sctd_000066.jpg,Samudra_Prahari_Dataset_v2/Detection/labels/train/sctd_000066.txt,sctd,sctd_000066,val,train,box,real,aircraft,674a98d0bc4fb5bd260bcacec6c61ec5a2da357ff6395de535118a13d9b0f3dd
Samudra_Prahari_Dataset_v2/Detection/images/test/sctd_000068.jpg,Samudra_Prahari_Dataset_v2/Detection/labels/train/sctd_000068.txt,sctd,sctd_000068,val,train,box,real,aircraft,02f15121ff4a93ad17d5f4a25fd52ad88448e481a4f7a15fed8fed10358c2cfe
Samudra_Prahari_Dataset_v2/Detection/images/test/sctd_000070.jpg,Samudra_Prahari_Dataset_v2/Detection/labels/train/sctd_000070.txt,sctd,sctd_000070,train,train,box,real,aircraft,d857ce703d2bc66dd10e4e7781807c4833eb8344d1aab180eaab68054b2d13fd
Samudra_Prahari_Dataset_v2/Detection/images/test/sctd_000071.jpg,Samudra_Prahari_Dataset_v2/Detection/labels/train/sctd_000071.txt,sctd,sctd_000071,train,train,box,real,aircraft,6be339664dd612040ef0761d60b2d55668bdf7d3c50b72c636308e5e5e63a842
Samudra_Prahari_Dataset_v2/Detection/images/test/sctd_000073.jpg,Samudra_Prahari_Dataset_v2/Detection/labels/train/sctd_000073.txt,sctd,sctd_000073,train,train,box,real,aircraft,a03fce969fa16227ee0d9d3832d97c404e9da05f39a38f02decedaca6b8d2277
Samudra_Prahari_Dataset_v2/Detection/images/test/sctd_000074.jpg,Samudra_Prahari_Dataset_v2/Detection/labels/train/sctd_000074.txt,sctd,sctd_000074,train,train,box,real,aircraft,b7af6cb5fcfe18f8d68e9a94786cfba69b0e5a4becf5e2ebaaca94fbbbb9f129
Samudra_Prahari_Dataset_v2/Detection/images/test/sctd_000075.jpg,Samudra_Prahari_Dataset_v2/Detection/labels/train/sctd_000075.txt,sctd,sctd_000075,train,train,box,real,aircraft,8bb48de18ad8980c5aa67c7509bb9e5d0f3d403056d621796e13d8879635fa3f
Samudra_Prahari_Dataset_v2/Detection/images/test/sctd_000077.jpg,Samudra_Prahari_Dataset_v2/Detection/labels/train/sctd_000077.txt,sctd,sctd_000077,train,train,box,real,aircraft,3829ca63936d69073f7e523a88d1172a29a54fa6a9fd755a4cd227d462ec067c
Samudra_Prahari_Dataset_v2/Detection/images/test/sctd_000078.jpg,Samudra_Prahari_Dataset_v2/Detection/labels/train/sctd_000078.txt,sctd,sctd_000078,train,train,box,real,aircraft,11b5fd5114a62fe85c27f4e59f09675e2484e4ead93b2d913ebdfd0c06d1bd57
Samudra_Prahari_Dataset_v2/Detection/images/test/sctd_000079.jpg,Samudra_Prahari_Dataset_v2/Detection/labels/train/sctd_000079.txt,sctd,sctd_000079,val,train,box,real,aircraft,d43428e0f99fa2cdb278357c1a729330d907309608f60320d6338c29c65ff4aa
Samudra_Prahari_Dataset_v2/Detection/images/test/sctd_000080.jpg,Samudra_Prahari_Dataset_v2/Detection/labels/train/sctd_000080.txt,sctd,sctd_000080,train,train,box,real,aircraft,5ef0c2457747c9e17af1aa4412fe1c9f3b3e56af2bfda2bd3cdcae983f766619
Samudra_Prahari_Dataset_v2/Detection/images/test/sctd_000081.jpg,Samudra_Prahari_Dataset_v2/Detection/labels/train/sctd_000081.txt,sctd,sctd_000081,train,train,box,real,aircraft,41ec666565aa723d0139477cfef11ce9535b64fab0e4f038cb3e3536b8e978f5
Samudra_Prahari_Dataset_v2/Detection/images/test/sctd_000085.jpg,Samudra_Prahari_Dataset_v2/Detection/labels/train/sctd_000085.txt,sctd,sctd_000085,train,train,box,real,aircraft,c112d3783bcc5e2f2e0f06262c13d74d0b477eeb8dcc3b340cb39f67426a546e
Samudra_Prahari_Dataset_v2/Detection/images/test/sctd_000086.jpg,Samudra_Prahari_Dataset_v2/Detection/labels/train/sctd_000086.txt,sctd,sctd_000086,test,train,box,real,aircraft,fcc8afd4764e8ba31bad515c296b8dcd275672790b5179738686795d371a6180
Samudra_Prahari_Dataset_v2/Detection/images/test/sctd_000088.jpg,Samudra_Prahari_Dataset_v2/Detection/labels/train/sctd_000088.txt,sctd,sctd_000088,train,train,box,real,aircraft,67cac4621e70159658364f8c02e57988748761808ec42c559d8c9365a97eff19
Samudra_Prahari_Dataset_v2/Detection/images/test/sctd_000089.jpg,Samudra_Prahari_Dataset_v2/Detection/labels/train/sctd_000089.txt,sctd,sctd_000089,test,train,box,real,aircraft,e6884d88b9b1db42b722dfa5b5af4bac65a6854895f312abd069f2fb4b4703ea
Samudra_Prahari_Dataset_v2/Detection/images/test/sctd_000090.jpg,Samudra_Prahari_Dataset_v2/Detection/labels/train/sctd_000090.txt,sctd,sctd_000090,train,train,box,real,aircraft,2fdb89761dae450b534967a698e931d7dadfd43c719cda1175d0d417d260f913
Samudra_Prahari_Dataset_v2/Detection/images/test/sctd_000135.jpg,Samudra_Prahari_Dataset_v2/Detection/labels/train/sctd_000135.txt,sctd,sctd_000135,train,train,box,real,shipwreck,c896c63cf9e5eb6797f32321512146b4849945fcd4b16cfbbce49ef5d22d96f2
Samudra_Prahari_Dataset_v2/Detection/images/test/sctd_000138.jpg,Samudra_Prahari_Dataset_v2/Detection/labels/train/sctd_000138.txt,sctd,sctd_000138,train,train,box,real,shipwreck,08573f27ea9d0df8d80508b43034e953a2d83927d0c895151d6c681719b03ddf
Samudra_Prahari_Dataset_v2/Detection/images/test/sctd_000139.jpg,Samudra_Prahari_Dataset_v2/Detection/labels/train/sctd_000139.txt,sctd,sctd_000139,test,train,box,real,shipwreck,f78b90951d9934c3179100afbfc1f234f5289fbc8347e45bdbe77ec529f8f7b9
Samudra_Prahari_Dataset_v2/Detection/images/test/sctd_000142.jpg,Samudra_Prahari_Dataset_v2/Detection/labels/train/sctd_000142.txt,sctd,sctd_000142,train,train,box,real,shipwreck,e88f916542bcef869b174194c0c5680641381433a332334e30a6d33efbf31463
Samudra_Prahari_Dataset_v2/Detection/images/test/sctd_000143.jpg,Samudra_Prahari_Dataset_v2/Detection/labels/train/sctd_000143.txt,sctd,sctd_000143,train,train,box,real,shipwreck,7162e098b1c541a9de69b7369ef9552620f5e5b9eac0168c6a18f3a3db624837
Samudra_Prahari_Dataset_v2/Detection/images/test/sctd_000145.jpg,Samudra_Prahari_Dataset_v2/Detection/labels/train/sctd_000145.txt,sctd,sctd_000145,train,train,box,real,shipwreck,d19cf096cb57445f8b57b1a0a1c8f8e230a5f20582af7dd5fe7e5118e43b07fd
Samudra_Prahari_Dataset_v2/Detection/images/test/sctd_000147.jpg,Samudra_Prahari_Dataset_v2/Detection/labels/train/sctd_000147.txt,sctd,sctd_000147,val,train,box,real,shipwreck,f8cd934a9f0cc40b0eef175700be0ecc78686281b303925604ba9018884766de
Samudra_Prahari_Dataset_v2/Detection/images/test/sctd_000150.jpg,Samudra_Prahari_Dataset_v2/Detection/labels/train/sctd_000150.txt,sctd,sctd_000150,val,train,box,real,shipwreck,df37f0a7ee3a26b3f7137ecb4be25c6d465d064912ef09c51c8598ac60fa90da
Samudra_Prahari_Dataset_v2/Detection/images/test/sctd_000154.jpg,Samudra_Prahari_Dataset_v2/Detection/labels/train/sctd_000154.txt,sctd,sctd_000154,train,train,box,real,shipwreck,1bbc1d26b2a24122780ed9afd7624def0c031f86b6f3c6670ca0a5e3cc58c058
Samudra_Prahari_Dataset_v2/Detection/images/test/sctd_000158.jpg,Samudra_Prahari_Dataset_v2/Detection/labels/train/sctd_000158.txt,sctd,sctd_000158,train,train,box,real,shipwreck,2e6eaec7b399950784dd358536c611a48f89e92d1bd6cf56c3414350cc10ed42
Samudra_Prahari_Dataset_v2/Detection/images/test/sctd_000160.jpg,Samudra_Prahari_Dataset_v2/Detection/labels/train/sctd_000160.txt,sctd,sctd_000160,train,train,box,real,shipwreck,77bc9f02e779da04313d18015fe8ec2f04901e451d77f1d309464a5ec0bd6a78
Samudra_Prahari_Dataset_v2/Detection/images/test/sctd_000161.jpg,Samudra_Prahari_Dataset_v2/Detection/labels/train/sctd_000161.txt,sctd,sctd_000161,val,train,box,real,shipwreck,6e598b26444b11fb084c63479020a67a8a4e268e62283e6ac64b4fb04a98e31c
Samudra_Prahari_Dataset_v2/Detection/images/test/sctd_000162.jpg,Samudra_Prahari_Dataset_v2/Detection/labels/train/sctd_000162.txt,sctd,sctd_000162,train,train,box,real,shipwreck,fa767c82898bcf6fd5d83ad88adc5ccaf8a11e78ae5f493c79133a5239c32dbf
Samudra_Prahari_Dataset_v2/Detection/images/test/sctd_000163.jpg,Samudra_Prahari_Dataset_v2/Detection/labels/train/sctd_000163.txt,sctd,sctd_000163,train,train,box,real,shipwreck,7fceb4edd48812cf02785f6c76394a774962719ec823a840677c08803f373452
Samudra_Prahari_Dataset_v2/Detection/images/test/sctd_000164.jpg,Samudra_Prahari_Dataset_v2/Detection/labels/train/sctd_000164.txt,sctd,sctd_000164,train,train,box,real,shipwreck,de47a15ad9f137aba39a779f105beec778b6d1fd3efc44ffd3a251d259d347b3
Samudra_Prahari_Dataset_v2/Detection/images/test/sctd_000167.jpg,Samudra_Prahari_Dataset_v2/Detection/labels/train/sctd_000167.txt,sctd,sctd_000167,train,train,box,real,shipwreck,7c56787fab4ca2e5a532af6e4d704fb0bbde9ae501462a728190376ff98b6dec
Samudra_Prahari_Dataset_v2/Detection/images/test/sctd_000171.jpg,Samudra_Prahari_Dataset_v2/Detection/labels/train/sctd_000171.txt,sctd,sctd_000171,train,train,box,real,shipwreck,f044f667d0735fe72f3653102ff2aa6077c335dc3a8026818b161af71305defa
Samudra_Prahari_Dataset_v2/Detection/images/test/sctd_000175.jpg,Samudra_Prahari_Dataset_v2/Detection/labels/train/sctd_000175.txt,sctd,sctd_000175,test,train,box,real,shipwreck,b8ca53841e60d00f87b315241556ceaacbcc1836fa09e6878d234c95ec595e48
Samudra_Prahari_Dataset_v2/Detection/images/test/sctd_000179.jpg,Samudra_Prahari_Dataset_v2/Detection/labels/train/sctd_000179.txt,sctd,sctd_000179,train,train,box,real,shipwreck,83a40bed6e59e6506fe33f4b0a62f7ec1b8fcfd718ce61e63a140779d733ae6d
Samudra_Prahari_Dataset_v2/Detection/images/test/sctd_000180.jpg,Samudra_Prahari_Dataset_v2/Detection/labels/train/sctd_000180.txt,sctd,sctd_000180,test,train,box,real,shipwreck,701a748a2e9a223af0d26c269dfa0b0949e32b6392731da02d56988e14bd7176
Samudra_Prahari_Dataset_v2/Detection/images/test/sctd_000181.jpg,Samudra_Prahari_Dataset_v2/Detection/labels/train/sctd_000181.txt,sctd,sctd_000181,val,train,box,real,shipwreck,fef7c20c68b918652b7d29a5f0a04d3bc9a1b9fa5440e34fa8fb3749742300d5
Samudra_Prahari_Dataset_v2/Detection/images/test/sctd_000183.jpg,Samudra_Prahari_Dataset_v2/Detection/labels/train/sctd_000183.txt,sctd,sctd_000183,train,train,box,real,shipwreck,4c0cd133973f0793d44406b053bd3d528860111c02a59d1617d0f842cd9f9d7d
Samudra_Prahari_Dataset_v2/Detection/images/test/sctd_000185.jpg,Samudra_Prahari_Dataset_v2/Detection/labels/train/sctd_000185.txt,sctd,sctd_000185,train,train,box,real,shipwreck,cd413ed64e92e4d826b905ed078aca48e63a1a6abd9d442c6dfa3505e53080e9
Samudra_Prahari_Dataset_v2/Detection/images/test/sctd_000187.jpg,Samudra_Prahari_Dataset_v2/Detection/labels/train/sctd_000187.txt,sctd,sctd_000187,val,train,box,real,shipwreck,fe925131783c72c4a697a70c3086b856f91590d0946d6b0e8ed8856dc99b108c
Samudra_Prahari_Dataset_v2/Detection/images/test/sctd_000189.jpg,Samudra_Prahari_Dataset_v2/Detection/labels/train/sctd_000189.txt,sctd,sctd_000189,train,train,box,real,shipwreck,a81a22b24c04075a978bbc478199e6c25399669a4de63f9223cfb61826955d5d
Samudra_Prahari_Dataset_v2/Detection/images/test/sctd_000193.jpg,Samudra_Prahari_Dataset_v2/Detection/labels/train/sctd_000193.txt,sctd,sctd_000193,train,train,box,real,shipwreck,c7bb94048a215cd2a765592c489fec75c8fcd827b4909562743b337df9e9bfb1
Samudra_Prahari_Dataset_v2/Detection/images/test/sctd_000196.jpg,Samudra_Prahari_Dataset_v2/Detection/labels/train/sctd_000196.txt,sctd,sctd_000196,train,train,box,real,shipwreck,d2fe1d9b30639776b584d0f562ea1f3a4c5c34d8065872b914badb6f2e009e1d
Samudra_Prahari_Dataset_v2/Detection/images/test/sctd_000200.jpg,Samudra_Prahari_Dataset_v2/Detection/labels/train/sctd_000200.txt,sctd,sctd_000200,test,train,box,real,shipwreck,57682860fbabf7423f6c43e7b200c41e07f1a84e6b8490997797ac791a439349
Samudra_Prahari_Dataset_v2/Detection/images/test/sctd_000201.jpg,Samudra_Prahari_Dataset_v2/Detection/labels/train/sctd_000201.txt,sctd,sctd_000201,train,train,box,real,shipwreck,10c1641ec1d590c74f597ec9eb529944cb6b7aad2037c600e48ad10a19dba121
Samudra_Prahari_Dataset_v2/Detection/images/test/sctd_000202.jpg,Samudra_Prahari_Dataset_v2/Detection/labels/train/sctd_000202.txt,sctd,sctd_000202,test,train,box,real,shipwreck,bdfd336ea2895ad789b00fc43a222cf376529ebf1b62138ff1b8fb57ce6dfc60
Samudra_Prahari_Dataset_v2/Detection/images/test/sctd_000203.jpg,Samudra_Prahari_Dataset_v2/Detection/labels/train/sctd_000203.txt,sctd,sctd_000203,train,train,box,real,shipwreck,26b7d8d246c2741c9a621f5622811998a76d12d25f700a8f8926b54c51bf0cb6
Samudra_Prahari_Dataset_v2/Detection/images/test/sctd_000204.jpg,Samudra_Prahari_Dataset_v2/Detection/labels/train/sctd_000204.txt,sctd,sctd_000204,test,train,box,real,shipwreck,a837325ae07fdd3caeaa80da34b141fa2e78879c96d0c832e80fa43feab94521
Samudra_Prahari_Dataset_v2/Detection/images/test/sctd_000206.jpg,Samudra_Prahari_Dataset_v2/Detection/labels/train/sctd_000206.txt,sctd,sctd_000206,train,train,box,real,shipwreck,884d5cb4d15bd719f739a198da1c179009f346818865b978dc9f7aa801b99ea2
Samudra_Prahari_Dataset_v2/Detection/images/test/sctd_000209.jpg,Samudra_Prahari_Dataset_v2/Detection/labels/train/sctd_000209.txt,sctd,sctd_000209,train,train,box,real,shipwreck,7137d60f025b01975d93c9b29dd0a393eca983eee839ef012c7daa35ba0cf4d6
Samudra_Prahari_Dataset_v2/Detection/images/test/sctd_000211.jpg,Samudra_Prahari_Dataset_v2/Detection/labels/train/sctd_000211.txt,sctd,sctd_000211,train,train,box,real,shipwreck,b4ef78b274ec6ffdd18f32f1c7e458045498fd76d2d94f51d40c71d1a6f3cb26
Samudra_Prahari_Dataset_v2/Detection/images/test/sctd_000212.jpg,Samudra_Prahari_Dataset_v2/Detection/labels/train/sctd_000212.txt,sctd,sctd_000212,val,train,box,real,shipwreck,e45bc06f457c173ca282deb707d81cee21ddf2d96a5b021544df6f46d49f64db
Samudra_Prahari_Dataset_v2/Detection/images/test/sctd_000213.jpg,Samudra_Prahari_Dataset_v2/Detection/labels/train/sctd_000213.txt,sctd,sctd_000213,val,train,box,real,shipwreck,df956032de059ebea04703ecd33ff060dec9f9c66a2b9f93af639a151ae0f53a
Samudra_Prahari_Dataset_v2/Detection/images/test/sctd_000214.jpg,Samudra_Prahari_Dataset_v2/Detection/labels/train/sctd_000214.txt,sctd,sctd_000214,train,train,box,real,shipwreck,d83699990b75691ddc59154cc38d1343b282bdbf33340bb060738dc17728138f
Samudra_Prahari_Dataset_v2/Detection/images/test/sctd_000215.jpg,Samudra_Prahari_Dataset_v2/Detection/labels/train/sctd_000215.txt,sctd,sctd_000215,val,train,box,real,shipwreck,6d0edb73bcb24064dfb843d0204703d92c35bb411ed48bd0a822bb298819c85a
Samudra_Prahari_Dataset_v2/Detection/images/test/sctd_000217.jpg,Samudra_Prahari_Dataset_v2/Detection/labels/train/sctd_000217.txt,sctd,sctd_000217,train,train,box,real,shipwreck,f6f129967f9e0b08fb850054475b29289c60578741aa14668c69abe325c53280
Samudra_Prahari_Dataset_v2/Detection/images/test/sctd_000218.jpg,Samudra_Prahari_Dataset_v2/Detection/labels/train/sctd_000218.txt,sctd,sctd_000218,train,train,box,real,shipwreck,47df8eff669ade5b5b2239811690287e1dc3bcb5cd0713b77dd16cb75cbe43cf
Samudra_Prahari_Dataset_v2/Detection/images/test/sctd_000219.jpg,Samudra_Prahari_Dataset_v2/Detection/labels/train/sctd_000219.txt,sctd,sctd_000219,train,train,box,real,shipwreck,2c4f1b22bcd5e6dd3c2354cbff207a729517e94599d3c8b2e893914b464c5686
Samudra_Prahari_Dataset_v2/Detection/images/test/sctd_000220.jpg,Samudra_Prahari_Dataset_v2/Detection/labels/train/sctd_000220.txt,sctd,sctd_000220,val,train,box,real,shipwreck,de586bcbb89d20a762ace4ad594f73526c32eed3ca7d6fa907ce1209ef3da026
Samudra_Prahari_Dataset_v2/Detection/images/test/sctd_000223.jpg,Samudra_Prahari_Dataset_v2/Detection/labels/train/sctd_000223.txt,sctd,sctd_000223,train,train,box,real,shipwreck,c386cd892f4059c7f262558888b897095e6c3611828d96ca296fc6dfcaa8beea
Samudra_Prahari_Dataset_v2/Detection/images/test/sctd_000225.jpg,Samudra_Prahari_Dataset_v2/Detection/labels/train/sctd_000225.txt,sctd,sctd_000225,train,train,box,real,shipwreck,597f3b752feef792b57cfcc68aa132992976028cd34cebe583c83b837c676fd4
Samudra_Prahari_Dataset_v2/Detection/images/test/sctd_000226.jpg,Samudra_Prahari_Dataset_v2/Detection/labels/train/sctd_000226.txt,sctd,sctd_000226,train,train,box,real,shipwreck,8bea9895deecf0474f61b3ca9dc05dada7c38007fd6e159c01cd4a6dba7e2185
Samudra_Prahari_Dataset_v2/Detection/images/test/sctd_000227.jpg,Samudra_Prahari_Dataset_v2/Detection/labels/train/sctd_000227.txt,sctd,sctd_000227,train,train,box,real,shipwreck,501007ac4cbe78730c3f73bb1b878ebbe9844b29427f46e3026f6153b619b48b
Samudra_Prahari_Dataset_v2/Detection/images/test/sctd_000228.jpg,Samudra_Prahari_Dataset_v2/Detection/labels/train/sctd_000228.txt,sctd,sctd_000228,train,train,box,real,shipwreck,f91cc5b86a64756f0f345ffb024d9799994701de7bece13376c1edea6f5a7573
Samudra_Prahari_Dataset_v2/Detection/images/test/sctd_000229.jpg,Samudra_Prahari_Dataset_v2/Detection/labels/train/sctd_000229.txt,sctd,sctd_000229,train,train,box,real,shipwreck,edad0d7820cb585c3d91ebf3d9b601089d3565fdb03ce39cffae7b66c35e3962
Samudra_Prahari_Dataset_v2/Detection/images/test/sctd_000232.jpg,Samudra_Prahari_Dataset_v2/Detection/labels/train/sctd_000232.txt,sctd,sctd_000232,test,train,box,real,shipwreck,5f0f2a296c03d0807922b1fcbfbb7d012a3c51316b7ddff457eeccf48afb1eb2
Samudra_Prahari_Dataset_v2/Detection/images/test/sctd_000233.jpg,Samudra_Prahari_Dataset_v2/Detection/labels/train/sctd_000233.txt,sctd,sctd_000233,train,train,box,real,shipwreck,5f0f2a296c03d0807922b1fcbfbb7d012a3c51316b7ddff457eeccf48afb1eb2
Samudra_Prahari_Dataset_v2/Detection/images/test/sctd_000234.jpg,Samudra_Prahari_Dataset_v2/Detection/labels/train/sctd_000234.txt,sctd,sctd_000234,train,train,box,real,shipwreck,efd1ddafc457065faac399971bc4f1afb4d7bf00a09627bad3f73f0c27369fb8
Samudra_Prahari_Dataset_v2/Detection/images/test/sctd_000237.jpg,Samudra_Prahari_Dataset_v2/Detection/labels/train/sctd_000237.txt,sctd,sctd_000237,train,train,box,real,shipwreck,e46b349a2725dc3008c255245febd4929622491e9a3bc09ebb4314e53c92e191
Samudra_Prahari_Dataset_v2/Detection/images/test/sctd_000238.jpg,Samudra_Prahari_Dataset_v2/Detection/labels/train/sctd_000238.txt,sctd,sctd_000238,val,train,box,real,shipwreck,d152d9e0fcea8f3ef27a345596d4a1adc9c161ea43ff81287329a094c5e052c1
Samudra_Prahari_Dataset_v2/Detection/images/test/sctd_000240.jpg,Samudra_Prahari_Dataset_v2/Detection/labels/train/sctd_000240.txt,sctd,sctd_000240,train,train,box,real,shipwreck,2a2aab4e8fdb46a202c0b8450abc085527532d1bcf528012e95b46e22e0afe9a
Samudra_Prahari_Dataset_v2/Detection/images/test/sctd_000241.jpg,Samudra_Prahari_Dataset_v2/Detection/labels/train/sctd_000241.txt,sctd,sctd_000241,train,train,box,real,shipwreck,849b61e1a4ae49e0155a2be7c1f20bda9d9feb511a696b2382efc47147c4b4be
Samudra_Prahari_Dataset_v2/Detection/images/test/sctd_000242.jpg,Samudra_Prahari_Dataset_v2/Detection/labels/train/sctd_000242.txt,sctd,sctd_000242,val,train,box,real,shipwreck,f266612ac6602b18874cf4d6fa10070be010732ecb1a58d77602d3a764248235
Samudra_Prahari_Dataset_v2/Detection/images/test/sctd_000243.jpg,Samudra_Prahari_Dataset_v2/Detection/labels/train/sctd_000243.txt,sctd,sctd_000243,test,train,box,real,shipwreck,3fefd0f847c02a9f782709d88839a1204094f8a2260e55c205d1bc4fca128cc5
Samudra_Prahari_Dataset_v2/Detection/images/test/sctd_000244.jpg,Samudra_Prahari_Dataset_v2/Detection/labels/train/sctd_000244.txt,sctd,sctd_000244,train,train,box,real,shipwreck,8d3a15bc36c66d38fb03134924ab8df1f9ed2f81a8d2b5b6dd0c84dc5ff6febb
Samudra_Prahari_Dataset_v2/Detection/images/test/sctd_000246.jpg,Samudra_Prahari_Dataset_v2/Detection/labels/train/sctd_000246.txt,sctd,sctd_000246,train,train,box,real,shipwreck,2efd54c33dbc1898b12a90ba59578fca1271e353f907dc60033e56b71085280c
Samudra_Prahari_Dataset_v2/Detection/images/test/sctd_000254.jpg,Samudra_Prahari_Dataset_v2/Detection/labels/train/sctd_000254.txt,sctd,sctd_000254,val,train,box,real,shipwreck,60515b132cf7c244799940744107367cba296c561ba08225fe0e87ed9ee61dda
Samudra_Prahari_Dataset_v2/Detection/images/test/sctd_000255.jpg,Samudra_Prahari_Dataset_v2/Detection/labels/train/sctd_000255.txt,sctd,sctd_000255,train,train,box,real,shipwreck,597f3b752feef792b57cfcc68aa132992976028cd34cebe583c83b837c676fd4
Samudra_Prahari_Dataset_v2/Detection/images/test/sctd_000256.jpg,Samudra_Prahari_Dataset_v2/Detection/labels/train/sctd_000256.txt,sctd,sctd_000256,train,train,box,real,shipwreck,e1533b49d1740b0a882f6a10c25efde5303ddbc39758657496f2f726e0df95bf
Samudra_Prahari_Dataset_v2/Detection/images/test/sctd_000258.jpg,Samudra_Prahari_Dataset_v2/Detection/labels/train/sctd_000258.txt,sctd,sctd_000258,train,train,box,real,shipwreck,cafd608be56f4af21f49ab758ff8889d33b3537eb21435b022ad55d72a178818
Samudra_Prahari_Dataset_v2/Detection/images/test/sctd_000259.jpg,Samudra_Prahari_Dataset_v2/Detection/labels/train/sctd_000259.txt,sctd,sctd_000259,test,train,box,real,shipwreck,de489731bcf3a22434c2f26d61328f469eaa8d9a1f7648064117872326fbbb9d
Samudra_Prahari_Dataset_v2/Detection/images/test/sctd_000261.jpg,Samudra_Prahari_Dataset_v2/Detection/labels/train/sctd_000261.txt,sctd,sctd_000261,train,train,box,real,shipwreck,3a27b544fd115c961bf88c383f1ac511b7fdc07402f78b9f311274df0e9b4bf1
Samudra_Prahari_Dataset_v2/Detection/images/test/sctd_000262.jpg,Samudra_Prahari_Dataset_v2/Detection/labels/train/sctd_000262.txt,sctd,sctd_000262,train,train,box,real,shipwreck,2c2cc2be4252ec387e9c9608bb9dc89b475e1c720cf98d3164d9b6ba8c4db749
Samudra_Prahari_Dataset_v2/Detection/images/test/sctd_000267.jpg,Samudra_Prahari_Dataset_v2/Detection/labels/train/sctd_000267.txt,sctd,sctd_000267,train,train,box,real,shipwreck,c3eeff2bc5b6a87baf6d4176bca5e4412ea8b9a8160723a8522a89de3e9b6202
Samudra_Prahari_Dataset_v2/Detection/images/test/sctd_000268.jpg,Samudra_Prahari_Dataset_v2/Detection/labels/train/sctd_000268.txt,sctd,sctd_000268,train,train,box,real,shipwreck,4acc4fd06064b0cd51e42950b0ed22d632caa77d27240737f258406ce520f39f
Samudra_Prahari_Dataset_v2/Detection/images/test/sctd_000271.jpg,Samudra_Prahari_Dataset_v2/Detection/labels/train/sctd_000271.txt,sctd,sctd_000271,train,train,box,real,shipwreck,dae66ee749f9799ccf7904ee2b650aabebd5b55cc11287f61b91dfa7cc48694f
Samudra_Prahari_Dataset_v2/Detection/images/test/sctd_000274.jpg,Samudra_Prahari_Dataset_v2/Detection/labels/train/sctd_000274.txt,sctd,sctd_000274,train,train,box,real,shipwreck,2f1a272bbbcb30e8588a62b453bf5b47cfdbee24ce90a22a5f3a85f1fed3a25e
Samudra_Prahari_Dataset_v2/Detection/images/test/sctd_000276.jpg,Samudra_Prahari_Dataset_v2/Detection/labels/train/sctd_000276.txt,sctd,sctd_000276,val,train,box,real,shipwreck,94d20a8d84b8488060a70d6361abc6024291ba8c334bee568861b9f1c61b5741
Samudra_Prahari_Dataset_v2/Detection/images/test/sctd_000278.jpg,Samudra_Prahari_Dataset_v2/Detection/labels/train/sctd_000278.txt,sctd,sctd_000278,train,train,box,real,shipwreck,d571c4fed6fb23c77c25011136821d9eca4cc1ed10a8ad5e59ce98cc599c36cf
Samudra_Prahari_Dataset_v2/Detection/images/test/sctd_000279.jpg,Samudra_Prahari_Dataset_v2/Detection/labels/train/sctd_000279.txt,sctd,sctd_000279,test,train,box,real,shipwreck,8981989ec89cce539c29466efe8726520371becb5ce399909c7af8d84b626b92
Samudra_Prahari_Dataset_v2/Detection/images/test/sctd_000281.jpg,Samudra_Prahari_Dataset_v2/Detection/labels/train/sctd_000281.txt,sctd,sctd_000281,train,train,box,real,shipwreck,4650f554f0cef5e6f335ff87063ce90e4687bbc20d4bab93e34811dd86ee83a3
Samudra_Prahari_Dataset_v2/Detection/images/test/sctd_000283.jpg,Samudra_Prahari_Dataset_v2/Detection/labels/train/sctd_000283.txt,sctd,sctd_000283,test,train,box,real,shipwreck,6603b2c1943a444325d58d6cbdac0c5a457f40e985c5a028d12a784189f45bc4
Samudra_Prahari_Dataset_v2/Detection/images/test/sctd_000287.jpg,Samudra_Prahari_Dataset_v2/Detection/labels/train/sctd_000287.txt,sctd,sctd_000287,train,train,box,real,shipwreck,36c064213281aeb14e73e2954948eb695b691f9750a67eb0a577f4cc69415208
Samudra_Prahari_Dataset_v2/Detection/images/test/sctd_000288.jpg,Samudra_Prahari_Dataset_v2/Detection/labels/train/sctd_000288.txt,sctd,sctd_000288,train,train,box,real,shipwreck,0cff63fbd4bc1f8c4a37dc36a2c78f1d0860d9a8a9cea1b5abd48df5890b0fcb
Samudra_Prahari_Dataset_v2/Detection/images/test/sctd_000289.jpg,Samudra_Prahari_Dataset_v2/Detection/labels/train/sctd_000289.txt,sctd,sctd_000289,train,train,box,real,shipwreck,1795cc2e1ccbc62db3cbef1b0da6f1617800c23345da18648c880f528a8b7e43
Samudra_Prahari_Dataset_v2/Detection/images/test/sctd_000290.jpg,Samudra_Prahari_Dataset_v2/Detection/labels/train/sctd_000290.txt,sctd,sctd_000290,train,train,box,real,shipwreck,7010247c7587f4f74a52c6f096162ccb581ec7b651ba3d8246cf5aa5eccc03b9
Samudra_Prahari_Dataset_v2/Detection/images/test/sctd_000292.jpg,Samudra_Prahari_Dataset_v2/Detection/labels/train/sctd_000292.txt,sctd,sctd_000292,train,train,box,real,shipwreck,214f572adddfe6575b1de9d87f470e8b50bb88e7f6a51f64060c188b279c0109
Samudra_Prahari_Dataset_v2/Detection/images/test/sctd_000294.jpg,Samudra_Prahari_Dataset_v2/Detection/labels/train/sctd_000294.txt,sctd,sctd_000294,test,train,box,real,shipwreck,1e8bed70685240188494ae261bc8c0faa87665fcf9b67569124a51c7797a1cc4
Samudra_Prahari_Dataset_v2/Detection/images/test/sctd_000295.jpg,Samudra_Prahari_Dataset_v2/Detection/labels/train/sctd_000295.txt,sctd,sctd_000295,train,train,box,real,shipwreck,4a133229376dc242a26b24d7ac5fb6be637e06556f3c46ff5d5ea14ac02ec93e
Samudra_Prahari_Dataset_v2/Detection/images/test/sctd_000298.jpg,Samudra_Prahari_Dataset_v2/Detection/labels/train/sctd_000298.txt,sctd,sctd_000298,train,train,box,real,shipwreck,79161d6e6f31749d2adf1549c558e7394d1be7aab83bdd764151e0895ac7cceb
Samudra_Prahari_Dataset_v2/Detection/images/test/sctd_000302.jpg,Samudra_Prahari_Dataset_v2/Detection/labels/train/sctd_000302.txt,sctd,sctd_000302,train,train,box,real,shipwreck,3bd6fba06627a28bbe35a6846a0ed2f1853b00999e5b9de4f27d96ac9c17a7ff
Samudra_Prahari_Dataset_v2/Detection/images/test/sctd_000306.jpg,Samudra_Prahari_Dataset_v2/Detection/labels/train/sctd_000306.txt,sctd,sctd_000306,train,train,box,real,shipwreck,09be9f0ee101d0a8316ee33f11c2e0a4a723e523c4943ab827cf67295e763c2c
Samudra_Prahari_Dataset_v2/Detection/images/test/sctd_000308.jpg,Samudra_Prahari_Dataset_v2/Detection/labels/train/sctd_000308.txt,sctd,sctd_000308,train,train,box,real,shipwreck,331f384a2a3073646a1a9777666f30edc20bb05a6bdbf7d04d51c7b9206211d5
Samudra_Prahari_Dataset_v2/Detection/images/test/sctd_000312.jpg,Samudra_Prahari_Dataset_v2/Detection/labels/train/sctd_000312.txt,sctd,sctd_000312,test,train,box,real,shipwreck,f459cb5b893f15f365b57e8d5692719e121a6213487194ca168bec5592eb01f8
Samudra_Prahari_Dataset_v2/Detection/images/test/sctd_000313.jpg,Samudra_Prahari_Dataset_v2/Detection/labels/train/sctd_000313.txt,sctd,sctd_000313,train,train,box,real,shipwreck,88def1d4e649eba425fe7ba04efd53ff63d748e0a620bcc66a0122a3ab89e750
Samudra_Prahari_Dataset_v2/Detection/images/test/sctd_000315.jpg,Samudra_Prahari_Dataset_v2/Detection/labels/train/sctd_000315.txt,sctd,sctd_000315,train,train,box,real,shipwreck,67bdaa3654f2bff60188bf16cf4e9392d440e212476b7e188fa551f38c7c7bd5
Samudra_Prahari_Dataset_v2/Detection/images/test/sctd_000317.jpg,Samudra_Prahari_Dataset_v2/Detection/labels/train/sctd_000317.txt,sctd,sctd_000317,val,train,box,real,shipwreck,cd160f8ca6c5816a837f26962c3837935da5f6aab2c347c2cc2b5999aea6de2a
Samudra_Prahari_Dataset_v2/Detection/images/test/sctd_000320.jpg,Samudra_Prahari_Dataset_v2/Detection/labels/train/sctd_000320.txt,sctd,sctd_000320,train,train,box,real,shipwreck,9c62eaef2772d43f9003d7f8ac25ff08335008e9c140233414b2f7d939f62e0f
Samudra_Prahari_Dataset_v2/Detection/images/test/sctd_000321.jpg,Samudra_Prahari_Dataset_v2/Detection/labels/train/sctd_000321.txt,sctd,sctd_000321,test,train,box,real,shipwreck,abf0b99b3cdf2b1db092c8dd5763809a00409b0eb24f40df0e7c8ef45aee17ed
Samudra_Prahari_Dataset_v2/Detection/images/test/sctd_000322.jpg,Samudra_Prahari_Dataset_v2/Detection/labels/train/sctd_000322.txt,sctd,sctd_000322,test,train,box,real,shipwreck,ec54de2f7b7c5f9c66b7513b67e2a529863d0520678ab3b37e4da2773771f2c6
Samudra_Prahari_Dataset_v2/Detection/images/test/sctd_000323.jpg,Samudra_Prahari_Dataset_v2/Detection/labels/train/sctd_000323.txt,sctd,sctd_000323,train,train,box,real,shipwreck,4fc0ef398f44bf5dd3316ad00b66f0d986504a35f8a7c6d592182b9c2c64c35a
Samudra_Prahari_Dataset_v2/Detection/images/test/sctd_000324.jpg,Samudra_Prahari_Dataset_v2/Detection/labels/train/sctd_000324.txt,sctd,sctd_000324,val,train,box,real,shipwreck,b5a5ac77fa59c0a2b2ef7646fa2c12ff2492d5f018614c966a208104a90a4ee4
Samudra_Prahari_Dataset_v2/Detection/images/test/sctd_000325.jpg,Samudra_Prahari_Dataset_v2/Detection/labels/train/sctd_000325.txt,sctd,sctd_000325,train,train,box,real,shipwreck,469b18c763b439a84847c27683f1f9d3d754103b62d85e7ee890743fc621c4c0
Samudra_Prahari_Dataset_v2/Detection/images/test/sctd_000327.jpg,Samudra_Prahari_Dataset_v2/Detection/labels/train/sctd_000327.txt,sctd,sctd_000327,train,train,box,real,shipwreck,0668ed6e0315659beebe0672956089f8a5b33c6bcdc0b5d30b881377d8dc135c
Samudra_Prahari_Dataset_v2/Detection/images/test/sctd_000328.jpg,Samudra_Prahari_Dataset_v2/Detection/labels/train/sctd_000328.txt,sctd,sctd_000328,train,train,box,real,shipwreck,0e28502b1eaf087bc386fb41491731c61f71c13bcdb5232427c300a153aa66d4
Samudra_Prahari_Dataset_v2/Detection/images/test/sctd_000329.jpg,Samudra_Prahari_Dataset_v2/Detection/labels/train/sctd_000329.txt,sctd,sctd_000329,train,train,box,real,shipwreck,a82f8ea30bab4ad8b6a145f346d21ce920970e097b9f44e3980c216025ce7da0
Samudra_Prahari_Dataset_v2/Detection/images/test/sctd_000331.jpg,Samudra_Prahari_Dataset_v2/Detection/labels/train/sctd_000331.txt,sctd,sctd_000331,test,train,box,real,shipwreck,da39e06489403c7ed9987b051071fb933fb533495e5347a4ee34e4eda6f8feb2
Samudra_Prahari_Dataset_v2/Detection/images/test/sctd_000333.jpg,Samudra_Prahari_Dataset_v2/Detection/labels/train/sctd_000333.txt,sctd,sctd_000333,train,train,box,real,shipwreck,067e7d0244874780ec0f81d30870cbe1eb5c91fefecfb01687a861273e703aab
Samudra_Prahari_Dataset_v2/Detection/images/test/sctd_000336.jpg,Samudra_Prahari_Dataset_v2/Detection/labels/train/sctd_000336.txt,sctd,sctd_000336,train,train,box,real,shipwreck,48abafa09cb43e9e9f1bcefdbf4d2bc068bbcc2750ce975a6cfb40b762b69efc
Samudra_Prahari_Dataset_v2/Detection/images/test/sctd_000339.jpg,Samudra_Prahari_Dataset_v2/Detection/labels/train/sctd_000339.txt,sctd,sctd_000339,test,train,box,real,shipwreck,48abafa09cb43e9e9f1bcefdbf4d2bc068bbcc2750ce975a6cfb40b762b69efc
Samudra_Prahari_Dataset_v2/Detection/images/test/sctd_000340.jpg,Samudra_Prahari_Dataset_v2/Detection/labels/train/sctd_000340.txt,sctd,sctd_000340,train,train,box,real,shipwreck,48abafa09cb43e9e9f1bcefdbf4d2bc068bbcc2750ce975a6cfb40b762b69efc
Samudra_Prahari_Dataset_v2/Detection/images/test/sctd_000341.jpg,Samudra_Prahari_Dataset_v2/Detection/labels/train/sctd_000341.txt,sctd,sctd_000341,train,train,box,real,shipwreck,01436ef56a71b9bcb9b7b46a9d2d244313e221ba427beb585fa898843175c382
Samudra_Prahari_Dataset_v2/Detection/images/test/sctd_000342.jpg,Samudra_Prahari_Dataset_v2/Detection/labels/train/sctd_000342.txt,sctd,sctd_000342,train,train,box,real,shipwreck,70701a17b362669346670089c81b75f22eabe692716ad0303e6bded9c31ee426
Samudra_Prahari_Dataset_v2/Detection/images/test/sctd_000343.jpg,Samudra_Prahari_Dataset_v2/Detection/labels/train/sctd_000343.txt,sctd,sctd_000343,test,train,box,real,shipwreck,48abafa09cb43e9e9f1bcefdbf4d2bc068bbcc2750ce975a6cfb40b762b69efc
Samudra_Prahari_Dataset_v2/Detection/images/test/sctd_000344.jpg,Samudra_Prahari_Dataset_v2/Detection/labels/train/sctd_000344.txt,sctd,sctd_000344,train,train,box,real,shipwreck,99bdbd8a2e13e2df30301a8fea0e80105f46d97b824edd3b864116b88c605157
Samudra_Prahari_Dataset_v2/Detection/images/test/sctd_000346.jpg,Samudra_Prahari_Dataset_v2/Detection/labels/train/sctd_000346.txt,sctd,sctd_000346,train,train,box,real,shipwreck,779447d1327dc4d6094d549590dcbcad2ce4e748e2d052d29e6bedfe6a546e71
Samudra_Prahari_Dataset_v2/Detection/images/test/sctd_000348.jpg,Samudra_Prahari_Dataset_v2/Detection/labels/train/sctd_000348.txt,sctd,sctd_000348,test,train,box,real,shipwreck,e12f876f4c26dd394c24b3534c3088f202761efa7fe986ad533fbde4d93eb702
Samudra_Prahari_Dataset_v2/Detection/images/test/sctd_000349.jpg,Samudra_Prahari_Dataset_v2/Detection/labels/train/sctd_000349.txt,sctd,sctd_000349,val,train,box,real,shipwreck,70701a17b362669346670089c81b75f22eabe692716ad0303e6bded9c31ee426
Samudra_Prahari_Dataset_v2/Detection/images/test/sctd_000351.jpg,Samudra_Prahari_Dataset_v2/Detection/labels/train/sctd_000351.txt,sctd,sctd_000351,train,train,box,real,shipwreck,99bdbd8a2e13e2df30301a8fea0e80105f46d97b824edd3b864116b88c605157
Samudra_Prahari_Dataset_v2/Detection/images/test/sctd_000352.jpg,Samudra_Prahari_Dataset_v2/Detection/labels/train/sctd_000352.txt,sctd,sctd_000352,train,train,box,real,shipwreck,9a4c17016a9d4a4d26e1315391ae98b52d656c2f861a495bff8ff71b765acf4a
Samudra_Prahari_Dataset_v2/Detection/images/test/sctd_000354.jpg,Samudra_Prahari_Dataset_v2/Detection/labels/train/sctd_000354.txt,sctd,sctd_000354,val,train,box,real,shipwreck,067e7d0244874780ec0f81d30870cbe1eb5c91fefecfb01687a861273e703aab
Samudra_Prahari_Dataset_v2/Detection/images/test/sctd_000356.jpg,Samudra_Prahari_Dataset_v2/Detection/labels/train/sctd_000356.txt,sctd,sctd_000356,train,train,box,real,shipwreck,e12f876f4c26dd394c24b3534c3088f202761efa7fe986ad533fbde4d93eb702
Samudra_Prahari_Dataset_v2/Detection/images/test/sctd_000357.jpg,Samudra_Prahari_Dataset_v2/Detection/labels/train/sctd_000357.txt,sctd,sctd_000357,train,train,box,real,shipwreck,779447d1327dc4d6094d549590dcbcad2ce4e748e2d052d29e6bedfe6a546e71
Samudra_Prahari_Dataset_v2/Detection/images/test/sctd_000359.jpg,Samudra_Prahari_Dataset_v2/Detection/labels/train/sctd_000359.txt,sctd,sctd_000359,test,train,box,real,shipwreck,51edb6c90b26e68b3f8f38e8368e0ac68c06fdc280143cb108bfa4bddd2555d3
Samudra_Prahari_Dataset_v2/Detection/images/test/sctd_000360.jpg,Samudra_Prahari_Dataset_v2/Detection/labels/train/sctd_000360.txt,sctd,sctd_000360,train,train,box,real,shipwreck,89fd82b192d5ff20bdf6d2e7a7ebd950f0aba1a09ab897775f15714583127f34
Samudra_Prahari_Dataset_v2/Detection/images/test/sctd_000361.jpg,Samudra_Prahari_Dataset_v2/Detection/labels/train/sctd_000361.txt,sctd,sctd_000361,train,train,box,real,shipwreck,ade4bec670d837045fb43a02dd469609c25eca8fe34af7a51435b46bb554f6cc
Samudra_Prahari_Dataset_v2/Detection/images/test/sctd_000364.jpg,Samudra_Prahari_Dataset_v2/Detection/labels/train/sctd_000364.txt,sctd,sctd_000364,val,train,box,real,shipwreck,224a577d4eb82e11862d3be13f80fae0eabf539058d39acb932e6415c0aedb2d
Samudra_Prahari_Dataset_v2/Detection/images/test/sctd_000365.jpg,Samudra_Prahari_Dataset_v2/Detection/labels/train/sctd_000365.txt,sctd,sctd_000365,train,train,box,real,shipwreck,167136cb6e2401baa1a93b33637687d4a82be775289c272aa369596db058a607
Samudra_Prahari_Dataset_v2/Detection/images/test/sctd_000366.jpg,Samudra_Prahari_Dataset_v2/Detection/labels/train/sctd_000366.txt,sctd,sctd_000366,train,train,box,real,shipwreck,f78b90951d9934c3179100afbfc1f234f5289fbc8347e45bdbe77ec529f8f7b9
Samudra_Prahari_Dataset_v2/Detection/images/test/sctd_000367.jpg,Samudra_Prahari_Dataset_v2/Detection/labels/train/sctd_000367.txt,sctd,sctd_000367,val,train,box,real,shipwreck,63c56a28a214d9c846883c9ec3a821ae4294c9b43af27a773a8a650f3a96e80c
Samudra_Prahari_Dataset_v2/Detection/images/test/sctd_000368.jpg,Samudra_Prahari_Dataset_v2/Detection/labels/train/sctd_000368.txt,sctd,sctd_000368,val,train,box,real,shipwreck,ed4101dd1c0be81b4f6d482e303c10f0d9d3b567b2a66a463e362c0625fe56d0
Samudra_Prahari_Dataset_v2/Detection/images/test/sctd_000369.jpg,Samudra_Prahari_Dataset_v2/Detection/labels/train/sctd_000369.txt,sctd,sctd_000369,train,train,box,real,shipwreck,7e55aba07717a38c85aa411f68ec0a8aafe201057915898b2ae7686fc09afec7
Samudra_Prahari_Dataset_v2/Detection/images/test/sctd_000370.jpg,Samudra_Prahari_Dataset_v2/Detection/labels/train/sctd_000370.txt,sctd,sctd_000370,train,train,box,real,shipwreck,6695ba4e066a52fdef3ba6b43fec253b64ffb470279939b6f1019dc069c53189
Samudra_Prahari_Dataset_v2/Detection/images/test/sctd_000372.jpg,Samudra_Prahari_Dataset_v2/Detection/labels/train/sctd_000372.txt,sctd,sctd_000372,train,train,box,real,shipwreck,075628c37d6789d86d609de4fbee5214af41b92712d94a80ebb5a0efe085281d
Samudra_Prahari_Dataset_v2/Detection/images/test/sctd_000373.jpg,Samudra_Prahari_Dataset_v2/Detection/labels/train/sctd_000373.txt,sctd,sctd_000373,train,train,box,real,shipwreck,71ded3644c1052d99eaff57fb315c7165429f6c50e47d88eb3d0a3de002f5f15
Samudra_Prahari_Dataset_v2/Detection/images/test/sctd_000376.jpg,Samudra_Prahari_Dataset_v2/Detection/labels/train/sctd_000376.txt,sctd,sctd_000376,train,train,box,real,shipwreck,dce9ce45869692b1eabe6d382322479869576b66665db00dfe387a1e070e17c6
Samudra_Prahari_Dataset_v2/Detection/images/test/sctd_000378.jpg,Samudra_Prahari_Dataset_v2/Detection/labels/train/sctd_000378.txt,sctd,sctd_000378,val,train,box,real,shipwreck,80429b0404c98b58ed4428cb458bf2506326fc1c9ba580f808da292443bc51b7
Samudra_Prahari_Dataset_v2/Detection/images/test/sctd_000379.jpg,Samudra_Prahari_Dataset_v2/Detection/labels/train/sctd_000379.txt,sctd,sctd_000379,val,train,box,real,shipwreck,a8f97c81222205cbfe98dd6ecaa7c89a5e7c1f95e363eb7670e493850baceb3f
Samudra_Prahari_Dataset_v2/Detection/images/test/sctd_000381.jpg,Samudra_Prahari_Dataset_v2/Detection/labels/train/sctd_000381.txt,sctd,sctd_000381,test,train,box,real,shipwreck,97711b31897b8d9ebe311d69acfb319e11085f61666b5f842875af723028aa28
Samudra_Prahari_Dataset_v2/Detection/images/test/sctd_000382.jpg,Samudra_Prahari_Dataset_v2/Detection/labels/train/sctd_000382.txt,sctd,sctd_000382,test,train,box,real,shipwreck,45f8181ea34e26b569c9f5fa744ec7d1ba80e189582ad6d6700960d48e6bfa48
Samudra_Prahari_Dataset_v2/Detection/images/test/sctd_000383.jpg,Samudra_Prahari_Dataset_v2/Detection/labels/train/sctd_000383.txt,sctd,sctd_000383,train,train,box,real,shipwreck,bd56599624538cb8d4cef22ad5d30df02016ccb65cebb8a8ef6b20558c4a80c1
Samudra_Prahari_Dataset_v2/Detection/images/test/sctd_000384.jpg,Samudra_Prahari_Dataset_v2/Detection/labels/train/sctd_000384.txt,sctd,sctd_000384,train,train,box,real,shipwreck,a71be60f80f77b06a000b2f17a62649c82ad3adf4d60793fb522971b46d7afa4
Samudra_Prahari_Dataset_v2/Detection/images/test/sctd_000386.jpg,Samudra_Prahari_Dataset_v2/Detection/labels/train/sctd_000386.txt,sctd,sctd_000386,train,train,box,real,shipwreck,93e6b633108f09e24d7c83542c42780dfff4a81e005c51a34e23c4387beb7980
Samudra_Prahari_Dataset_v2/Detection/images/test/sctd_000387.jpg,Samudra_Prahari_Dataset_v2/Detection/labels/train/sctd_000387.txt,sctd,sctd_000387,train,train,box,real,shipwreck,a989e40f07405ebc55695aaae0dd813bb3d176cc73819ed050b182924d28adae
Samudra_Prahari_Dataset_v2/Detection/images/test/sctd_000388.jpg,Samudra_Prahari_Dataset_v2/Detection/labels/train/sctd_000388.txt,sctd,sctd_000388,train,train,box,real,shipwreck,146036f0fbd6f42013fee55594a440bc7a04653e4f616dbb56a70ced7eb314e6
Samudra_Prahari_Dataset_v2/Detection/images/test/sctd_000393.jpg,Samudra_Prahari_Dataset_v2/Detection/labels/train/sctd_000393.txt,sctd,sctd_000393,train,train,box,real,shipwreck,1a9f0da8ac8614fa737963631d86b9daebf57960beee9d23944685cde2af73ff
Samudra_Prahari_Dataset_v2/Detection/images/test/sctd_000395.jpg,Samudra_Prahari_Dataset_v2/Detection/labels/train/sctd_000395.txt,sctd,sctd_000395,train,train,box,real,shipwreck,4ca0557746cdf830a1b4b41a73e6588be5977b94d8158bf30010eb79b9e46a9c
Samudra_Prahari_Dataset_v2/Detection/images/test/sctd_000398.jpg,Samudra_Prahari_Dataset_v2/Detection/labels/train/sctd_000398.txt,sctd,sctd_000398,train,train,box,real,shipwreck,4f48e2c7eca3d4193c19c0f26933d43dae187987ef27e5419dfdecf08c8f4ed6
Samudra_Prahari_Dataset_v2/Detection/images/test/sctd_000399.jpg,Samudra_Prahari_Dataset_v2/Detection/labels/train/sctd_000399.txt,sctd,sctd_000399,val,train,box,real,shipwreck,aa6217240e718f0267171f40af1ab96e63433400efefcb50bff932a0b3d8afc9
Samudra_Prahari_Dataset_v2/Detection/images/test/sctd_000400.jpg,Samudra_Prahari_Dataset_v2/Detection/labels/train/sctd_000400.txt,sctd,sctd_000400,train,train,box,real,shipwreck,199d8326fb40cf57fe3cf845cbe5f94c2d24dee036f497605b53e18453bc1ad5
Samudra_Prahari_Dataset_v2/Detection/images/test/sctd_000402.jpg,Samudra_Prahari_Dataset_v2/Detection/labels/train/sctd_000402.txt,sctd,sctd_000402,train,train,box,real,shipwreck,7f2202c712fc3c6ca76a997930548805e819afe128d5093cd381e5dbd2a28656
Samudra_Prahari_Dataset_v2/Detection/images/test/sctd_000403.jpg,Samudra_Prahari_Dataset_v2/Detection/labels/train/sctd_000403.txt,sctd,sctd_000403,val,train,box,real,shipwreck,93a7707dd52d66dc175445f6c1e3ee1359d86f64d3239e969232d73be5499ce3
Samudra_Prahari_Dataset_v2/Detection/images/test/sctd_000405.jpg,Samudra_Prahari_Dataset_v2/Detection/labels/train/sctd_000405.txt,sctd,sctd_000405,train,train,box,real,shipwreck,41832494e400c1483e1e81ca2085476809e94a99bc952825611fb1ebb1b0d50a
Samudra_Prahari_Dataset_v2/Detection/images/test/sctd_000406.jpg,Samudra_Prahari_Dataset_v2/Detection/labels/train/sctd_000406.txt,sctd,sctd_000406,train,train,box,real,shipwreck,e3cd7252929d211dc2e3acc6ea4adad510d2998ed8e47fc29274d3091a675f42
Samudra_Prahari_Dataset_v2/Detection/images/test/sctd_000408.jpg,Samudra_Prahari_Dataset_v2/Detection/labels/train/sctd_000408.txt,sctd,sctd_000408,train,train,box,real,shipwreck,44c403c7e75f10afd2bbfedf5197e6611481f3e978e24e070ede315c32003d74
Samudra_Prahari_Dataset_v2/Detection/images/test/sctd_000411.jpg,Samudra_Prahari_Dataset_v2/Detection/labels/train/sctd_000411.txt,sctd,sctd_000411,test,train,box,real,shipwreck,b7dc12ac39955e087621a8216aeb2229d20470ba515c477f4d5b65f91d00b183
Samudra_Prahari_Dataset_v2/Detection/images/test/sctd_000412.jpg,Samudra_Prahari_Dataset_v2/Detection/labels/train/sctd_000412.txt,sctd,sctd_000412,train,train,box,real,shipwreck,fee74427078c4793230cea3538d4280f307c851d962d8450bee5375252b7edf4
Samudra_Prahari_Dataset_v2/Detection/images/test/sctd_000413.jpg,Samudra_Prahari_Dataset_v2/Detection/labels/train/sctd_000413.txt,sctd,sctd_000413,train,train,box,real,shipwreck,5250740d2734aa6c38624273c67b2306c53a3680d2da53462a2e97db1ec0996e
Samudra_Prahari_Dataset_v2/Detection/images/test/sctd_000414.jpg,Samudra_Prahari_Dataset_v2/Detection/labels/train/sctd_000414.txt,sctd,sctd_000414,train,train,box,real,shipwreck,8b67ad1c740aae5e6f7a5ea075d994cd340bc4831358bf33223b276ae7b63138
Samudra_Prahari_Dataset_v2/Detection/images/test/sctd_000415.jpg,Samudra_Prahari_Dataset_v2/Detection/labels/train/sctd_000415.txt,sctd,sctd_000415,train,train,box,real,shipwreck,860de90cb75f4b6081b7e452e4f08c151b66f2c7ca5eb02dd246296170ce2cf7
Samudra_Prahari_Dataset_v2/Detection/images/test/sctd_000416.jpg,Samudra_Prahari_Dataset_v2/Detection/labels/train/sctd_000416.txt,sctd,sctd_000416,train,train,box,real,shipwreck,74db6542d654d448ba2389ddf63fa4f877cb1555a30923df247db9aee7ac00db
Samudra_Prahari_Dataset_v2/Detection/images/test/sctd_000417.jpg,Samudra_Prahari_Dataset_v2/Detection/labels/train/sctd_000417.txt,sctd,sctd_000417,train,train,box,real,shipwreck,4c2bdfe1475284092f2f2d5e0b8ed061d80fecf76e17eb0776a51613b84f9416
Samudra_Prahari_Dataset_v2/Detection/images/test/sctd_000418.jpg,Samudra_Prahari_Dataset_v2/Detection/labels/train/sctd_000418.txt,sctd,sctd_000418,train,train,box,real,shipwreck,684f080ff57e3869c00c9d9bb32a0809fcbe14e5d7cc47fba6dc7cf58cf81db9
Samudra_Prahari_Dataset_v2/Detection/images/test/sctd_000420.jpg,Samudra_Prahari_Dataset_v2/Detection/labels/train/sctd_000420.txt,sctd,sctd_000420,train,train,box,real,shipwreck,21bd5ba90ea404cb71d34e60036a18f7aafdeec70b7f7b01c4681a44c0d52789
Samudra_Prahari_Dataset_v2/Detection/images/test/sctd_000422.jpg,Samudra_Prahari_Dataset_v2/Detection/labels/train/sctd_000422.txt,sctd,sctd_000422,train,train,box,real,shipwreck,9b76d451af579b78d70f58e58c8c4ecc89fe525609443383e1e2bb750ebe7382
Samudra_Prahari_Dataset_v2/Detection/images/test/sctd_000432.jpg,Samudra_Prahari_Dataset_v2/Detection/labels/train/sctd_000432.txt,sctd,sctd_000432,train,train,box,real,shipwreck,c755da256ae2d7846618abc940ad1704856b67bbcc9099df16d94a0643b9f76c
Samudra_Prahari_Dataset_v2/Detection/images/test/sctd_000433.jpg,Samudra_Prahari_Dataset_v2/Detection/labels/train/sctd_000433.txt,sctd,sctd_000433,train,train,box,real,shipwreck,59c870ea0e6c15527ee528d80f50a86fd2c0dad401bddbaf329707ba16ba21f5
Samudra_Prahari_Dataset_v2/Detection/images/test/sctd_000434.jpg,Samudra_Prahari_Dataset_v2/Detection/labels/train/sctd_000434.txt,sctd,sctd_000434,train,train,box,real,shipwreck,abd09b3cd07ce0c8a26a4440ac17573cdef99dd8cb96117bcf808347935edd35
Samudra_Prahari_Dataset_v2/Detection/images/test/sctd_000438.jpg,Samudra_Prahari_Dataset_v2/Detection/labels/train/sctd_000438.txt,sctd,sctd_000438,train,train,box,real,shipwreck,aef0e1c0d0f270f24dd601ca4061ffebbb76a723d6132cf6f88efdcf8c6d2805
Samudra_Prahari_Dataset_v2/Detection/images/test/sctd_000439.jpg,Samudra_Prahari_Dataset_v2/Detection/labels/train/sctd_000439.txt,sctd,sctd_000439,train,train,box,real,shipwreck,5234091e7660ab26fb0ba9cbacb0d24de177bd17fd87fff5668e3b9fc54f3298
Samudra_Prahari_Dataset_v2/Detection/images/test/sctd_000440.jpg,Samudra_Prahari_Dataset_v2/Detection/labels/train/sctd_000440.txt,sctd,sctd_000440,train,train,box,real,shipwreck,f9c33f6fba602788da55ceb2f5ad3f0350c3d6c3281bf7c586e4db21f4c2894a
Samudra_Prahari_Dataset_v2/Detection/images/test/sctd_000443.jpg,Samudra_Prahari_Dataset_v2/Detection/labels/train/sctd_000443.txt,sctd,sctd_000443,train,train,box,real,shipwreck,35e16e350fdb7485a5c190e76b479043b76ee7bccba445096036b87c30e23505
Samudra_Prahari_Dataset_v2/Detection/images/test/sctd_000444.jpg,Samudra_Prahari_Dataset_v2/Detection/labels/train/sctd_000444.txt,sctd,sctd_000444,test,train,box,real,shipwreck,c2d48af6b1594c1c5d9e207482220c6a397a838cb57f30831666de0e393b077f
Samudra_Prahari_Dataset_v2/Detection/images/test/sctd_000445.jpg,Samudra_Prahari_Dataset_v2/Detection/labels/train/sctd_000445.txt,sctd,sctd_000445,test,train,box,real,shipwreck,ed2b8f44694c6a6e7d31716227dc1b775300ce1d244375c5571c86d86d49e776
Samudra_Prahari_Dataset_v2/Detection/images/test/sctd_000446.jpg,Samudra_Prahari_Dataset_v2/Detection/labels/train/sctd_000446.txt,sctd,sctd_000446,test,train,box,real,shipwreck,68f14d020c627aba3ba6332df809e97b0dfe96744699c0200c9a5bf221ab7a93
Samudra_Prahari_Dataset_v2/Detection/images/test/sctd_000447.jpg,Samudra_Prahari_Dataset_v2/Detection/labels/train/sctd_000447.txt,sctd,sctd_000447,train,train,box,real,shipwreck,24185bf429d3ca7a13e400a7cb29742dfafa03304b66d788cae97880ed17550a
Samudra_Prahari_Dataset_v2/Detection/images/test/sctd_000452.jpg,Samudra_Prahari_Dataset_v2/Detection/labels/train/sctd_000452.txt,sctd,sctd_000452,train,train,box,real,shipwreck,7e3ea10ecd8901cfc7d34061967f8948dd255c503857e0de0f855094d66e9d85
Samudra_Prahari_Dataset_v2/Detection/images/test/sctd_000455.jpg,Samudra_Prahari_Dataset_v2/Detection/labels/train/sctd_000455.txt,sctd,sctd_000455,train,train,box,real,shipwreck,a3d48d7da136165c9cab178efbbca837a1f39dcb8ab6d0a17fcffd7c3dc724b0
Samudra_Prahari_Dataset_v2/Detection/images/test/sctd_000456.jpg,Samudra_Prahari_Dataset_v2/Detection/labels/train/sctd_000456.txt,sctd,sctd_000456,train,train,box,real,shipwreck,3965e5075c07a8b4326a91d43bbf7a0215b7d833c1ab68a7f327e7d0797020bc
Samudra_Prahari_Dataset_v2/Detection/images/test/sctd_000457.jpg,Samudra_Prahari_Dataset_v2/Detection/labels/train/sctd_000457.txt,sctd,sctd_000457,val,train,box,real,shipwreck,1059932a8fbfa549994836532bb7167f193abc44bf23b553a7b5c852a374d120
Samudra_Prahari_Dataset_v2/Detection/images/test/sctd_000458.jpg,Samudra_Prahari_Dataset_v2/Detection/labels/train/sctd_000458.txt,sctd,sctd_000458,val,train,box,real,shipwreck,3419296cd4e0095f7bc08d4dc4dce48de95707ee7a2fb5774cc9c282586e3ec3
Samudra_Prahari_Dataset_v2/Detection/images/test/sctd_000461.jpg,Samudra_Prahari_Dataset_v2/Detection/labels/train/sctd_000461.txt,sctd,sctd_000461,train,train,box,real,shipwreck,25096f6212b89a11b9c38c084216431ceb28ce89fe727aff1a5728dfe5713d02
Samudra_Prahari_Dataset_v2/Detection/images/test/sctd_000462.jpg,Samudra_Prahari_Dataset_v2/Detection/labels/train/sctd_000462.txt,sctd,sctd_000462,train,train,box,real,shipwreck,16562c9d42078ed554269e34ccf17209c44924b9346325522d9298253763fb59
Samudra_Prahari_Dataset_v2/Detection/images/test/sctd_000463.jpg,Samudra_Prahari_Dataset_v2/Detection/labels/train/sctd_000463.txt,sctd,sctd_000463,test,train,box,real,shipwreck,a37667ceeef92171f120e15640a944d6e29bda7181873800372b042901916c11
Samudra_Prahari_Dataset_v2/Detection/images/test/sctd_000468.jpg,Samudra_Prahari_Dataset_v2/Detection/labels/train/sctd_000468.txt,sctd,sctd_000468,val,train,box,real,shipwreck,9e51089ad82eedce8da026640aa11566b9c4e00411e02b1891860337e3806879
Samudra_Prahari_Dataset_v2/Detection/images/test/sctd_000469.jpg,Samudra_Prahari_Dataset_v2/Detection/labels/train/sctd_000469.txt,sctd,sctd_000469,train,train,box,real,shipwreck,b074b8c33c31dbd945f9087e8a568fe07bb14fe7a99bd325873a9741172056d0
Samudra_Prahari_Dataset_v2/Detection/images/test/sctd_000470.jpg,Samudra_Prahari_Dataset_v2/Detection/labels/train/sctd_000470.txt,sctd,sctd_000470,train,train,box,real,shipwreck,46c8f876a381e0c11493e0672aae2055078bb2128bb42fe924200176c8e15f9d
Samudra_Prahari_Dataset_v2/Detection/images/test/sctd_000471.jpg,Samudra_Prahari_Dataset_v2/Detection/labels/train/sctd_000471.txt,sctd,sctd_000471,train,train,box,real,shipwreck,d84151041a49406ea3a52f9ac65d3f3b3dfd5f5b38ccc86271a7dfe2e07e5f2a
Samudra_Prahari_Dataset_v2/Detection/images/test/sctd_000472.jpg,Samudra_Prahari_Dataset_v2/Detection/labels/train/sctd_000472.txt,sctd,sctd_000472,test,train,box,real,shipwreck,653675808a0a7de50cda35532309df78988f73995c5e0f7171fdd45f6cc3022c
Samudra_Prahari_Dataset_v2/Detection/images/test/sctd_000474.jpg,Samudra_Prahari_Dataset_v2/Detection/labels/train/sctd_000474.txt,sctd,sctd_000474,train,train,box,real,shipwreck,1b9aa2f678a9608cf94589c1ee1c7f1d6f26f176092c673f172f27b5bd2109c4
Samudra_Prahari_Dataset_v2/Detection/images/test/sctd_000476.jpg,Samudra_Prahari_Dataset_v2/Detection/labels/train/sctd_000476.txt,sctd,sctd_000476,test,train,box,real,shipwreck,0c30f4b51275433c524d838d72144ea60ef730f65c2cf71464298d636fac89d4
Samudra_Prahari_Dataset_v2/Detection/images/test/sctd_000477.jpg,Samudra_Prahari_Dataset_v2/Detection/labels/train/sctd_000477.txt,sctd,sctd_000477,train,train,box,real,shipwreck,dbdfedc463c21466f85d48eeba5ec1a599e928ca003493a5b8e83a299ecbb10f
Samudra_Prahari_Dataset_v2/Detection/images/test/sctd_000478.jpg,Samudra_Prahari_Dataset_v2/Detection/labels/train/sctd_000478.txt,sctd,sctd_000478,train,train,box,real,shipwreck,2f44ee0cdd7740c08028ec190902d41f5718bc759607a63e70160b5db2e037d9
Samudra_Prahari_Dataset_v2/Detection/images/test/sctd_000481.jpg,Samudra_Prahari_Dataset_v2/Detection/labels/train/sctd_000481.txt,sctd,sctd_000481,train,train,box,real,shipwreck,bb0ee1b28675ded76f9326f4046e2f74fce0454cefefcf1ab6e5ca6766bdea91
Samudra_Prahari_Dataset_v2/Detection/images/test/sctd_000482.jpg,Samudra_Prahari_Dataset_v2/Detection/labels/train/sctd_000482.txt,sctd,sctd_000482,train,train,box,real,shipwreck,852592525aeee2ae351a89888a9d78140170155842b52ef8b3f9f9738ee2e541
Samudra_Prahari_Dataset_v2/Detection/images/test/sctd_000484.jpg,Samudra_Prahari_Dataset_v2/Detection/labels/train/sctd_000484.txt,sctd,sctd_000484,train,train,box,real,shipwreck,deea3259942bd8d309da8a5208f8ab9cac083470ef5f14700f89e72ac6b16c34
Samudra_Prahari_Dataset_v2/Detection/images/test/sctd_000485.jpg,Samudra_Prahari_Dataset_v2/Detection/labels/train/sctd_000485.txt,sctd,sctd_000485,train,train,box,real,shipwreck,b968c140ca03f65d3235607b742d125616b706be5cf79c1c6da2b3a0df3d4c9d
Samudra_Prahari_Dataset_v2/Detection/images/test/sctd_000487.jpg,Samudra_Prahari_Dataset_v2/Detection/labels/train/sctd_000487.txt,sctd,sctd_000487,train,train,box,real,shipwreck,425a1ff4b4457954424787c0a5bed65d13b6859c82477aa483eb411889521884
Samudra_Prahari_Dataset_v2/Detection/images/test/sctd_000488.jpg,Samudra_Prahari_Dataset_v2/Detection/labels/train/sctd_000488.txt,sctd,sctd_000488,val,train,box,real,shipwreck,0969256f80734f72c2781152b02cb70b2a059671dafeb8014bfd99f77ddb15eb
Samudra_Prahari_Dataset_v2/Detection/images/test/sctd_000489.jpg,Samudra_Prahari_Dataset_v2/Detection/labels/train/sctd_000489.txt,sctd,sctd_000489,train,train,box,real,shipwreck,56b0998a3d9fdeabe65bd0d476c888245bc0b476257685bc69d64de4797ec8dd
Samudra_Prahari_Dataset_v2/Detection/images/test/sctd_000490.jpg,Samudra_Prahari_Dataset_v2/Detection/labels/train/sctd_000490.txt,sctd,sctd_000490,train,train,box,real,shipwreck,8383c8df41101044309cea8e7af1c852fee83493dca6e185856471353b0767cb
Samudra_Prahari_Dataset_v2/Detection/images/test/sctd_000491.jpg,Samudra_Prahari_Dataset_v2/Detection/labels/train/sctd_000491.txt,sctd,sctd_000491,test,train,box,real,shipwreck,603b97a189da2d2f9efeeeeef973ef3e0d5ca3340f1dde87ccfd64ade9de1e42
Samudra_Prahari_Dataset_v2/Detection/images/test/sctd_000493.jpg,Samudra_Prahari_Dataset_v2/Detection/labels/train/sctd_000493.txt,sctd,sctd_000493,train,train,box,real,shipwreck,86ee57e1e03cc49e3b1f43dc4a869d97cc89ef5bda3e0a33ac7c1c436b5307e1
Samudra_Prahari_Dataset_v2/Detection/images/test/sctd_000497.jpg,Samudra_Prahari_Dataset_v2/Detection/labels/train/sctd_000497.txt,sctd,sctd_000497,train,train,box,real,shipwreck,fa0c9265d146c8d60a4ab3767d48f04a849e9e9fa1b6375fa95d15f07a3dd8c7
Samudra_Prahari_Dataset_v2/Detection/images/test/sctd_000498.jpg,Samudra_Prahari_Dataset_v2/Detection/labels/train/sctd_000498.txt,sctd,sctd_000498,train,train,box,real,shipwreck,1a13538d19f022a8b6caecbda963fc2ec477d9b6caf5057296e7823b29f1f666
Samudra_Prahari_Dataset_v2/Detection/images/test/sctd_000499.jpg,Samudra_Prahari_Dataset_v2/Detection/labels/train/sctd_000499.txt,sctd,sctd_000499,test,train,box,real,shipwreck,b07ae019b8e2d96bce7b96b8e26c8debf36ddd4805b70396a9a59d179e9b802b
Samudra_Prahari_Dataset_v2/Detection/images/test/synth_net_0000.jpg,Samudra_Prahari_Dataset_v2/Detection/labels/train/synth_net_0000.txt,synth_net,synth_net_0000,train,train,box,synthetic,ghost_net,a96849415977a5a7d12feb39bc41736f4f8b72eb2ab1089cf02536cc4ee78e7c
Samudra_Prahari_Dataset_v2/Detection/images/test/synth_net_0001.jpg,Samudra_Prahari_Dataset_v2/Detection/labels/train/synth_net_0001.txt,synth_net,synth_net_0001,train,train,box,synthetic,ghost_net,08b2333f59031966572f3f77fb384b8c3c53e142025abd32e618ea9fcbc1c78d
Samudra_Prahari_Dataset_v2/Detection/images/test/synth_net_0003.jpg,Samudra_Prahari_Dataset_v2/Detection/labels/train/synth_net_0003.txt,synth_net,synth_net_0003,train,train,box,synthetic,ghost_net,f8153c2509d4eba9c9fb21f26aad7c0e54562cd9ecce5194aaf836e5f1291bf6
Samudra_Prahari_Dataset_v2/Detection/images/test/synth_net_0006.jpg,Samudra_Prahari_Dataset_v2/Detection/labels/train/synth_net_0006.txt,synth_net,synth_net_0006,test,train,box,synthetic,ghost_net,247ae4d0ac9d1251b80db289c756e7c3a9d973bc927ba8835668b7ed5717c9b4
Samudra_Prahari_Dataset_v2/Detection/images/test/synth_net_0007.jpg,Samudra_Prahari_Dataset_v2/Detection/labels/train/synth_net_0007.txt,synth_net,synth_net_0007,train,train,box,synthetic,ghost_net,f7f82121db72459dc554c0dee31c8035a71a89ccc9aa4a36e30dc3f77846a398
Samudra_Prahari_Dataset_v2/Detection/images/test/synth_net_0008.jpg,Samudra_Prahari_Dataset_v2/Detection/labels/train/synth_net_0008.txt,synth_net,synth_net_0008,test,train,box,synthetic,ghost_net,83a9a56c8d710d6bd891cc9179301ebf4fb2d9b0ce6a9c9ad694d71f642025c5
Samudra_Prahari_Dataset_v2/Detection/images/test/synth_net_0009.jpg,Samudra_Prahari_Dataset_v2/Detection/labels/train/synth_net_0009.txt,synth_net,synth_net_0009,test,train,box,synthetic,ghost_net,a59a1d37414d0847dbb1523ec9e0ddeaf427494194c8b297b2707bd42ca290c9
Samudra_Prahari_Dataset_v2/Detection/images/test/synth_net_0010.jpg,Samudra_Prahari_Dataset_v2/Detection/labels/train/synth_net_0010.txt,synth_net,synth_net_0010,train,train,box,synthetic,ghost_net,57984c81693151659888b2e780790739ba3ddc92700625b503d4a2fdafc30895
Samudra_Prahari_Dataset_v2/Detection/images/test/synth_net_0012.jpg,Samudra_Prahari_Dataset_v2/Detection/labels/train/synth_net_0012.txt,synth_net,synth_net_0012,val,train,box,synthetic,ghost_net,d0a276713431beb5018a6a074edffa49b0e084b03662a92d7c28f26911626000
Samudra_Prahari_Dataset_v2/Detection/images/test/synth_net_0013.jpg,Samudra_Prahari_Dataset_v2/Detection/labels/train/synth_net_0013.txt,synth_net,synth_net_0013,train,train,box,synthetic,ghost_net,e4a3ed3fd829a72dd372a0fc46f0cb8f935c7022d3aa321e3fbee7ac5f3e840f
Samudra_Prahari_Dataset_v2/Detection/images/test/synth_net_0016.jpg,Samudra_Prahari_Dataset_v2/Detection/labels/train/synth_net_0016.txt,synth_net,synth_net_0016,train,train,box,synthetic,ghost_net,25cfc640f11554bf95af6ffc5a08c25da7812e30ffbd03b11f2ff395e0c00cec
Samudra_Prahari_Dataset_v2/Detection/images/test/synth_net_0018.jpg,Samudra_Prahari_Dataset_v2/Detection/labels/train/synth_net_0018.txt,synth_net,synth_net_0018,train,train,box,synthetic,ghost_net,8a9735871bfd3cb8e7cb198c4e58c296c5e4f6a19157525399407bb3c07ab427
Samudra_Prahari_Dataset_v2/Detection/images/test/synth_net_0019.jpg,Samudra_Prahari_Dataset_v2/Detection/labels/train/synth_net_0019.txt,synth_net,synth_net_0019,train,train,box,synthetic,ghost_net,62b35d304eb1ced4a273b6f0dbad5cff64228a170fa8d15c1eacbb3b78eaea9b
Samudra_Prahari_Dataset_v2/Detection/images/test/synth_net_0020.jpg,Samudra_Prahari_Dataset_v2/Detection/labels/train/synth_net_0020.txt,synth_net,synth_net_0020,train,train,box,synthetic,ghost_net,756c63802c117a6a134fbacfcbf49953584b9e647d83a5ba176e5946c975d09a
Samudra_Prahari_Dataset_v2/Detection/images/test/synth_net_0021.jpg,Samudra_Prahari_Dataset_v2/Detection/labels/train/synth_net_0021.txt,synth_net,synth_net_0021,train,train,box,synthetic,ghost_net,4a95186a87773f8561e1ba7d84986553efbc96945a56ac3b3851e4b8fcf961b7
Samudra_Prahari_Dataset_v2/Detection/images/test/synth_net_0022.jpg,Samudra_Prahari_Dataset_v2/Detection/labels/train/synth_net_0022.txt,synth_net,synth_net_0022,test,train,box,synthetic,ghost_net,70f24573db755581e4d2f6ca58a80c4a5a7ff04ebed14f3ed41f0ad814ceb09e
Samudra_Prahari_Dataset_v2/Detection/images/test/synth_net_0023.jpg,Samudra_Prahari_Dataset_v2/Detection/labels/train/synth_net_0023.txt,synth_net,synth_net_0023,train,train,box,synthetic,ghost_net,f383af6517544b4a77380bb2ac47383d32fbf63dc67186eb7fec2b116d00e55f
Samudra_Prahari_Dataset_v2/Detection/images/test/synth_net_0024.jpg,Samudra_Prahari_Dataset_v2/Detection/labels/train/synth_net_0024.txt,synth_net,synth_net_0024,train,train,box,synthetic,ghost_net,e337e0ee7aac3c39e8881192e03102276028d7f42c669874941fcc103f167389
Samudra_Prahari_Dataset_v2/Detection/images/test/synth_net_0025.jpg,Samudra_Prahari_Dataset_v2/Detection/labels/train/synth_net_0025.txt,synth_net,synth_net_0025,train,train,box,synthetic,ghost_net,6a6bb321d04c6310f4d57614bcf16a4b98d3c9771d69775c94f6f58ccb0b7494
Samudra_Prahari_Dataset_v2/Detection/images/test/synth_net_0026.jpg,Samudra_Prahari_Dataset_v2/Detection/labels/train/synth_net_0026.txt,synth_net,synth_net_0026,train,train,box,synthetic,ghost_net,f211d538de676a64df5f7267f22b48edc0b4bea83a121f83480d8475afcbf552
Samudra_Prahari_Dataset_v2/Detection/images/test/synth_net_0027.jpg,Samudra_Prahari_Dataset_v2/Detection/labels/train/synth_net_0027.txt,synth_net,synth_net_0027,test,train,box,synthetic,ghost_net,ecde828228bc1658932b18625dc37fa956ea48b2ec4819e659809ee19269297b
Samudra_Prahari_Dataset_v2/Detection/images/test/synth_net_0028.jpg,Samudra_Prahari_Dataset_v2/Detection/labels/train/synth_net_0028.txt,synth_net,synth_net_0028,train,train,box,synthetic,ghost_net,3962b0eb9298ac449df695e0e16934f5c891f81002211ad13f0607bda618ec60
Samudra_Prahari_Dataset_v2/Detection/images/test/synth_net_0029.jpg,Samudra_Prahari_Dataset_v2/Detection/labels/train/synth_net_0029.txt,synth_net,synth_net_0029,train,train,box,synthetic,ghost_net,7e8783a678f32af13f72636ca31701d937ef5da50195ec0516d28ebb71b30519
Samudra_Prahari_Dataset_v2/Detection/images/test/synth_net_0031.jpg,Samudra_Prahari_Dataset_v2/Detection/labels/train/synth_net_0031.txt,synth_net,synth_net_0031,train,train,box,synthetic,ghost_net,c1fe7eeffbf2f16ecc78df67f0e9a4a96c732789c7b03cdedb3992acf683c157
Samudra_Prahari_Dataset_v2/Detection/images/test/synth_net_0033.jpg,Samudra_Prahari_Dataset_v2/Detection/labels/train/synth_net_0033.txt,synth_net,synth_net_0033,test,train,box,synthetic,ghost_net,04dc9c306b43448907c78a13f3ce50f93bf1a2d155d3c992b03ca0e942f846d5
Samudra_Prahari_Dataset_v2/Detection/images/test/synth_net_0035.jpg,Samudra_Prahari_Dataset_v2/Detection/labels/train/synth_net_0035.txt,synth_net,synth_net_0035,train,train,box,synthetic,ghost_net,572560434df887affb552d7da1bd2f58bae0d9d4da5dfe1c482081dc53db53c9
Samudra_Prahari_Dataset_v2/Detection/images/test/synth_net_0036.jpg,Samudra_Prahari_Dataset_v2/Detection/labels/train/synth_net_0036.txt,synth_net,synth_net_0036,test,train,box,synthetic,ghost_net,24e083a247cf320ffbaa00c8a0fc3b47f448ec4f7163fbd89b8802051fd2eef7
Samudra_Prahari_Dataset_v2/Detection/images/test/synth_net_0037.jpg,Samudra_Prahari_Dataset_v2/Detection/labels/train/synth_net_0037.txt,synth_net,synth_net_0037,train,train,box,synthetic,ghost_net,d49619782f8f6608e738ec384571dfb71fb640c45a4d8f4f863b8aef148f27db
Samudra_Prahari_Dataset_v2/Detection/images/test/synth_net_0038.jpg,Samudra_Prahari_Dataset_v2/Detection/labels/train/synth_net_0038.txt,synth_net,synth_net_0038,train,train,box,synthetic,ghost_net,a7a2733b22e8f4b000e25eb86a1124fc60759bddcce0fb73a47ca0083f6823c6
Samudra_Prahari_Dataset_v2/Detection/images/test/synth_net_0039.jpg,Samudra_Prahari_Dataset_v2/Detection/labels/train/synth_net_0039.txt,synth_net,synth_net_0039,train,train,box,synthetic,ghost_net,92a8a7d0aa87c7559b4d25b31231ea7723b1743b0367340daf8e5c86371ea7b9
Samudra_Prahari_Dataset_v2/Detection/images/test/synth_net_0040.jpg,Samudra_Prahari_Dataset_v2/Detection/labels/train/synth_net_0040.txt,synth_net,synth_net_0040,train,train,box,synthetic,ghost_net,446135abf6356a09e65845f4ef65386803617f6319334e106545c72c9261c77b
Samudra_Prahari_Dataset_v2/Detection/images/test/synth_net_0041.jpg,Samudra_Prahari_Dataset_v2/Detection/labels/train/synth_net_0041.txt,synth_net,synth_net_0041,train,train,box,synthetic,ghost_net,63624b5bc12fb06a02844fdffa6959522832efb71f4cb5b5e3cf619c953da5ca
Samudra_Prahari_Dataset_v2/Detection/images/test/synth_net_0042.jpg,Samudra_Prahari_Dataset_v2/Detection/labels/train/synth_net_0042.txt,synth_net,synth_net_0042,train,train,box,synthetic,ghost_net,3581a096d826a323829fe979e1d03695a9c6bab08a01bf559e7e94f372b0bc08
Samudra_Prahari_Dataset_v2/Detection/images/test/synth_net_0043.jpg,Samudra_Prahari_Dataset_v2/Detection/labels/train/synth_net_0043.txt,synth_net,synth_net_0043,train,train,box,synthetic,ghost_net,a0ff4b75e73f76c86d5a25a987772d493220ffbb4ee968061f9180d8fa6b2fb6
Samudra_Prahari_Dataset_v2/Detection/images/test/synth_net_0045.jpg,Samudra_Prahari_Dataset_v2/Detection/labels/train/synth_net_0045.txt,synth_net,synth_net_0045,train,train,box,synthetic,ghost_net,afcfeac4871c243af18d16d683ac6f44f73178e46f033a657688fca75aa7360f
Samudra_Prahari_Dataset_v2/Detection/images/test/synth_net_0046.jpg,Samudra_Prahari_Dataset_v2/Detection/labels/train/synth_net_0046.txt,synth_net,synth_net_0046,val,train,box,synthetic,ghost_net,9e3d85092980a8a41a28a61da6fa7f455fff577ac14d6b932de2b743a684bdf7
Samudra_Prahari_Dataset_v2/Detection/images/test/synth_net_0047.jpg,Samudra_Prahari_Dataset_v2/Detection/labels/train/synth_net_0047.txt,synth_net,synth_net_0047,val,train,box,synthetic,ghost_net,20cc7e1e4a59e83d60ba306b26ea8c78f8b1532c729e5ec13b8e22a8640d3723
Samudra_Prahari_Dataset_v2/Detection/images/test/synth_net_0048.jpg,Samudra_Prahari_Dataset_v2/Detection/labels/train/synth_net_0048.txt,synth_net,synth_net_0048,train,train,box,synthetic,ghost_net,36f5ea9b634005ca9baa4af0068e0cc3437688c3921c9ce56f2488bcbeb4566b
Samudra_Prahari_Dataset_v2/Detection/images/test/synth_net_0049.jpg,Samudra_Prahari_Dataset_v2/Detection/labels/train/synth_net_0049.txt,synth_net,synth_net_0049,train,train,box,synthetic,ghost_net,5a7bc7a832498f114e6efac132020f426a8ed6979d9b28a24dd7d79548433b81
Samudra_Prahari_Dataset_v2/Detection/images/test/synth_net_0050.jpg,Samudra_Prahari_Dataset_v2/Detection/labels/train/synth_net_0050.txt,synth_net,synth_net_0050,train,train,box,synthetic,ghost_net,a13f2c28bbff1bf405ce5a1a0f592b4994be3772dd90323ae8a0a5217ed59df3
Samudra_Prahari_Dataset_v2/Detection/images/test/synth_net_0051.jpg,Samudra_Prahari_Dataset_v2/Detection/labels/train/synth_net_0051.txt,synth_net,synth_net_0051,train,train,box,synthetic,ghost_net,520b604de78da88d43537849999680952eb3757a7135292e363157a8d65357fc
Samudra_Prahari_Dataset_v2/Detection/images/test/synth_net_0053.jpg,Samudra_Prahari_Dataset_v2/Detection/labels/train/synth_net_0053.txt,synth_net,synth_net_0053,test,train,box,synthetic,ghost_net,0fbcec688367aa2ef51d159086bde86f5367f1d2bdf479e844261bd4f5ef7faa
Samudra_Prahari_Dataset_v2/Detection/images/test/synth_net_0054.jpg,Samudra_Prahari_Dataset_v2/Detection/labels/train/synth_net_0054.txt,synth_net,synth_net_0054,val,train,box,synthetic,ghost_net,ee8a3b14a3296b9e50a4937aa982d8cf006e122c14f3c918d684b1686dd2e11a
Samudra_Prahari_Dataset_v2/Detection/images/test/synth_net_0055.jpg,Samudra_Prahari_Dataset_v2/Detection/labels/train/synth_net_0055.txt,synth_net,synth_net_0055,test,train,box,synthetic,ghost_net,1d41e2f1b4d82441e2aa7572d04e59210c815e64fc61ae718850d4dc3e06513a
Samudra_Prahari_Dataset_v2/Detection/images/test/synth_net_0057.jpg,Samudra_Prahari_Dataset_v2/Detection/labels/train/synth_net_0057.txt,synth_net,synth_net_0057,train,train,box,synthetic,ghost_net,251c8367acfeab2c3fd21da38adea3d322730968aa25396b460a0cf00850afb8
Samudra_Prahari_Dataset_v2/Detection/images/test/synth_net_0059.jpg,Samudra_Prahari_Dataset_v2/Detection/labels/train/synth_net_0059.txt,synth_net,synth_net_0059,train,train,box,synthetic,ghost_net,f658c5a5e6d4291cdda8bc7b0e06c8de8483139ede3e5a8c902fa1f7d017a2c0
Samudra_Prahari_Dataset_v2/Detection/images/test/synth_net_0060.jpg,Samudra_Prahari_Dataset_v2/Detection/labels/train/synth_net_0060.txt,synth_net,synth_net_0060,test,train,box,synthetic,ghost_net,d3cfa6743700e1d75adc80b07a0238f9ec60537a257618fcad70b9c9636e406c
Samudra_Prahari_Dataset_v2/Detection/images/test/synth_net_0062.jpg,Samudra_Prahari_Dataset_v2/Detection/labels/train/synth_net_0062.txt,synth_net,synth_net_0062,train,train,box,synthetic,ghost_net,a770fd9e805685ab2d7ca8e7dff5f68560a0dc0664be2ceef0cc9f11e1a66002
Samudra_Prahari_Dataset_v2/Detection/images/test/synth_net_0063.jpg,Samudra_Prahari_Dataset_v2/Detection/labels/train/synth_net_0063.txt,synth_net,synth_net_0063,train,train,box,synthetic,ghost_net,da27bdf2ec0dc5d41c5fa9ba971c06e6a3c43e4c17fcb93f24af82764d3702ca
Samudra_Prahari_Dataset_v2/Detection/images/test/synth_net_0064.jpg,Samudra_Prahari_Dataset_v2/Detection/labels/train/synth_net_0064.txt,synth_net,synth_net_0064,train,train,box,synthetic,ghost_net,0fddf6d1a458a48447ea7574bf9b85176b3d125454eef2920ffff8e91a2c70cb
Samudra_Prahari_Dataset_v2/Detection/images/test/synth_net_0065.jpg,Samudra_Prahari_Dataset_v2/Detection/labels/train/synth_net_0065.txt,synth_net,synth_net_0065,val,train,box,synthetic,ghost_net,d6cfa8178e7ad3cd905118cad9e7aa698a337b1f600a45d46a5231193670b914
Samudra_Prahari_Dataset_v2/Detection/images/test/synth_net_0066.jpg,Samudra_Prahari_Dataset_v2/Detection/labels/train/synth_net_0066.txt,synth_net,synth_net_0066,train,train,box,synthetic,ghost_net,9a81dd52a565f07d1e5997a247d27f562f3279d33da0a980fca0da7e72581a52
Samudra_Prahari_Dataset_v2/Detection/images/test/synth_net_0067.jpg,Samudra_Prahari_Dataset_v2/Detection/labels/train/synth_net_0067.txt,synth_net,synth_net_0067,val,train,box,synthetic,ghost_net,11df70c12bed87b110f38b30a2bc8bc50a6fb5b353a8fcad15a167a1e2cd2628
Samudra_Prahari_Dataset_v2/Detection/images/test/synth_net_0068.jpg,Samudra_Prahari_Dataset_v2/Detection/labels/train/synth_net_0068.txt,synth_net,synth_net_0068,train,train,box,synthetic,ghost_net,a108f3203d2f9b9f3d406dcf13ddfd24e78c7c78486da337a202b0882487a730
Samudra_Prahari_Dataset_v2/Detection/images/test/synth_net_0070.jpg,Samudra_Prahari_Dataset_v2/Detection/labels/train/synth_net_0070.txt,synth_net,synth_net_0070,train,train,box,synthetic,ghost_net,cf99af11c7434d243d7374e7c8e5167ec401334e9db4f83398e4fb6761eae55c
Samudra_Prahari_Dataset_v2/Detection/images/test/synth_net_0074.jpg,Samudra_Prahari_Dataset_v2/Detection/labels/train/synth_net_0074.txt,synth_net,synth_net_0074,train,train,box,synthetic,ghost_net,2e9aa3248144cc89fdec73d0d7f25fdc4cf9e5ee8d22b69e68f195d475ee842a
Samudra_Prahari_Dataset_v2/Detection/images/test/synth_net_0075.jpg,Samudra_Prahari_Dataset_v2/Detection/labels/train/synth_net_0075.txt,synth_net,synth_net_0075,train,train,box,synthetic,ghost_net,ce9ccdf6ba4814038319859f0725e128a361d8faa04c5ff6bb5b1b35c4335c9f
Samudra_Prahari_Dataset_v2/Detection/images/test/synth_net_0076.jpg,Samudra_Prahari_Dataset_v2/Detection/labels/train/synth_net_0076.txt,synth_net,synth_net_0076,train,train,box,synthetic,ghost_net,e66bf5aa08ee8297ef473ae5274bd0e60d6d005b8edafd832bb4796a1713ab58
Samudra_Prahari_Dataset_v2/Detection/images/test/synth_net_0077.jpg,Samudra_Prahari_Dataset_v2/Detection/labels/train/synth_net_0077.txt,synth_net,synth_net_0077,train,train,box,synthetic,ghost_net,a808a4cb0ff78859991968fb6bd5a5c9de02df519a8aa41d1d41f31f0a84b0fc
Samudra_Prahari_Dataset_v2/Detection/images/test/synth_net_0078.jpg,Samudra_Prahari_Dataset_v2/Detection/labels/train/synth_net_0078.txt,synth_net,synth_net_0078,val,train,box,synthetic,ghost_net,4a66dc08338f37f330eec895dee6ac44e2b5f6cd41aee86407ccbac9d9faeb30
Samudra_Prahari_Dataset_v2/Detection/images/test/synth_net_0079.jpg,Samudra_Prahari_Dataset_v2/Detection/labels/train/synth_net_0079.txt,synth_net,synth_net_0079,train,train,box,synthetic,ghost_net,88617112ea48b90ebecf8e12e4803a6d10bbcc54d7b556125661ce04a4f07da2
Samudra_Prahari_Dataset_v2/Detection/images/test/synth_net_0081.jpg,Samudra_Prahari_Dataset_v2/Detection/labels/train/synth_net_0081.txt,synth_net,synth_net_0081,train,train,box,synthetic,ghost_net,4b10bfa37147152fd23cb13c6b06c7be0eee25bc85e02e5068de99afadca3ea6
Samudra_Prahari_Dataset_v2/Detection/images/test/synth_net_0082.jpg,Samudra_Prahari_Dataset_v2/Detection/labels/train/synth_net_0082.txt,synth_net,synth_net_0082,train,train,box,synthetic,ghost_net,ba104c3e3a6a5fa4bb7ebc204c6caf42a9a56344f32e466f81f9d66fd7983c50
Samudra_Prahari_Dataset_v2/Detection/images/test/synth_net_0083.jpg,Samudra_Prahari_Dataset_v2/Detection/labels/train/synth_net_0083.txt,synth_net,synth_net_0083,train,train,box,synthetic,ghost_net,e88fa319ee587f90f362be8c5a533f30f54d5c5e02f5f42941c768681f652b8c
Samudra_Prahari_Dataset_v2/Detection/images/test/synth_net_0084.jpg,Samudra_Prahari_Dataset_v2/Detection/labels/train/synth_net_0084.txt,synth_net,synth_net_0084,test,train,box,synthetic,ghost_net,28e1b2ef700db9cfc0fe974f508dd9e20df7cf9513453a473db41daa004f4995
Samudra_Prahari_Dataset_v2/Detection/images/test/synth_net_0085.jpg,Samudra_Prahari_Dataset_v2/Detection/labels/train/synth_net_0085.txt,synth_net,synth_net_0085,train,train,box,synthetic,ghost_net,91713d4bb7b5cdb41f513ad4dfaeca2aafb85b28dba6de06d203e4ab303b75cc
Samudra_Prahari_Dataset_v2/Detection/images/test/synth_net_0088.jpg,Samudra_Prahari_Dataset_v2/Detection/labels/train/synth_net_0088.txt,synth_net,synth_net_0088,train,train,box,synthetic,ghost_net,1868b65550234f99c68f483e055ad0df029acbb3ce443da713be1c4602055035
Samudra_Prahari_Dataset_v2/Detection/images/test/synth_net_0089.jpg,Samudra_Prahari_Dataset_v2/Detection/labels/train/synth_net_0089.txt,synth_net,synth_net_0089,train,train,box,synthetic,ghost_net,19587beeed8ee7272c02941a8dc69811d86e28be22cfebbb27303a93432bea23
Samudra_Prahari_Dataset_v2/Detection/images/test/synth_net_0090.jpg,Samudra_Prahari_Dataset_v2/Detection/labels/train/synth_net_0090.txt,synth_net,synth_net_0090,val,train,box,synthetic,ghost_net,9d07dcdb75cabece271dae3b3f18f98c474f681d358a9d9912fb118ea2843502
Samudra_Prahari_Dataset_v2/Detection/images/test/synth_net_0091.jpg,Samudra_Prahari_Dataset_v2/Detection/labels/train/synth_net_0091.txt,synth_net,synth_net_0091,train,train,box,synthetic,ghost_net,b22f3a8e84b8d4154a0daf8c49a9396701477b2c3be9d10cbb27ce1a91451115
Samudra_Prahari_Dataset_v2/Detection/images/test/synth_net_0092.jpg,Samudra_Prahari_Dataset_v2/Detection/labels/train/synth_net_0092.txt,synth_net,synth_net_0092,train,train,box,synthetic,ghost_net,8f23de0d1778428c8431be758e03e92c9ba8594e1d732a8d26b1eca38bc4b5bd
Samudra_Prahari_Dataset_v2/Detection/images/test/synth_net_0093.jpg,Samudra_Prahari_Dataset_v2/Detection/labels/train/synth_net_0093.txt,synth_net,synth_net_0093,train,train,box,synthetic,ghost_net,89cd827acbca4f5d69df2bc483d7b6405f5cb2d5df9d4352d51f479b10006c92
Samudra_Prahari_Dataset_v2/Detection/images/test/synth_net_0094.jpg,Samudra_Prahari_Dataset_v2/Detection/labels/train/synth_net_0094.txt,synth_net,synth_net_0094,train,train,box,synthetic,ghost_net,c0f343bd517e4c8131c52a7791b2ee42834723866ad0e62b920304201c48527f
Samudra_Prahari_Dataset_v2/Detection/images/test/synth_net_0095.jpg,Samudra_Prahari_Dataset_v2/Detection/labels/train/synth_net_0095.txt,synth_net,synth_net_0095,train,train,box,synthetic,ghost_net,e00878c47ba09c996eeb84cd6bb5a39a5fa1fa6d63997711cf951a5fb6e91662
Samudra_Prahari_Dataset_v2/Detection/images/test/synth_net_0097.jpg,Samudra_Prahari_Dataset_v2/Detection/labels/train/synth_net_0097.txt,synth_net,synth_net_0097,train,train,box,synthetic,ghost_net,6d3241e52c1240a43da69fa4843f16fe44486e247d87ee7733cd512bd527ce25
Samudra_Prahari_Dataset_v2/Detection/images/test/synth_net_0098.jpg,Samudra_Prahari_Dataset_v2/Detection/labels/train/synth_net_0098.txt,synth_net,synth_net_0098,train,train,box,synthetic,ghost_net,c2d2e0938154375c5f7d27d89b52a9c6b616535d88bce3971844615571263580
Samudra_Prahari_Dataset_v2/Detection/images/test/synth_net_0099.jpg,Samudra_Prahari_Dataset_v2/Detection/labels/train/synth_net_0099.txt,synth_net,synth_net_0099,train,train,box,synthetic,ghost_net,71a3a01108a2eb1be802ef0a94c4f08f04e4565e73b946265bf8385dbc680856
Samudra_Prahari_Dataset_v2/Detection/images/test/synth_net_0100.jpg,Samudra_Prahari_Dataset_v2/Detection/labels/train/synth_net_0100.txt,synth_net,synth_net_0100,test,train,box,synthetic,ghost_net,b9420645c7b10294e9424525de2b73ed0a4294f16c8b0caa32b172cb55473ef5
Samudra_Prahari_Dataset_v2/Detection/images/test/synth_net_0101.jpg,Samudra_Prahari_Dataset_v2/Detection/labels/train/synth_net_0101.txt,synth_net,synth_net_0101,train,train,box,synthetic,ghost_net,19d8bc8504b37b5a13982b94dcf000a31763e6cd9f7a2b52da01d5e5cba8b722
Samudra_Prahari_Dataset_v2/Detection/images/test/synth_net_0102.jpg,Samudra_Prahari_Dataset_v2/Detection/labels/train/synth_net_0102.txt,synth_net,synth_net_0102,test,train,box,synthetic,ghost_net,739004a3f40e978091900789c2c9eddf8bff53a75f859ad19ff27db0882282a2
Samudra_Prahari_Dataset_v2/Detection/images/test/synth_net_0103.jpg,Samudra_Prahari_Dataset_v2/Detection/labels/train/synth_net_0103.txt,synth_net,synth_net_0103,train,train,box,synthetic,ghost_net,2829d451c59f69fd7d04104f2d970aacc6b2ee8422b5987cc12259229232bd29
Samudra_Prahari_Dataset_v2/Detection/images/test/synth_net_0104.jpg,Samudra_Prahari_Dataset_v2/Detection/labels/train/synth_net_0104.txt,synth_net,synth_net_0104,test,train,box,synthetic,ghost_net,46994acf3dd205cc7d15234ff7c8e2f6ba118eb1f0c3d5f7272fd0c7de17d00d
Samudra_Prahari_Dataset_v2/Detection/images/test/synth_net_0105.jpg,Samudra_Prahari_Dataset_v2/Detection/labels/train/synth_net_0105.txt,synth_net,synth_net_0105,train,train,box,synthetic,ghost_net,c8fd1dcf129eead3986b763ba7050411a208017a715802c52062afd78a943da9
Samudra_Prahari_Dataset_v2/Detection/images/test/synth_net_0106.jpg,Samudra_Prahari_Dataset_v2/Detection/labels/train/synth_net_0106.txt,synth_net,synth_net_0106,train,train,box,synthetic,ghost_net,abb6f2bb912b2dce1e8605ae55190ba568be3a3abf47071130360f5ff81931d7
Samudra_Prahari_Dataset_v2/Detection/images/test/synth_net_0109.jpg,Samudra_Prahari_Dataset_v2/Detection/labels/train/synth_net_0109.txt,synth_net,synth_net_0109,train,train,box,synthetic,ghost_net,44b271687f5b0adddbc7932b1a1c682a14fc97c2c3e54447f8128634e390dad4
Samudra_Prahari_Dataset_v2/Detection/images/test/synth_net_0110.jpg,Samudra_Prahari_Dataset_v2/Detection/labels/train/synth_net_0110.txt,synth_net,synth_net_0110,val,train,box,synthetic,ghost_net,f34c81fe2e2caa140cd1755dfaf887aa28d71208f0ada6c9fe8ade2a438c8981
Samudra_Prahari_Dataset_v2/Detection/images/test/synth_net_0111.jpg,Samudra_Prahari_Dataset_v2/Detection/labels/train/synth_net_0111.txt,synth_net,synth_net_0111,train,train,box,synthetic,ghost_net,3c2c12643c3d8b1a9fb0b89348e9ff890534e6e8aa07bf93299579baa4c21035
Samudra_Prahari_Dataset_v2/Detection/images/test/synth_net_0112.jpg,Samudra_Prahari_Dataset_v2/Detection/labels/train/synth_net_0112.txt,synth_net,synth_net_0112,train,train,box,synthetic,ghost_net,b48b2ddf71d0b0bad811cd2cffa15adc39a4c3b3588a74bb75861c16efd2fa8f
Samudra_Prahari_Dataset_v2/Detection/images/test/synth_net_0113.jpg,Samudra_Prahari_Dataset_v2/Detection/labels/train/synth_net_0113.txt,synth_net,synth_net_0113,train,train,box,synthetic,ghost_net,c518e45b81c4e0ce4cad4f32850d802396166cd59d126563f4f57229d493c237
Samudra_Prahari_Dataset_v2/Detection/images/test/synth_net_0115.jpg,Samudra_Prahari_Dataset_v2/Detection/labels/train/synth_net_0115.txt,synth_net,synth_net_0115,train,train,box,synthetic,ghost_net,df3d9197dddbf71fda18e96a6833fea152e42f858e8e173aaeaa759b081ffa10
Samudra_Prahari_Dataset_v2/Detection/images/test/synth_net_0116.jpg,Samudra_Prahari_Dataset_v2/Detection/labels/train/synth_net_0116.txt,synth_net,synth_net_0116,val,train,box,synthetic,ghost_net,1e6a11001128015f1e4bb20ee784313213ac0f6a10d7f603e81b0f01b0b11d49
Samudra_Prahari_Dataset_v2/Detection/images/test/synth_net_0117.jpg,Samudra_Prahari_Dataset_v2/Detection/labels/train/synth_net_0117.txt,synth_net,synth_net_0117,train,train,box,synthetic,ghost_net,285e5b6668fa5ac75cd8b0f55b5820cd98cade8abbffa8a1ac88fb588028ae3b
Samudra_Prahari_Dataset_v2/Detection/images/test/synth_net_0118.jpg,Samudra_Prahari_Dataset_v2/Detection/labels/train/synth_net_0118.txt,synth_net,synth_net_0118,train,train,box,synthetic,ghost_net,0dfdeaca689808e22db0dacd364ea373eda7686f953564edee4244d6c6bf218a
Samudra_Prahari_Dataset_v2/Detection/images/test/synth_net_0119.jpg,Samudra_Prahari_Dataset_v2/Detection/labels/train/synth_net_0119.txt,synth_net,synth_net_0119,train,train,box,synthetic,ghost_net,cc88446bd8b8683f4237116edb9b7c693e996d95d172c04e32ba2228ed95058f
Samudra_Prahari_Dataset_v2/Detection/images/test/synth_net_0120.jpg,Samudra_Prahari_Dataset_v2/Detection/labels/train/synth_net_0120.txt,synth_net,synth_net_0120,train,train,box,synthetic,ghost_net,f934cbbfe70356f440925729d3152e6966e40e1db351a546bc829d5568c23e32
Samudra_Prahari_Dataset_v2/Detection/images/test/synth_net_0122.jpg,Samudra_Prahari_Dataset_v2/Detection/labels/train/synth_net_0122.txt,synth_net,synth_net_0122,train,train,box,synthetic,ghost_net,6a85697ce82633a55ed552c9a2204097aff5b3ae301d65865a4a732e5584d579
Samudra_Prahari_Dataset_v2/Detection/images/test/synth_net_0124.jpg,Samudra_Prahari_Dataset_v2/Detection/labels/train/synth_net_0124.txt,synth_net,synth_net_0124,val,train,box,synthetic,ghost_net,b47fec37ad161a8b2be1759f7dd11b23deae1bca918423ea747295d5159ed7a9
Samudra_Prahari_Dataset_v2/Detection/images/test/synth_net_0125.jpg,Samudra_Prahari_Dataset_v2/Detection/labels/train/synth_net_0125.txt,synth_net,synth_net_0125,train,train,box,synthetic,ghost_net,ed082f2d924fbc346a53bfacefed92cbcfacbacbad0266d903ae981b1eb0eea2
Samudra_Prahari_Dataset_v2/Detection/images/test/synth_net_0126.jpg,Samudra_Prahari_Dataset_v2/Detection/labels/train/synth_net_0126.txt,synth_net,synth_net_0126,test,train,box,synthetic,ghost_net,aa058dc8163e485dd5470db26586097fffd10fee0745245f36a5cbb9760930f8
Samudra_Prahari_Dataset_v2/Detection/images/test/synth_net_0127.jpg,Samudra_Prahari_Dataset_v2/Detection/labels/train/synth_net_0127.txt,synth_net,synth_net_0127,train,train,box,synthetic,ghost_net,4d9473cf45ad40f4d1fb908a99cc6214264383668307b318e8024ef64c1d0326
Samudra_Prahari_Dataset_v2/Detection/images/test/synth_net_0128.jpg,Samudra_Prahari_Dataset_v2/Detection/labels/train/synth_net_0128.txt,synth_net,synth_net_0128,train,train,box,synthetic,ghost_net,8a29abca23045ad1b5e18789a7432d04701da648c7f63fdc106c96cc6ea0e8ea
Samudra_Prahari_Dataset_v2/Detection/images/test/synth_net_0129.jpg,Samudra_Prahari_Dataset_v2/Detection/labels/train/synth_net_0129.txt,synth_net,synth_net_0129,train,train,box,synthetic,ghost_net,236ea3f40e139e03205d1c79312e2db5116b3d041cbaf53cbd01ee145aeb761b
Samudra_Prahari_Dataset_v2/Detection/images/test/synth_net_0130.jpg,Samudra_Prahari_Dataset_v2/Detection/labels/train/synth_net_0130.txt,synth_net,synth_net_0130,train,train,box,synthetic,ghost_net,da85d655ec31bc4a871de8ad7438e15fb321ce27c12c093cacb7d41109596670
Samudra_Prahari_Dataset_v2/Detection/images/test/synth_net_0131.jpg,Samudra_Prahari_Dataset_v2/Detection/labels/train/synth_net_0131.txt,synth_net,synth_net_0131,train,train,box,synthetic,ghost_net,c71fb731527c952cac4442fb22ce3286a8e9e65cc966b40b478953bd934be4c0
Samudra_Prahari_Dataset_v2/Detection/images/test/synth_net_0132.jpg,Samudra_Prahari_Dataset_v2/Detection/labels/train/synth_net_0132.txt,synth_net,synth_net_0132,train,train,box,synthetic,ghost_net,844da6785972df0eea51a7d4ad904ddf743eeee381b5c18282e884c4a5bd52e8
Samudra_Prahari_Dataset_v2/Detection/images/test/synth_net_0133.jpg,Samudra_Prahari_Dataset_v2/Detection/labels/train/synth_net_0133.txt,synth_net,synth_net_0133,val,train,box,synthetic,ghost_net,9a2d77ce4af32c7b641389c8ae11047088e74a32766ca0737983bc0424a7e75a
Samudra_Prahari_Dataset_v2/Detection/images/test/synth_net_0134.jpg,Samudra_Prahari_Dataset_v2/Detection/labels/train/synth_net_0134.txt,synth_net,synth_net_0134,val,train,box,synthetic,ghost_net,3b3c23a085937e94714ad1857081eda8bb3a643aa048d42877637048a26fc653
Samudra_Prahari_Dataset_v2/Detection/images/test/synth_net_0135.jpg,Samudra_Prahari_Dataset_v2/Detection/labels/train/synth_net_0135.txt,synth_net,synth_net_0135,test,train,box,synthetic,ghost_net,a9b19ff0fbb56218cd017dd94b13f02880a92d74946f6bda7facc29e04f201eb
Samudra_Prahari_Dataset_v2/Detection/images/test/synth_net_0136.jpg,Samudra_Prahari_Dataset_v2/Detection/labels/train/synth_net_0136.txt,synth_net,synth_net_0136,train,train,box,synthetic,ghost_net,28a7a334936b46d64ecfa8860b18fd4651d0a8b8d4b61538c6ff810cc15e1103
Samudra_Prahari_Dataset_v2/Detection/images/test/synth_net_0137.jpg,Samudra_Prahari_Dataset_v2/Detection/labels/train/synth_net_0137.txt,synth_net,synth_net_0137,train,train,box,synthetic,ghost_net,e16e02983aa4fea893d6efe82648004899a3038e1a6c4c8023e1a6a3b0568a2d
Samudra_Prahari_Dataset_v2/Detection/images/test/synth_net_0138.jpg,Samudra_Prahari_Dataset_v2/Detection/labels/train/synth_net_0138.txt,synth_net,synth_net_0138,val,train,box,synthetic,ghost_net,c106c3b0e6c223b6015db07794f16c184728185a08a833dc6d273cb2f9ab121b
Samudra_Prahari_Dataset_v2/Detection/images/test/synth_net_0139.jpg,Samudra_Prahari_Dataset_v2/Detection/labels/train/synth_net_0139.txt,synth_net,synth_net_0139,train,train,box,synthetic,ghost_net,a83ea2f3efde54d611b96b539f0a416c32c40066a1a44d3926832be316a1ee93
Samudra_Prahari_Dataset_v2/Detection/images/test/synth_net_0140.jpg,Samudra_Prahari_Dataset_v2/Detection/labels/train/synth_net_0140.txt,synth_net,synth_net_0140,val,train,box,synthetic,ghost_net,9249b0a406346bd01a717d876637e73660905a33d9c367c8128accd4619f7ea2
Samudra_Prahari_Dataset_v2/Detection/images/test/synth_net_0141.jpg,Samudra_Prahari_Dataset_v2/Detection/labels/train/synth_net_0141.txt,synth_net,synth_net_0141,train,train,box,synthetic,ghost_net,88d0c44a6a8804ec739e2ebe20ec6600a2399d2c262771b11c34aa01fd400fe9
Samudra_Prahari_Dataset_v2/Detection/images/test/synth_net_0142.jpg,Samudra_Prahari_Dataset_v2/Detection/labels/train/synth_net_0142.txt,synth_net,synth_net_0142,val,train,box,synthetic,ghost_net,c50b0d87bfc56af2c35840c191d0e454c60920e97a9ab07b12e6a39699e8c013
Samudra_Prahari_Dataset_v2/Detection/images/test/synth_net_0143.jpg,Samudra_Prahari_Dataset_v2/Detection/labels/train/synth_net_0143.txt,synth_net,synth_net_0143,train,train,box,synthetic,ghost_net,d4ef4bbd5172a4107f52c6e651221700305e8092d10861fe184e203021e0b414
Samudra_Prahari_Dataset_v2/Detection/images/test/synth_net_0144.jpg,Samudra_Prahari_Dataset_v2/Detection/labels/train/synth_net_0144.txt,synth_net,synth_net_0144,train,train,box,synthetic,ghost_net,6d2f23d4a32fa6143fdc1bb00f8d9517f46866aa4dfd5d60caa6820cc1942a48
Samudra_Prahari_Dataset_v2/Detection/images/test/synth_net_0146.jpg,Samudra_Prahari_Dataset_v2/Detection/labels/train/synth_net_0146.txt,synth_net,synth_net_0146,val,train,box,synthetic,ghost_net,1866cd78fbb6de2813f559c2e08787c4fdab884aa9462a0cac1db3e3a4cc0743
Samudra_Prahari_Dataset_v2/Detection/images/test/synth_net_0147.jpg,Samudra_Prahari_Dataset_v2/Detection/labels/train/synth_net_0147.txt,synth_net,synth_net_0147,train,train,box,synthetic,ghost_net,808eb1913c5ddca5e0115cf70f7cdcb4da0f8114fd2473bd52d204a9bfa3348d
Samudra_Prahari_Dataset_v2/Detection/images/test/synth_net_0148.jpg,Samudra_Prahari_Dataset_v2/Detection/labels/train/synth_net_0148.txt,synth_net,synth_net_0148,train,train,box,synthetic,ghost_net,af283e3b2f3bf1cd4595dfff1ef4c05cc363b69254913bfc472763ca55fa18c5
Samudra_Prahari_Dataset_v2/Detection/images/test/synth_net_0149.jpg,Samudra_Prahari_Dataset_v2/Detection/labels/train/synth_net_0149.txt,synth_net,synth_net_0149,val,train,box,synthetic,ghost_net,79f7850b4cb8aa6f03516d9f491f5ac125d8e0cb028670636ae9418d71b9a1c8
Samudra_Prahari_Dataset_v2/Detection/images/test/synth_net_0150.jpg,Samudra_Prahari_Dataset_v2/Detection/labels/train/synth_net_0150.txt,synth_net,synth_net_0150,train,train,box,synthetic,ghost_net,3ca9853c5f6924b4d3b280eee8d97fe7d837c4d2a3a6b29dbd11a0902e333cac
Samudra_Prahari_Dataset_v2/Detection/images/test/synth_net_0151.jpg,Samudra_Prahari_Dataset_v2/Detection/labels/train/synth_net_0151.txt,synth_net,synth_net_0151,train,train,box,synthetic,ghost_net,1232578d557ef28b38b2121ac1b8050c19cbec93b292398be9bb8e449386b8a7
Samudra_Prahari_Dataset_v2/Detection/images/test/synth_net_0152.jpg,Samudra_Prahari_Dataset_v2/Detection/labels/train/synth_net_0152.txt,synth_net,synth_net_0152,train,train,box,synthetic,ghost_net,38535b4133c5b2605d975c30462cc111cfac1a780915b56603fa1a7c5da064c6
Samudra_Prahari_Dataset_v2/Detection/images/test/synth_net_0153.jpg,Samudra_Prahari_Dataset_v2/Detection/labels/train/synth_net_0153.txt,synth_net,synth_net_0153,train,train,box,synthetic,ghost_net,30e5d5165c70d5e95ee11bdb28ef3b68c189a48ca0ccf7c2e1dec100383ad73b
Samudra_Prahari_Dataset_v2/Detection/images/test/synth_net_0154.jpg,Samudra_Prahari_Dataset_v2/Detection/labels/train/synth_net_0154.txt,synth_net,synth_net_0154,train,train,box,synthetic,ghost_net,9de5e98eae1102f865e614ca2f5a68bb08032b1b36a4edd507912c021b908558
Samudra_Prahari_Dataset_v2/Detection/images/test/synth_net_0155.jpg,Samudra_Prahari_Dataset_v2/Detection/labels/train/synth_net_0155.txt,synth_net,synth_net_0155,train,train,box,synthetic,ghost_net,6141e057d7323ff334170958c26a2715dcdc0210fbef692e20b290d531f25931
Samudra_Prahari_Dataset_v2/Detection/images/test/synth_net_0156.jpg,Samudra_Prahari_Dataset_v2/Detection/labels/train/synth_net_0156.txt,synth_net,synth_net_0156,val,train,box,synthetic,ghost_net,5c481f433d405562c36f2c486c7599fcf32b022cecb6cb4c2b630dfc85edf473
Samudra_Prahari_Dataset_v2/Detection/images/test/synth_net_0157.jpg,Samudra_Prahari_Dataset_v2/Detection/labels/train/synth_net_0157.txt,synth_net,synth_net_0157,test,train,box,synthetic,ghost_net,71d0624719a4cf0a77894ef34c3714a6c2c9423db691b4b22bfd7ec5faa53b20
Samudra_Prahari_Dataset_v2/Detection/images/test/synth_net_0158.jpg,Samudra_Prahari_Dataset_v2/Detection/labels/train/synth_net_0158.txt,synth_net,synth_net_0158,train,train,box,synthetic,ghost_net,1e2853b13aa12a5c7fad89f351c02ae5a36150c8cbea566e88f2b595511a519c
Samudra_Prahari_Dataset_v2/Detection/images/test/synth_net_0160.jpg,Samudra_Prahari_Dataset_v2/Detection/labels/train/synth_net_0160.txt,synth_net,synth_net_0160,test,train,box,synthetic,ghost_net,1d837eef1cb1d82e2f29d158012bdee5b904a062ffcd3363694f77d26d40e86d
Samudra_Prahari_Dataset_v2/Detection/images/test/synth_net_0161.jpg,Samudra_Prahari_Dataset_v2/Detection/labels/train/synth_net_0161.txt,synth_net,synth_net_0161,train,train,box,synthetic,ghost_net,aa51603972459893c4fcc8352cb55e7c0d021ab37b8eaa86efa7bc19ecfd20ec
Samudra_Prahari_Dataset_v2/Detection/images/test/synth_net_0162.jpg,Samudra_Prahari_Dataset_v2/Detection/labels/train/synth_net_0162.txt,synth_net,synth_net_0162,train,train,box,synthetic,ghost_net,02a78807dcac120fc18574b2e47ded367f987cb863011c65151c5bd5d37b74d0
Samudra_Prahari_Dataset_v2/Detection/images/test/synth_net_0163.jpg,Samudra_Prahari_Dataset_v2/Detection/labels/train/synth_net_0163.txt,synth_net,synth_net_0163,train,train,box,synthetic,ghost_net,f4580e6028a3b59c96b86317a39476802bacd65c361a6d8fde02211d0151019f
Samudra_Prahari_Dataset_v2/Detection/images/test/synth_net_0164.jpg,Samudra_Prahari_Dataset_v2/Detection/labels/train/synth_net_0164.txt,synth_net,synth_net_0164,train,train,box,synthetic,ghost_net,ec3269d3c8116c02045d0ac6bd7e03f254c8c5a6227b96b2a91c3ed3c19ce08f
Samudra_Prahari_Dataset_v2/Detection/images/test/synth_net_0166.jpg,Samudra_Prahari_Dataset_v2/Detection/labels/train/synth_net_0166.txt,synth_net,synth_net_0166,train,train,box,synthetic,ghost_net,3cadb81267579c60c8cdd9cec5121c6a1666ef47bace1362ce0c5c4668220489
Samudra_Prahari_Dataset_v2/Detection/images/test/synth_net_0168.jpg,Samudra_Prahari_Dataset_v2/Detection/labels/train/synth_net_0168.txt,synth_net,synth_net_0168,train,train,box,synthetic,ghost_net,beaae8458afce53bd65a4e3b18ab77b2ae50e0b78f1e4ea4d547f11cd131d695
Samudra_Prahari_Dataset_v2/Detection/images/test/synth_net_0170.jpg,Samudra_Prahari_Dataset_v2/Detection/labels/train/synth_net_0170.txt,synth_net,synth_net_0170,test,train,box,synthetic,ghost_net,b3706b7cc7c1f807fb4cbd8890ef2c996e066bab3c78b1b09bd67e04e13347a8
Samudra_Prahari_Dataset_v2/Detection/images/test/synth_net_0171.jpg,Samudra_Prahari_Dataset_v2/Detection/labels/train/synth_net_0171.txt,synth_net,synth_net_0171,train,train,box,synthetic,ghost_net,05d82f102dff68168993bd5b006e6501506d86e2c0dc24b82957a73909152294
Samudra_Prahari_Dataset_v2/Detection/images/test/synth_net_0173.jpg,Samudra_Prahari_Dataset_v2/Detection/labels/train/synth_net_0173.txt,synth_net,synth_net_0173,train,train,box,synthetic,ghost_net,01725fd3828856814bffab38df87016514f5f513157e4b7740c225d17111c725
Samudra_Prahari_Dataset_v2/Detection/images/test/synth_net_0175.jpg,Samudra_Prahari_Dataset_v2/Detection/labels/train/synth_net_0175.txt,synth_net,synth_net_0175,train,train,box,synthetic,ghost_net,f80d97a4710a30def792e97d1919b7cb67be5e6a307768b63174910786ad0e04
Samudra_Prahari_Dataset_v2/Detection/images/test/synth_net_0176.jpg,Samudra_Prahari_Dataset_v2/Detection/labels/train/synth_net_0176.txt,synth_net,synth_net_0176,train,train,box,synthetic,ghost_net,d8ff7ddd3eb48f5f9109ba4df90b5b293fc4ddd9022f3e4a86d00e82946d14b6
Samudra_Prahari_Dataset_v2/Detection/images/test/synth_net_0178.jpg,Samudra_Prahari_Dataset_v2/Detection/labels/train/synth_net_0178.txt,synth_net,synth_net_0178,test,train,box,synthetic,ghost_net,f0a25a2ab9b8e6808ba6852070e58f1b8e64b1f3481d6ebca9bc23b454e0a932
Samudra_Prahari_Dataset_v2/Detection/images/test/synth_net_0179.jpg,Samudra_Prahari_Dataset_v2/Detection/labels/train/synth_net_0179.txt,synth_net,synth_net_0179,train,train,box,synthetic,ghost_net,285a7942583c615f5c1ad2f5ee26719455193c8ea85d0e46af625cf6109f8235
Samudra_Prahari_Dataset_v2/Detection/images/test/synth_net_0180.jpg,Samudra_Prahari_Dataset_v2/Detection/labels/train/synth_net_0180.txt,synth_net,synth_net_0180,test,train,box,synthetic,ghost_net,f65605c97e92f20f84a7e2925cc9d4614c6c25f11ee9e4ed4128dfc08dd9f960
Samudra_Prahari_Dataset_v2/Detection/images/test/synth_net_0181.jpg,Samudra_Prahari_Dataset_v2/Detection/labels/train/synth_net_0181.txt,synth_net,synth_net_0181,train,train,box,synthetic,ghost_net,091a4de6958b2427bf5ee3ff2c68d88e5f0111c7a6e6ce23548c62d275f03e60
Samudra_Prahari_Dataset_v2/Detection/images/test/synth_net_0182.jpg,Samudra_Prahari_Dataset_v2/Detection/labels/train/synth_net_0182.txt,synth_net,synth_net_0182,train,train,box,synthetic,ghost_net,c7d840391bf953e1a6b8d585d4f68c3997b9f18b42c026f7e4093c26629bf7f8
Samudra_Prahari_Dataset_v2/Detection/images/test/synth_net_0184.jpg,Samudra_Prahari_Dataset_v2/Detection/labels/train/synth_net_0184.txt,synth_net,synth_net_0184,test,train,box,synthetic,ghost_net,24abe0412ad979f263ed042f644f2042720edcac1649ed73179b01b6ba07b359
Samudra_Prahari_Dataset_v2/Detection/images/test/synth_net_0185.jpg,Samudra_Prahari_Dataset_v2/Detection/labels/train/synth_net_0185.txt,synth_net,synth_net_0185,val,train,box,synthetic,ghost_net,f85d9ab2db447dc2a55bc1b55a6c205bf2537d7c6053f5952eca72733caf3870
Samudra_Prahari_Dataset_v2/Detection/images/test/synth_net_0186.jpg,Samudra_Prahari_Dataset_v2/Detection/labels/train/synth_net_0186.txt,synth_net,synth_net_0186,test,train,box,synthetic,ghost_net,857850b22bd4350be904cc5db0ed2f309982a7a726d45688c4716c4fb35f1c67
Samudra_Prahari_Dataset_v2/Detection/images/test/synth_net_0187.jpg,Samudra_Prahari_Dataset_v2/Detection/labels/train/synth_net_0187.txt,synth_net,synth_net_0187,test,train,box,synthetic,ghost_net,137d6334be50d3623bcb6f47f46beb36f92ec20448a1273a818fcc9bf7ac3079
Samudra_Prahari_Dataset_v2/Detection/images/test/synth_net_0188.jpg,Samudra_Prahari_Dataset_v2/Detection/labels/train/synth_net_0188.txt,synth_net,synth_net_0188,val,train,box,synthetic,ghost_net,4686ba885db18f91d4b0baa8500668b497c5dda5a2f56111acb9075066cd1f24
Samudra_Prahari_Dataset_v2/Detection/images/test/synth_net_0189.jpg,Samudra_Prahari_Dataset_v2/Detection/labels/train/synth_net_0189.txt,synth_net,synth_net_0189,train,train,box,synthetic,ghost_net,589d29c2ff86112b14ee764521b9439113dc6a410bea6dc2a82aca38cd89e3aa
Samudra_Prahari_Dataset_v2/Detection/images/test/synth_net_0191.jpg,Samudra_Prahari_Dataset_v2/Detection/labels/train/synth_net_0191.txt,synth_net,synth_net_0191,val,train,box,synthetic,ghost_net,5c3b6882ea03c5d582d053a2aa423a125eaa915a7cd8890a265dcc2d5738334d
Samudra_Prahari_Dataset_v2/Detection/images/test/synth_net_0192.jpg,Samudra_Prahari_Dataset_v2/Detection/labels/train/synth_net_0192.txt,synth_net,synth_net_0192,val,train,box,synthetic,ghost_net,e9909cf9654ed054a8405ec9e34a7ebcefb7f3ad0b7727432def1cae9dbbb292
Samudra_Prahari_Dataset_v2/Detection/images/test/synth_net_0193.jpg,Samudra_Prahari_Dataset_v2/Detection/labels/train/synth_net_0193.txt,synth_net,synth_net_0193,train,train,box,synthetic,ghost_net,ff030fd7020ee600336b95ff6aebe1b86c0e3022478f888a2ac41058255f956e
Samudra_Prahari_Dataset_v2/Detection/images/test/synth_net_0194.jpg,Samudra_Prahari_Dataset_v2/Detection/labels/train/synth_net_0194.txt,synth_net,synth_net_0194,train,train,box,synthetic,ghost_net,bac0d5f3c3a5c428cd7bec64b17e56a3d49da0f2dbeeec631dd69ab1bf3cda88
Samudra_Prahari_Dataset_v2/Detection/images/test/synth_net_0196.jpg,Samudra_Prahari_Dataset_v2/Detection/labels/train/synth_net_0196.txt,synth_net,synth_net_0196,test,train,box,synthetic,ghost_net,9829477029ea632d0067a359c3401ba510d13519880089bb54c9f3bc22f32102
Samudra_Prahari_Dataset_v2/Detection/images/test/synth_net_0197.jpg,Samudra_Prahari_Dataset_v2/Detection/labels/train/synth_net_0197.txt,synth_net,synth_net_0197,train,train,box,synthetic,ghost_net,46f732be3bcbb12ca71c2b3c5e721dccde9a6ea81f3202a8293fcaa812936dfa
Samudra_Prahari_Dataset_v2/Detection/images/test/synth_net_0200.jpg,Samudra_Prahari_Dataset_v2/Detection/labels/train/synth_net_0200.txt,synth_net,synth_net_0200,test,train,box,synthetic,ghost_net,8147383b738d7c3354164dae0f3f77326321f6593861ac637cce55b041174829
Samudra_Prahari_Dataset_v2/Detection/images/test/synth_net_0201.jpg,Samudra_Prahari_Dataset_v2/Detection/labels/train/synth_net_0201.txt,synth_net,synth_net_0201,train,train,box,synthetic,ghost_net,62c89dd82951bcafa5f560b653681c33ed4fd7219566045229afa42f95f39305
Samudra_Prahari_Dataset_v2/Detection/images/test/synth_net_0203.jpg,Samudra_Prahari_Dataset_v2/Detection/labels/train/synth_net_0203.txt,synth_net,synth_net_0203,train,train,box,synthetic,ghost_net,aae5240b69ab1d2729742d885b4b2d35b02aa9dbc72799883b6a073373b03a00
Samudra_Prahari_Dataset_v2/Detection/images/test/synth_net_0204.jpg,Samudra_Prahari_Dataset_v2/Detection/labels/train/synth_net_0204.txt,synth_net,synth_net_0204,test,train,box,synthetic,ghost_net,15e511f89d5d7c56fabea337133d8621a4581c366d37dfb7d1315370329ff709
Samudra_Prahari_Dataset_v2/Detection/images/test/synth_net_0205.jpg,Samudra_Prahari_Dataset_v2/Detection/labels/train/synth_net_0205.txt,synth_net,synth_net_0205,train,train,box,synthetic,ghost_net,fd4079fdb600823ffde797077fb04b0989f8373969a93bb9e8d632fdc10bf888
Samudra_Prahari_Dataset_v2/Detection/images/test/synth_net_0206.jpg,Samudra_Prahari_Dataset_v2/Detection/labels/train/synth_net_0206.txt,synth_net,synth_net_0206,test,train,box,synthetic,ghost_net,a3562ceee042cbeac7a1f7c8880603aa10f33236a853e45a78edaf0f0756d44e
Samudra_Prahari_Dataset_v2/Detection/images/test/synth_net_0207.jpg,Samudra_Prahari_Dataset_v2/Detection/labels/train/synth_net_0207.txt,synth_net,synth_net_0207,train,train,box,synthetic,ghost_net,01b038d11d758d242f9949c322bb94b714538b64ccc7c6af397504724bab810d
Samudra_Prahari_Dataset_v2/Detection/images/test/synth_net_0209.jpg,Samudra_Prahari_Dataset_v2/Detection/labels/train/synth_net_0209.txt,synth_net,synth_net_0209,train,train,box,synthetic,ghost_net,264422e4a5228d82ce722db2ece9fab47b9a6badfda01cb59b9021cd0446be9a
Samudra_Prahari_Dataset_v2/Detection/images/test/synth_net_0210.jpg,Samudra_Prahari_Dataset_v2/Detection/labels/train/synth_net_0210.txt,synth_net,synth_net_0210,train,train,box,synthetic,ghost_net,aa4e033b4490c736fbca1deb58e5ab25c437c0574ed3f798b379acf3fc5dc7d1
Samudra_Prahari_Dataset_v2/Detection/images/test/synth_net_0211.jpg,Samudra_Prahari_Dataset_v2/Detection/labels/train/synth_net_0211.txt,synth_net,synth_net_0211,train,train,box,synthetic,ghost_net,3cc784944f9444ffa20957aaabf24da20d0b936100a804ac7b668833fa85f5e1
Samudra_Prahari_Dataset_v2/Detection/images/test/synth_net_0213.jpg,Samudra_Prahari_Dataset_v2/Detection/labels/train/synth_net_0213.txt,synth_net,synth_net_0213,train,train,box,synthetic,ghost_net,ca1ff96b3a8e9c75adbeaa9080a13ed1785fc0831e4814ad55341e5844394f67
Samudra_Prahari_Dataset_v2/Detection/images/test/synth_net_0214.jpg,Samudra_Prahari_Dataset_v2/Detection/labels/train/synth_net_0214.txt,synth_net,synth_net_0214,train,train,box,synthetic,ghost_net,e2793a03ba965e30161b8654248c72ecbf56534d8985a77d2ee7ace8565868d3
Samudra_Prahari_Dataset_v2/Detection/images/test/synth_net_0215.jpg,Samudra_Prahari_Dataset_v2/Detection/labels/train/synth_net_0215.txt,synth_net,synth_net_0215,train,train,box,synthetic,ghost_net,ac4a81ecf978205cab7ca63937eee0df9426d34e8766b79fb69a6f46f862e5ad
Samudra_Prahari_Dataset_v2/Detection/images/test/synth_net_0216.jpg,Samudra_Prahari_Dataset_v2/Detection/labels/train/synth_net_0216.txt,synth_net,synth_net_0216,train,train,box,synthetic,ghost_net,a1cb1da4f5fa95f227f0bfbee9f80c5997e4c5336413ef9849c59ffe5e6cffbe
Samudra_Prahari_Dataset_v2/Detection/images/test/synth_net_0217.jpg,Samudra_Prahari_Dataset_v2/Detection/labels/train/synth_net_0217.txt,synth_net,synth_net_0217,test,train,box,synthetic,ghost_net,4934470f82699e7c7f8a4ddcb23953b6e9dd1e74046d63352d5a5ea9f79144d2
Samudra_Prahari_Dataset_v2/Detection/images/test/synth_net_0218.jpg,Samudra_Prahari_Dataset_v2/Detection/labels/train/synth_net_0218.txt,synth_net,synth_net_0218,train,train,box,synthetic,ghost_net,4efa30774ef9ef7edf71449d9b128e09e508e135ff5de915492735a38a40439d
Samudra_Prahari_Dataset_v2/Detection/images/test/synth_net_0219.jpg,Samudra_Prahari_Dataset_v2/Detection/labels/train/synth_net_0219.txt,synth_net,synth_net_0219,train,train,box,synthetic,ghost_net,8449df8e9b9954d3684602855e159cbff232a94fa431dc0968d264a1f89fa46a
Samudra_Prahari_Dataset_v2/Detection/images/test/synth_net_0220.jpg,Samudra_Prahari_Dataset_v2/Detection/labels/train/synth_net_0220.txt,synth_net,synth_net_0220,train,train,box,synthetic,ghost_net,86568ced554df57295a81f818edfd5c7bb6506a1efd638be0e0cc8a959c924f8
Samudra_Prahari_Dataset_v2/Detection/images/test/synth_net_0221.jpg,Samudra_Prahari_Dataset_v2/Detection/labels/train/synth_net_0221.txt,synth_net,synth_net_0221,train,train,box,synthetic,ghost_net,45963d6eb2576c4eff8f9a5d9cb5a93185300fcc8fd860aeac66edd0dbc30748
Samudra_Prahari_Dataset_v2/Detection/images/test/synth_net_0222.jpg,Samudra_Prahari_Dataset_v2/Detection/labels/train/synth_net_0222.txt,synth_net,synth_net_0222,train,train,box,synthetic,ghost_net,b2a53b28d912bfd1a5fcf71a848e9de78c0b25672a9190259018fb56bb29f255
Samudra_Prahari_Dataset_v2/Detection/images/test/synth_net_0223.jpg,Samudra_Prahari_Dataset_v2/Detection/labels/train/synth_net_0223.txt,synth_net,synth_net_0223,train,train,box,synthetic,ghost_net,b8c739056012b6e83f525ece26b150b333c693d8dfeb78a726c9d00ee4d69c54
Samudra_Prahari_Dataset_v2/Detection/images/test/synth_net_0224.jpg,Samudra_Prahari_Dataset_v2/Detection/labels/train/synth_net_0224.txt,synth_net,synth_net_0224,train,train,box,synthetic,ghost_net,15b94c46e38a29242f737b597dfe6fcdc257d17186f1dbe6967dd1288719f0cf
Samudra_Prahari_Dataset_v2/Detection/images/test/synth_net_0225.jpg,Samudra_Prahari_Dataset_v2/Detection/labels/train/synth_net_0225.txt,synth_net,synth_net_0225,train,train,box,synthetic,ghost_net,670f1db81598069e875794763596282590405aed491c03e8209eec650c1becf3
Samudra_Prahari_Dataset_v2/Detection/images/test/synth_net_0226.jpg,Samudra_Prahari_Dataset_v2/Detection/labels/train/synth_net_0226.txt,synth_net,synth_net_0226,train,train,box,synthetic,ghost_net,65950f527c703c2089499d1a644ee91a4b70fadfbc8bdf071b0e5a68e26299ee
Samudra_Prahari_Dataset_v2/Detection/images/test/synth_net_0227.jpg,Samudra_Prahari_Dataset_v2/Detection/labels/train/synth_net_0227.txt,synth_net,synth_net_0227,train,train,box,synthetic,ghost_net,35310a511f5b16f6a0834f5d89f8a99415f7e57bc70911bd49c2d46aff0e392c
Samudra_Prahari_Dataset_v2/Detection/images/test/synth_net_0228.jpg,Samudra_Prahari_Dataset_v2/Detection/labels/train/synth_net_0228.txt,synth_net,synth_net_0228,val,train,box,synthetic,ghost_net,67c68a6f4843b597cb8df604462038e9327e0951faf49b03af65266b4de8b7ed
Samudra_Prahari_Dataset_v2/Detection/images/test/synth_net_0229.jpg,Samudra_Prahari_Dataset_v2/Detection/labels/train/synth_net_0229.txt,synth_net,synth_net_0229,train,train,box,synthetic,ghost_net,8616a3f3b530a1df8fdd3163e387c875d7e11d37a90037a5c8889fe2e754ed7a
Samudra_Prahari_Dataset_v2/Detection/images/test/synth_net_0231.jpg,Samudra_Prahari_Dataset_v2/Detection/labels/train/synth_net_0231.txt,synth_net,synth_net_0231,test,train,box,synthetic,ghost_net,45c79ccd8982d7dc42fe2102c59a006defe660fae2d7a69e065ace2db1faaebb
Samudra_Prahari_Dataset_v2/Detection/images/test/synth_net_0232.jpg,Samudra_Prahari_Dataset_v2/Detection/labels/train/synth_net_0232.txt,synth_net,synth_net_0232,train,train,box,synthetic,ghost_net,03c54cce97f5bb2541a1890c3f3918bf79917f582cf07c4082e08bd911a208c6
Samudra_Prahari_Dataset_v2/Detection/images/test/synth_net_0233.jpg,Samudra_Prahari_Dataset_v2/Detection/labels/train/synth_net_0233.txt,synth_net,synth_net_0233,train,train,box,synthetic,ghost_net,5b6dbb53936a977938d9a8b8dd060ca809e8e5780f23578d0b13cde318228f7d
Samudra_Prahari_Dataset_v2/Detection/images/test/synth_net_0235.jpg,Samudra_Prahari_Dataset_v2/Detection/labels/train/synth_net_0235.txt,synth_net,synth_net_0235,test,train,box,synthetic,ghost_net,b78ab8ef758772d027aaa73a174500730f8c5dd6fdee85542f9d9ab38d5aec77
Samudra_Prahari_Dataset_v2/Detection/images/test/synth_net_0236.jpg,Samudra_Prahari_Dataset_v2/Detection/labels/train/synth_net_0236.txt,synth_net,synth_net_0236,train,train,box,synthetic,ghost_net,13073c7d548a2ff27abce1df8337ec9552335a318221428b4c794091c639f6d0
Samudra_Prahari_Dataset_v2/Detection/images/test/synth_net_0238.jpg,Samudra_Prahari_Dataset_v2/Detection/labels/train/synth_net_0238.txt,synth_net,synth_net_0238,val,train,box,synthetic,ghost_net,ca958b389d41b9e8b8514bbc1786dc726524c97c410e56b469986b366f01d2f3
Samudra_Prahari_Dataset_v2/Detection/images/test/synth_net_0240.jpg,Samudra_Prahari_Dataset_v2/Detection/labels/train/synth_net_0240.txt,synth_net,synth_net_0240,train,train,box,synthetic,ghost_net,af198054944ea62bcf7d877d1bf090eb9e49ed6e45f2494dc4da0ae6c8948477
Samudra_Prahari_Dataset_v2/Detection/images/test/synth_net_0241.jpg,Samudra_Prahari_Dataset_v2/Detection/labels/train/synth_net_0241.txt,synth_net,synth_net_0241,train,train,box,synthetic,ghost_net,a1144acc2e493cbdcf94cb4830cecb5f71cc799a1d431d4e814da9ce57d8b8fb
Samudra_Prahari_Dataset_v2/Detection/images/test/synth_net_0242.jpg,Samudra_Prahari_Dataset_v2/Detection/labels/train/synth_net_0242.txt,synth_net,synth_net_0242,val,train,box,synthetic,ghost_net,a8dc713dd040d3981afc8b3daad1949531440e664ace87d1be6eda09767edb4f
Samudra_Prahari_Dataset_v2/Detection/images/test/synth_net_0243.jpg,Samudra_Prahari_Dataset_v2/Detection/labels/train/synth_net_0243.txt,synth_net,synth_net_0243,train,train,box,synthetic,ghost_net,a19172f30b55b08df1498aeff89c2e596e78df826edcbbb07fcec060f301ecd9
Samudra_Prahari_Dataset_v2/Detection/images/test/synth_net_0244.jpg,Samudra_Prahari_Dataset_v2/Detection/labels/train/synth_net_0244.txt,synth_net,synth_net_0244,train,train,box,synthetic,ghost_net,bab4453a41552ee7e24c3bff16e84384afe2f7c724dc212c7a5929982642f0e6
Samudra_Prahari_Dataset_v2/Detection/images/test/synth_net_0245.jpg,Samudra_Prahari_Dataset_v2/Detection/labels/train/synth_net_0245.txt,synth_net,synth_net_0245,val,train,box,synthetic,ghost_net,ee4f74302b0fa67507dc309fa3fce0b3814e5d797cdd75788f690b3587578800
Samudra_Prahari_Dataset_v2/Detection/images/test/synth_net_0246.jpg,Samudra_Prahari_Dataset_v2/Detection/labels/train/synth_net_0246.txt,synth_net,synth_net_0246,train,train,box,synthetic,ghost_net,235348003b2cf8ab10afe8c6f54b81821203beca9ac487722580095720d51bde
Samudra_Prahari_Dataset_v2/Detection/images/test/synth_net_0247.jpg,Samudra_Prahari_Dataset_v2/Detection/labels/train/synth_net_0247.txt,synth_net,synth_net_0247,val,train,box,synthetic,ghost_net,7a542079f1bcbcabff34aaac87902fa9a38c0f0f7af53932a2ff96abc9e2f29e
Samudra_Prahari_Dataset_v2/Detection/images/test/synth_net_0248.jpg,Samudra_Prahari_Dataset_v2/Detection/labels/train/synth_net_0248.txt,synth_net,synth_net_0248,val,train,box,synthetic,ghost_net,f41e36b5f785b24bac1417ca8743373fc3d57873eb0e332b9111ef4c4df3443a
Samudra_Prahari_Dataset_v2/Detection/images/test/synth_net_0249.jpg,Samudra_Prahari_Dataset_v2/Detection/labels/train/synth_net_0249.txt,synth_net,synth_net_0249,train,train,box,synthetic,ghost_net,c2345c9a525e689e9c38477f5afd12029d4a1b19a985413a764a02511997f219
Samudra_Prahari_Dataset_v2/Detection/images/test/synth_net_0250.jpg,Samudra_Prahari_Dataset_v2/Detection/labels/train/synth_net_0250.txt,synth_net,synth_net_0250,train,train,box,synthetic,ghost_net,cf3b3a68ebe13db32b2b5c9001077c1ab2309786c69e24b5ae28852c40cf032a
Samudra_Prahari_Dataset_v2/Detection/images/test/synth_net_0251.jpg,Samudra_Prahari_Dataset_v2/Detection/labels/train/synth_net_0251.txt,synth_net,synth_net_0251,train,train,box,synthetic,ghost_net,a05b0a80f65d487f6077ab712ac672fd6a0643b873a165719928c4992ae2878c
Samudra_Prahari_Dataset_v2/Detection/images/test/synth_net_0252.jpg,Samudra_Prahari_Dataset_v2/Detection/labels/train/synth_net_0252.txt,synth_net,synth_net_0252,train,train,box,synthetic,ghost_net,c7cabf3c82752cbe166a61bc01d96b2fd021f444ed8d899f40bdbda2d71c2435
Samudra_Prahari_Dataset_v2/Detection/images/test/synth_net_0254.jpg,Samudra_Prahari_Dataset_v2/Detection/labels/train/synth_net_0254.txt,synth_net,synth_net_0254,train,train,box,synthetic,ghost_net,fe3ad49038b02345f7d5648dc3a683cd138eedc6acd1ec179f5417fadf57a2c0
Samudra_Prahari_Dataset_v2/Detection/images/test/synth_net_0256.jpg,Samudra_Prahari_Dataset_v2/Detection/labels/train/synth_net_0256.txt,synth_net,synth_net_0256,val,train,box,synthetic,ghost_net,1ff2d1fc0104678a9cf8a4d99d9fd2239cea25bc04dbb3346368642dde661ff1
Samudra_Prahari_Dataset_v2/Detection/images/test/synth_net_0257.jpg,Samudra_Prahari_Dataset_v2/Detection/labels/train/synth_net_0257.txt,synth_net,synth_net_0257,train,train,box,synthetic,ghost_net,865a714603cc10229e2c3a50a5480ec73e87709d0b1494550312ca3d672ccd92
Samudra_Prahari_Dataset_v2/Detection/images/test/synth_net_0258.jpg,Samudra_Prahari_Dataset_v2/Detection/labels/train/synth_net_0258.txt,synth_net,synth_net_0258,test,train,box,synthetic,ghost_net,64459583ceea9dad6ea96bfdeaa6d31a675f361d7e894f37a5f6afee564194d2
Samudra_Prahari_Dataset_v2/Detection/images/test/synth_net_0259.jpg,Samudra_Prahari_Dataset_v2/Detection/labels/train/synth_net_0259.txt,synth_net,synth_net_0259,train,train,box,synthetic,ghost_net,ac76afe3b7e2831522c0077ed02d53d049a628175afe7d051b0f7eb1d019a86e
Samudra_Prahari_Dataset_v2/Detection/images/test/synth_net_0260.jpg,Samudra_Prahari_Dataset_v2/Detection/labels/train/synth_net_0260.txt,synth_net,synth_net_0260,val,train,box,synthetic,ghost_net,8e77f287ec43e9ee942d8cb920ec7c7cecf19db8ffadf2a4a40fbe52192f36e3
Samudra_Prahari_Dataset_v2/Detection/images/test/synth_net_0261.jpg,Samudra_Prahari_Dataset_v2/Detection/labels/train/synth_net_0261.txt,synth_net,synth_net_0261,train,train,box,synthetic,ghost_net,0327677dc4c1aeae7e0750c1d90cd5f2bc36afa4471c61e47621911019315c62
Samudra_Prahari_Dataset_v2/Detection/images/test/synth_net_0262.jpg,Samudra_Prahari_Dataset_v2/Detection/labels/train/synth_net_0262.txt,synth_net,synth_net_0262,test,train,box,synthetic,ghost_net,7d1e57c503d4e18fcffa7e0ec12c17cd3605ec3100c1bd3f985df85267590d29
Samudra_Prahari_Dataset_v2/Detection/images/test/synth_net_0264.jpg,Samudra_Prahari_Dataset_v2/Detection/labels/train/synth_net_0264.txt,synth_net,synth_net_0264,train,train,box,synthetic,ghost_net,2aa22c4e5e7fce61726965f454bb31fa44635f12f26d0b6105c9d1bf9c77d58f
Samudra_Prahari_Dataset_v2/Detection/images/test/synth_net_0265.jpg,Samudra_Prahari_Dataset_v2/Detection/labels/train/synth_net_0265.txt,synth_net,synth_net_0265,train,train,box,synthetic,ghost_net,ac97fb2e870c4ddbaae9ac3c25934539000c2197f24b6c71ef2a8ee8a96edc4d
Samudra_Prahari_Dataset_v2/Detection/images/test/synth_net_0266.jpg,Samudra_Prahari_Dataset_v2/Detection/labels/train/synth_net_0266.txt,synth_net,synth_net_0266,train,train,box,synthetic,ghost_net,4b29567bfd0f9b70370cb37d80f7ea8c08dfec3d0c72bdb84d637ea729d4caea
Samudra_Prahari_Dataset_v2/Detection/images/test/synth_net_0267.jpg,Samudra_Prahari_Dataset_v2/Detection/labels/train/synth_net_0267.txt,synth_net,synth_net_0267,train,train,box,synthetic,ghost_net,387acce7e4366f56ce96895f6471e06e6ff8a4c43781204b5fafdb138c0816e1
Samudra_Prahari_Dataset_v2/Detection/images/test/synth_net_0268.jpg,Samudra_Prahari_Dataset_v2/Detection/labels/train/synth_net_0268.txt,synth_net,synth_net_0268,train,train,box,synthetic,ghost_net,2e5bfc83d765d4ddd52b0e3d5c0e169a0745a1ded13165338fc32cc92ae699ab
Samudra_Prahari_Dataset_v2/Detection/images/test/synth_net_0269.jpg,Samudra_Prahari_Dataset_v2/Detection/labels/train/synth_net_0269.txt,synth_net,synth_net_0269,train,train,box,synthetic,ghost_net,736498a9644c66a68e2c24f12473f5bc7d027d4f4c2fa8510e72d96a1e2c7641
Samudra_Prahari_Dataset_v2/Detection/images/test/synth_net_0271.jpg,Samudra_Prahari_Dataset_v2/Detection/labels/train/synth_net_0271.txt,synth_net,synth_net_0271,val,train,box,synthetic,ghost_net,a318e4dd7e7e665c93425c2d354b5d7569132d8bbcbfafe80c916f95259e8a7a
Samudra_Prahari_Dataset_v2/Detection/images/test/synth_net_0272.jpg,Samudra_Prahari_Dataset_v2/Detection/labels/train/synth_net_0272.txt,synth_net,synth_net_0272,train,train,box,synthetic,ghost_net,b32732b337fb8d2437ccb1763f609037fb731e0832c3f31670b6743f47fa53cb
Samudra_Prahari_Dataset_v2/Detection/images/test/synth_net_0273.jpg,Samudra_Prahari_Dataset_v2/Detection/labels/train/synth_net_0273.txt,synth_net,synth_net_0273,test,train,box,synthetic,ghost_net,545f952ffb3c7824ac31073b7bbcf659aa7e9d80030f223742f3096bca98b4d8
Samudra_Prahari_Dataset_v2/Detection/images/test/synth_net_0274.jpg,Samudra_Prahari_Dataset_v2/Detection/labels/train/synth_net_0274.txt,synth_net,synth_net_0274,train,train,box,synthetic,ghost_net,baa6bc1827ca986fc425eb92ea88e8d510f3a2b2e0bad2930ec24eac38467fa9
Samudra_Prahari_Dataset_v2/Detection/images/test/synth_net_0275.jpg,Samudra_Prahari_Dataset_v2/Detection/labels/train/synth_net_0275.txt,synth_net,synth_net_0275,val,train,box,synthetic,ghost_net,a4dd9b1bbe2e16f379a81766c8664f7f3b1c3c9ba450fc0a82d2725019f384fa
Samudra_Prahari_Dataset_v2/Detection/images/test/synth_net_0276.jpg,Samudra_Prahari_Dataset_v2/Detection/labels/train/synth_net_0276.txt,synth_net,synth_net_0276,train,train,box,synthetic,ghost_net,ca28e0c1760e8eaa25dae4a9dddc23b91ec57f74309796eec9b67ceab43692fb
Samudra_Prahari_Dataset_v2/Detection/images/test/synth_net_0277.jpg,Samudra_Prahari_Dataset_v2/Detection/labels/train/synth_net_0277.txt,synth_net,synth_net_0277,train,train,box,synthetic,ghost_net,4fcbc2905f9c23769955163904c7505a2cf95003bb873b8de3aeaee04ea4551d
Samudra_Prahari_Dataset_v2/Detection/images/test/synth_net_0278.jpg,Samudra_Prahari_Dataset_v2/Detection/labels/train/synth_net_0278.txt,synth_net,synth_net_0278,val,train,box,synthetic,ghost_net,e6f907f77e65a44e72c4b1147abdf0974231e84decade0c029ac82b58eb9dc13
Samudra_Prahari_Dataset_v2/Detection/images/test/synth_net_0279.jpg,Samudra_Prahari_Dataset_v2/Detection/labels/train/synth_net_0279.txt,synth_net,synth_net_0279,train,train,box,synthetic,ghost_net,f15a6dbd2cb2a6f8b38a1b76a2ef43323bf73b93cfdf8dbfbe50ffd9be3ecede
Samudra_Prahari_Dataset_v2/Detection/images/test/synth_net_0280.jpg,Samudra_Prahari_Dataset_v2/Detection/labels/train/synth_net_0280.txt,synth_net,synth_net_0280,train,train,box,synthetic,ghost_net,e9e8782a6870b3b6744fda4588e332f9190598272c7c190683a3d1a3af91bfe7
Samudra_Prahari_Dataset_v2/Detection/images/test/synth_net_0282.jpg,Samudra_Prahari_Dataset_v2/Detection/labels/train/synth_net_0282.txt,synth_net,synth_net_0282,test,train,box,synthetic,ghost_net,3aed394ff8c4cbf19139eb75c2ee963e036370a112d1668ea821191e0b4d8f6c
Samudra_Prahari_Dataset_v2/Detection/images/test/synth_net_0284.jpg,Samudra_Prahari_Dataset_v2/Detection/labels/train/synth_net_0284.txt,synth_net,synth_net_0284,train,train,box,synthetic,ghost_net,2a87c577a625a4e40f8831119b1ffb6cfb43ce07893b26966130c8c81c29a44b
Samudra_Prahari_Dataset_v2/Detection/images/test/synth_net_0285.jpg,Samudra_Prahari_Dataset_v2/Detection/labels/train/synth_net_0285.txt,synth_net,synth_net_0285,train,train,box,synthetic,ghost_net,4093952c6b6653e032ae427f21c33db8baba7b5d84003057fcf8550c337b743c
Samudra_Prahari_Dataset_v2/Detection/images/test/synth_net_0286.jpg,Samudra_Prahari_Dataset_v2/Detection/labels/train/synth_net_0286.txt,synth_net,synth_net_0286,val,train,box,synthetic,ghost_net,56a480d1b11ff746884eba9021963b545793657fc0c1db969b9afca996631903
Samudra_Prahari_Dataset_v2/Detection/images/test/synth_net_0287.jpg,Samudra_Prahari_Dataset_v2/Detection/labels/train/synth_net_0287.txt,synth_net,synth_net_0287,val,train,box,synthetic,ghost_net,c7c6cc9ef60a03b657785a9800204e18ef4ddc1e19d0a2fd05368367606be9b4
Samudra_Prahari_Dataset_v2/Detection/images/test/synth_net_0288.jpg,Samudra_Prahari_Dataset_v2/Detection/labels/train/synth_net_0288.txt,synth_net,synth_net_0288,train,train,box,synthetic,ghost_net,70dbe7392d51c9dac9c341fd169a8ed0e5d53370843956f3f6063bc3914fcf45
Samudra_Prahari_Dataset_v2/Detection/images/test/synth_net_0289.jpg,Samudra_Prahari_Dataset_v2/Detection/labels/train/synth_net_0289.txt,synth_net,synth_net_0289,val,train,box,synthetic,ghost_net,d26cdc3348220a95d0e51a6c97cb56299dc56ea3d11dc2d5716ccda49236103e
Samudra_Prahari_Dataset_v2/Detection/images/test/synth_net_0290.jpg,Samudra_Prahari_Dataset_v2/Detection/labels/train/synth_net_0290.txt,synth_net,synth_net_0290,train,train,box,synthetic,ghost_net,12baee9291443771a45c6f377b81dcf782826846c9b23d5496a99fccf632465c
Samudra_Prahari_Dataset_v2/Detection/images/test/synth_net_0291.jpg,Samudra_Prahari_Dataset_v2/Detection/labels/train/synth_net_0291.txt,synth_net,synth_net_0291,train,train,box,synthetic,ghost_net,dd5cd9838b6bc60bd58fcafb4c56947009827d4ddee8cb634df4a90ee91327f4
Samudra_Prahari_Dataset_v2/Detection/images/test/synth_net_0292.jpg,Samudra_Prahari_Dataset_v2/Detection/labels/train/synth_net_0292.txt,synth_net,synth_net_0292,test,train,box,synthetic,ghost_net,50d3da8435396f3b07e69529f051608456380b1a58c5d5e1db8c5ed703219814
Samudra_Prahari_Dataset_v2/Detection/images/test/synth_net_0293.jpg,Samudra_Prahari_Dataset_v2/Detection/labels/train/synth_net_0293.txt,synth_net,synth_net_0293,train,train,box,synthetic,ghost_net,e9e56fe6f0d66b84961f0042cfc7b2cbce79615e6477c12998c0c5a767c24fb7
Samudra_Prahari_Dataset_v2/Detection/images/test/synth_net_0294.jpg,Samudra_Prahari_Dataset_v2/Detection/labels/train/synth_net_0294.txt,synth_net,synth_net_0294,train,train,box,synthetic,ghost_net,d261d58016c01f039cf66696d98d9ce8efbcdd47df7e63a8881a91bd5e2c6d3a
Samudra_Prahari_Dataset_v2/Detection/images/test/synth_net_0296.jpg,Samudra_Prahari_Dataset_v2/Detection/labels/train/synth_net_0296.txt,synth_net,synth_net_0296,train,train,box,synthetic,ghost_net,663b3c95ad2f772947fc54589f3b3a665e1e29e3253f63df3bc3725fe4634e88
Samudra_Prahari_Dataset_v2/Detection/images/test/synth_net_0297.jpg,Samudra_Prahari_Dataset_v2/Detection/labels/train/synth_net_0297.txt,synth_net,synth_net_0297,train,train,box,synthetic,ghost_net,2e60496b8e6aae8201985fb222259b2a23b73041b5df55f81f1bb40e51037e3f
Samudra_Prahari_Dataset_v2/Detection/images/test/synth_net_0298.jpg,Samudra_Prahari_Dataset_v2/Detection/labels/train/synth_net_0298.txt,synth_net,synth_net_0298,train,train,box,synthetic,ghost_net,0cafc849bb2ca8aa3b1c2ee4b734f2e3f14954f995e580a7d4d35205987e8ec0
Samudra_Prahari_Dataset_v2/Detection/images/test/synth_net_0299.jpg,Samudra_Prahari_Dataset_v2/Detection/labels/train/synth_net_0299.txt,synth_net,synth_net_0299,test,train,box,synthetic,ghost_net,cfdaf6a408134c34e98e9b89a058f8bdaefa8a21eb86989d5c7d17e010ff3b73
Samudra_Prahari_Dataset_v2/Detection/images/val/ai4_Grecian_01.jpg,Samudra_Prahari_Dataset_v2/Detection/labels/val/ai4_Grecian_01.txt,ai4,ai4_Grecian,train,val,box,real,shipwreck,bdec48b7de2cdd80f9b7d36a26bdd78b051c2a168509985c4d8eea2c542fb525
Samudra_Prahari_Dataset_v2/Detection/images/val/ai4_Grecian_02.jpg,Samudra_Prahari_Dataset_v2/Detection/labels/val/ai4_Grecian_02.txt,ai4,ai4_Grecian,train,val,box,real,shipwreck,8481405af9769956fdadf226f901ecaf4a3bb694b87ad37fa2375162a3d72078
Samudra_Prahari_Dataset_v2/Detection/images/val/ai4_Grecian_03.jpg,Samudra_Prahari_Dataset_v2/Detection/labels/val/ai4_Grecian_03.txt,ai4,ai4_Grecian,train,val,box,real,shipwreck,11019a9f90086e10ff3090c986e6525a4d3fba20765d121addd5ca5ec5e047a3
Samudra_Prahari_Dataset_v2/Detection/images/val/ai4_Grecian_04.jpg,Samudra_Prahari_Dataset_v2/Detection/labels/val/ai4_Grecian_04.txt,ai4,ai4_Grecian,train,val,box,real,shipwreck,98a364655e64f7ef3ff617d03881d68e6450b87b646e82a7adaee32f1ca06ce3
Samudra_Prahari_Dataset_v2/Detection/images/val/ai4_WP_Rend_02.jpg,Samudra_Prahari_Dataset_v2/Detection/labels/val/ai4_WP_Rend_02.txt,ai4,ai4_WP_Rend,train,val,box,real,shipwreck,03a02fa21ecf7b00ce86ddcf64aad76e66fdc8d461ef6d3b41bf8fed29299a3d
Samudra_Prahari_Dataset_v2/Detection/images/val/ai4_WP_Rend_04.jpg,Samudra_Prahari_Dataset_v2/Detection/labels/val/ai4_WP_Rend_04.txt,ai4,ai4_WP_Rend,train,val,box,real,shipwreck,b621103d3aee339160d9df31fc6858bef3028b6adc7eba93ce2026c92297c216
Samudra_Prahari_Dataset_v2/Detection/images/val/ai4_WP_Rend_05.jpg,Samudra_Prahari_Dataset_v2/Detection/labels/val/ai4_WP_Rend_05.txt,ai4,ai4_WP_Rend,train,val,box,real,shipwreck,71bfe2852898f557adae79e9389829b6f820fa61703097418015b0a550b3c7d5
Samudra_Prahari_Dataset_v2/Detection/images/val/ai4_WP_Rend_06.jpg,Samudra_Prahari_Dataset_v2/Detection/labels/val/ai4_WP_Rend_06.txt,ai4,ai4_WP_Rend,train,val,box,real,shipwreck,b81fbd48ebd428951db3c664038e051b895f8756b94b1ebbfa91395e643f2b99
Samudra_Prahari_Dataset_v2/Detection/images/val/ai4_WP_Rend_07.jpg,Samudra_Prahari_Dataset_v2/Detection/labels/val/ai4_WP_Rend_07.txt,ai4,ai4_WP_Rend,train,val,box,real,shipwreck,1a4c2c77bbc9a0fe96aeebd93e94086b51f51cd1a065105597fc8b2c2bb5e05b
Samudra_Prahari_Dataset_v2/Detection/images/val/ai4_WP_Rend_09.jpg,Samudra_Prahari_Dataset_v2/Detection/labels/val/ai4_WP_Rend_09.txt,ai4,ai4_WP_Rend,train,val,box,real,shipwreck,9de62e878ef6f5288d57c0d795f6d3758c7c30ad9b273f43dba6f50e6df05bac
Samudra_Prahari_Dataset_v2/Detection/images/val/ai4_WP_Rend_10.jpg,Samudra_Prahari_Dataset_v2/Detection/labels/val/ai4_WP_Rend_10.txt,ai4,ai4_WP_Rend,train,val,box,real,shipwreck,4079456bbbe1566f414789c60b3d9df9d4ddf5d4099c5c670e40c643701eab0b
Samudra_Prahari_Dataset_v2/Detection/images/val/ai4_WP_Rend_11.jpg,Samudra_Prahari_Dataset_v2/Detection/labels/val/ai4_WP_Rend_11.txt,ai4,ai4_WP_Rend,train,val,box,real,shipwreck,91aa3345105051c5fddb9c8936d37aff342a69d506c10ea2450b2765bf6c92f9
Samudra_Prahari_Dataset_v2/Detection/images/val/pipe20xx_0256_2010.jpg,Samudra_Prahari_Dataset_v2/Detection/labels/val/pipe20xx_0256_2010.txt,pipe20xx,pipe20xx_2010,train,val,box,unverified,pipe,e75218b35710a8f743ae7246364594a364647196476a493d00891c0d49ecd1b4
Samudra_Prahari_Dataset_v2/Detection/images/val/pipe20xx_0284_2010.jpg,Samudra_Prahari_Dataset_v2/Detection/labels/val/pipe20xx_0284_2010.txt,pipe20xx,pipe20xx_2010,train,val,box,unverified,pipe,f0ab9fd4f563e55094c46d6d04d93500ef1ca60565aa10b849262da70d3e73fb
Samudra_Prahari_Dataset_v2/Detection/images/val/pipe20xx_0299_2010.jpg,Samudra_Prahari_Dataset_v2/Detection/labels/val/pipe20xx_0299_2010.txt,pipe20xx,pipe20xx_2010,train,val,box,unverified,pipe,d9c3aded348e42966ce02e62ebf6d80e977a1ad63dabbdc65a6581a8c72a53db
Samudra_Prahari_Dataset_v2/Detection/images/val/pipe20xx_0305_2010.jpg,Samudra_Prahari_Dataset_v2/Detection/labels/val/pipe20xx_0305_2010.txt,pipe20xx,pipe20xx_2010,train,val,box,unverified,pipe,750d0b0eccf344508d96935fb5707499d2544850294470dc0595ae6ddd424d9b
Samudra_Prahari_Dataset_v2/Detection/images/val/pipe20xx_0307_2010.jpg,Samudra_Prahari_Dataset_v2/Detection/labels/val/pipe20xx_0307_2010.txt,pipe20xx,pipe20xx_2010,train,val,box,unverified,pipe,406118be6ecfae89815742beada0964f1e281eb9994be637ac0235f5b3f56ac0
Samudra_Prahari_Dataset_v2/Detection/images/val/pure_synth_subpipe_0000.jpg,Samudra_Prahari_Dataset_v2/Detection/labels/val/pure_synth_subpipe_0000.txt,pure_synth_subpipe,pure_synth_subpipe_0000,train,val,box,synthetic,pipe,e5d056d1bc6a41f5d4c54d8ef3dfb575096000f8f4ef6a3109016e302a46aaec
Samudra_Prahari_Dataset_v2/Detection/images/val/pure_synth_subpipe_0002.jpg,Samudra_Prahari_Dataset_v2/Detection/labels/val/pure_synth_subpipe_0002.txt,pure_synth_subpipe,pure_synth_subpipe_0002,train,val,box,synthetic,pipe,c691f84a25821fb2c30df77f02f073e0f18bf26e40dfa72ebe00e29a73be8352
Samudra_Prahari_Dataset_v2/Detection/images/val/pure_synth_subpipe_0003.jpg,Samudra_Prahari_Dataset_v2/Detection/labels/val/pure_synth_subpipe_0003.txt,pure_synth_subpipe,pure_synth_subpipe_0003,train,val,box,synthetic,pipe,a1c61a8521a5f0113dddf25baa2bdd998f04d5d209153b49412d0ffc9914e026
Samudra_Prahari_Dataset_v2/Detection/images/val/pure_synth_subpipe_0016.jpg,Samudra_Prahari_Dataset_v2/Detection/labels/val/pure_synth_subpipe_0016.txt,pure_synth_subpipe,pure_synth_subpipe_0016,train,val,box,synthetic,pipe,121dfbc8de25e9fd538955a9478406f5d75ac55819831b500a4a78be3f16f6a8
Samudra_Prahari_Dataset_v2/Detection/images/val/pure_synth_subpipe_0017.jpg,Samudra_Prahari_Dataset_v2/Detection/labels/val/pure_synth_subpipe_0017.txt,pure_synth_subpipe,pure_synth_subpipe_0017,train,val,box,synthetic,pipe,9866dc23b40d74b8cd7cc7c1009893a7d43380fa98ca513453cd947d4a085f47
Samudra_Prahari_Dataset_v2/Detection/images/val/pure_synth_subpipe_0023.jpg,Samudra_Prahari_Dataset_v2/Detection/labels/val/pure_synth_subpipe_0023.txt,pure_synth_subpipe,pure_synth_subpipe_0023,train,val,box,synthetic,pipe,f3a47690a1b4e91542f4c7c5546e2534b45201a281a8dd8efd78bd675d30956d
Samudra_Prahari_Dataset_v2/Detection/images/val/pure_synth_subpipe_0024.jpg,Samudra_Prahari_Dataset_v2/Detection/labels/val/pure_synth_subpipe_0024.txt,pure_synth_subpipe,pure_synth_subpipe_0024,train,val,box,synthetic,pipe,0af7a723ecd36f14f761777cc5f4821b6f0251edf7b56b72a858784dbcad5863
Samudra_Prahari_Dataset_v2/Detection/images/val/pure_synth_subpipe_0025.jpg,Samudra_Prahari_Dataset_v2/Detection/labels/val/pure_synth_subpipe_0025.txt,pure_synth_subpipe,pure_synth_subpipe_0025,train,val,box,synthetic,pipe,097d67fc015afcbb2072a6c5badacdf73491434da737a4f12a058629ac89c11d
Samudra_Prahari_Dataset_v2/Detection/images/val/pure_synth_subpipe_0034.jpg,Samudra_Prahari_Dataset_v2/Detection/labels/val/pure_synth_subpipe_0034.txt,pure_synth_subpipe,pure_synth_subpipe_0034,test,val,box,synthetic,pipe,25845b641141be70574aaf937d7d66bb66fcc45ec4056b4b3287d4b6f7ef438a
Samudra_Prahari_Dataset_v2/Detection/images/val/pure_synth_subpipe_0035.jpg,Samudra_Prahari_Dataset_v2/Detection/labels/val/pure_synth_subpipe_0035.txt,pure_synth_subpipe,pure_synth_subpipe_0035,train,val,box,synthetic,pipe,18b92866199010a7a04ace2aad2a05135868b60ce82e35e788cc88cb4c97dd49
Samudra_Prahari_Dataset_v2/Detection/images/val/pure_synth_subpipe_0036.jpg,Samudra_Prahari_Dataset_v2/Detection/labels/val/pure_synth_subpipe_0036.txt,pure_synth_subpipe,pure_synth_subpipe_0036,test,val,box,synthetic,pipe,900d83fc18accd32b3eca0b8953f418728164897435587e94263e6c7ab0693d5
Samudra_Prahari_Dataset_v2/Detection/images/val/pure_synth_subpipe_0041.jpg,Samudra_Prahari_Dataset_v2/Detection/labels/val/pure_synth_subpipe_0041.txt,pure_synth_subpipe,pure_synth_subpipe_0041,train,val,box,synthetic,pipe,e3342f4c0b7582b2570928089816fc8405dab0178a1c81d25ea502503a9edf1c
Samudra_Prahari_Dataset_v2/Detection/images/val/pure_synth_subpipe_0049.jpg,Samudra_Prahari_Dataset_v2/Detection/labels/val/pure_synth_subpipe_0049.txt,pure_synth_subpipe,pure_synth_subpipe_0049,train,val,box,synthetic,pipe,b157ca5d5e195e2bf832af43a939f8930df8375e29585de0c8281321d9902e4d
Samudra_Prahari_Dataset_v2/Detection/images/val/pure_synth_subpipe_0055.jpg,Samudra_Prahari_Dataset_v2/Detection/labels/val/pure_synth_subpipe_0055.txt,pure_synth_subpipe,pure_synth_subpipe_0055,test,val,box,synthetic,pipe,cf554f9ae7f2601a51ba1a711e3cb62aeaa401a1613cad830a7b7a2c0c0d2e75
Samudra_Prahari_Dataset_v2/Detection/images/val/pure_synth_subpipe_0068.jpg,Samudra_Prahari_Dataset_v2/Detection/labels/val/pure_synth_subpipe_0068.txt,pure_synth_subpipe,pure_synth_subpipe_0068,train,val,box,synthetic,pipe,62552df869af3c7c7703acc6e97e1c53ceec3eb3a6da28cb3d6e9ce5a5495ec0
Samudra_Prahari_Dataset_v2/Detection/images/val/pure_synth_subpipe_0075.jpg,Samudra_Prahari_Dataset_v2/Detection/labels/val/pure_synth_subpipe_0075.txt,pure_synth_subpipe,pure_synth_subpipe_0075,train,val,box,synthetic,pipe,83d2c450c462f2c0f47363494d2c224206965c0435e5e67c6fb008b436427b10
Samudra_Prahari_Dataset_v2/Detection/images/val/pure_synth_subpipe_0080.jpg,Samudra_Prahari_Dataset_v2/Detection/labels/val/pure_synth_subpipe_0080.txt,pure_synth_subpipe,pure_synth_subpipe_0080,train,val,box,synthetic,pipe,7fe2514f6f0daf6d1a45dee277a016fd030d839339ea9e794250711c75f4874f
Samudra_Prahari_Dataset_v2/Detection/images/val/pure_synth_subpipe_0089.jpg,Samudra_Prahari_Dataset_v2/Detection/labels/val/pure_synth_subpipe_0089.txt,pure_synth_subpipe,pure_synth_subpipe_0089,train,val,box,synthetic,pipe,933dcd81cd830e4efb33b4a4b1415ad16bcaf931ead87b2a2777df41cd29365e
Samudra_Prahari_Dataset_v2/Detection/images/val/pure_synth_subpipe_0094.jpg,Samudra_Prahari_Dataset_v2/Detection/labels/val/pure_synth_subpipe_0094.txt,pure_synth_subpipe,pure_synth_subpipe_0094,train,val,box,synthetic,pipe,fd1134495c8e874ef09852af8bfc8685a81695d2b51f85a950caa41b86d2e480
Samudra_Prahari_Dataset_v2/Detection/images/val/pure_synth_subpipe_0116.jpg,Samudra_Prahari_Dataset_v2/Detection/labels/val/pure_synth_subpipe_0116.txt,pure_synth_subpipe,pure_synth_subpipe_0116,val,val,box,synthetic,pipe,af42de05cc55249aac72805eab383d9d367a82bd17379476481f9337125366b9
Samudra_Prahari_Dataset_v2/Detection/images/val/pure_synth_subpipe_0121.jpg,Samudra_Prahari_Dataset_v2/Detection/labels/val/pure_synth_subpipe_0121.txt,pure_synth_subpipe,pure_synth_subpipe_0121,train,val,box,synthetic,pipe,84b4e93d9f3b70c83d7425f3191449a8aff777b90de7eacb608c2dd542a1ebef
Samudra_Prahari_Dataset_v2/Detection/images/val/pure_synth_subpipe_0128.jpg,Samudra_Prahari_Dataset_v2/Detection/labels/val/pure_synth_subpipe_0128.txt,pure_synth_subpipe,pure_synth_subpipe_0128,train,val,box,synthetic,pipe,08afe65fc8c8c254bf7d4ce94a323967399147512ffa12228f481bf8690deb23
Samudra_Prahari_Dataset_v2/Detection/images/val/pure_synth_subpipe_0132.jpg,Samudra_Prahari_Dataset_v2/Detection/labels/val/pure_synth_subpipe_0132.txt,pure_synth_subpipe,pure_synth_subpipe_0132,train,val,box,synthetic,pipe,04296e87a835e6eb3c742b0973ad9b48e4709a2c9c34fc9a37bbb42d45e729cf
Samudra_Prahari_Dataset_v2/Detection/images/val/pure_synth_subpipe_0145.jpg,Samudra_Prahari_Dataset_v2/Detection/labels/val/pure_synth_subpipe_0145.txt,pure_synth_subpipe,pure_synth_subpipe_0145,test,val,box,synthetic,pipe,871c31e465244843b4756bbf764619a5ce4fbfe9817f4b6803a696e082cddf33
Samudra_Prahari_Dataset_v2/Detection/images/val/pure_synth_subpipe_0147.jpg,Samudra_Prahari_Dataset_v2/Detection/labels/val/pure_synth_subpipe_0147.txt,pure_synth_subpipe,pure_synth_subpipe_0147,train,val,box,synthetic,pipe,15a65ec480be4c844bdcf4d1dc0b5757e0f73657aa009d0dddb1abb6b69aa47d
Samudra_Prahari_Dataset_v2/Detection/images/val/pure_synth_subpipe_0153.jpg,Samudra_Prahari_Dataset_v2/Detection/labels/val/pure_synth_subpipe_0153.txt,pure_synth_subpipe,pure_synth_subpipe_0153,train,val,box,synthetic,pipe,2099f3d3566cb0aa291264654a063fe1d4831ee1c299c19ea376a0fd39c9f039
Samudra_Prahari_Dataset_v2/Detection/images/val/pure_synth_subpipe_0155.jpg,Samudra_Prahari_Dataset_v2/Detection/labels/val/pure_synth_subpipe_0155.txt,pure_synth_subpipe,pure_synth_subpipe_0155,train,val,box,synthetic,pipe,0c5efd3f9717f2f727f46f19b0ef94f1a58b31edb1e4f46c53753dc805f943d4
Samudra_Prahari_Dataset_v2/Detection/images/val/pure_synth_subpipe_0160.jpg,Samudra_Prahari_Dataset_v2/Detection/labels/val/pure_synth_subpipe_0160.txt,pure_synth_subpipe,pure_synth_subpipe_0160,test,val,box,synthetic,pipe,c3ce0bde0af824a385864f13c8bda8b7803a2e3602914f9b41c4ccfbf7125b67
Samudra_Prahari_Dataset_v2/Detection/images/val/pure_synth_subpipe_0163.jpg,Samudra_Prahari_Dataset_v2/Detection/labels/val/pure_synth_subpipe_0163.txt,pure_synth_subpipe,pure_synth_subpipe_0163,train,val,box,synthetic,pipe,393c89b554bca1b67f4b4edca266f50c5636613f2a768877f6fbdc9e22c2e938
Samudra_Prahari_Dataset_v2/Detection/images/val/pure_synth_subpipe_0170.jpg,Samudra_Prahari_Dataset_v2/Detection/labels/val/pure_synth_subpipe_0170.txt,pure_synth_subpipe,pure_synth_subpipe_0170,test,val,box,synthetic,pipe,c9a78a7adf9adaea0410e12a4a509f18d9f8569fda940956a82085104f4b85be
Samudra_Prahari_Dataset_v2/Detection/images/val/pure_synth_subpipe_0178.jpg,Samudra_Prahari_Dataset_v2/Detection/labels/val/pure_synth_subpipe_0178.txt,pure_synth_subpipe,pure_synth_subpipe_0178,test,val,box,synthetic,pipe,165d6ac85b48da5ac54981061161c545997d1f9505f6407fe5c540e6c10d3562
Samudra_Prahari_Dataset_v2/Detection/images/val/pure_synth_subpipe_0180.jpg,Samudra_Prahari_Dataset_v2/Detection/labels/val/pure_synth_subpipe_0180.txt,pure_synth_subpipe,pure_synth_subpipe_0180,test,val,box,synthetic,pipe,25235297c8fdb0bbaac43f320dcfae3735d46a690965b516cecdd4e895f1c136
Samudra_Prahari_Dataset_v2/Detection/images/val/pure_synth_subpipe_0182.jpg,Samudra_Prahari_Dataset_v2/Detection/labels/val/pure_synth_subpipe_0182.txt,pure_synth_subpipe,pure_synth_subpipe_0182,train,val,box,synthetic,pipe,4cdcff20bc59a0be8ac2a5fd10d197094d0d8257831b7f29e9f7d5f20a25a341
Samudra_Prahari_Dataset_v2/Detection/images/val/pure_synth_subpipe_0188.jpg,Samudra_Prahari_Dataset_v2/Detection/labels/val/pure_synth_subpipe_0188.txt,pure_synth_subpipe,pure_synth_subpipe_0188,val,val,box,synthetic,pipe,802d814e6ab02fa8d13894e12cb8d76536d812e05e629cc96c1c623044326c7c
Samudra_Prahari_Dataset_v2/Detection/images/val/pure_synth_subpipe_0199.jpg,Samudra_Prahari_Dataset_v2/Detection/labels/val/pure_synth_subpipe_0199.txt,pure_synth_subpipe,pure_synth_subpipe_0199,train,val,box,synthetic,pipe,c14df03a58e99c1dc0ae1ce1b66e1bf772616c10f2635920199d424cedbaa9b5
Samudra_Prahari_Dataset_v2/Detection/images/val/pure_synth_subpipe_0209.jpg,Samudra_Prahari_Dataset_v2/Detection/labels/val/pure_synth_subpipe_0209.txt,pure_synth_subpipe,pure_synth_subpipe_0209,train,val,box,synthetic,pipe,23a4e626c35a6977992ef98d31330242f84e1f3356ab2259d599ebbaf4d1cd76
Samudra_Prahari_Dataset_v2/Detection/images/val/pure_synth_subpipe_0214.jpg,Samudra_Prahari_Dataset_v2/Detection/labels/val/pure_synth_subpipe_0214.txt,pure_synth_subpipe,pure_synth_subpipe_0214,train,val,box,synthetic,pipe,2f6eb0b8be084e3cc63a03de2374d10351ced1cff92f291b6f5a431e0c5f7b50
Samudra_Prahari_Dataset_v2/Detection/images/val/pure_synth_subpipe_0227.jpg,Samudra_Prahari_Dataset_v2/Detection/labels/val/pure_synth_subpipe_0227.txt,pure_synth_subpipe,pure_synth_subpipe_0227,train,val,box,synthetic,pipe,e5d5970db70f72f8c88494e3ae2aeaba5ae6142db060a59726da9616b5a001ed
Samudra_Prahari_Dataset_v2/Detection/images/val/pure_synth_subpipe_0229.jpg,Samudra_Prahari_Dataset_v2/Detection/labels/val/pure_synth_subpipe_0229.txt,pure_synth_subpipe,pure_synth_subpipe_0229,train,val,box,synthetic,pipe,aacc473ab4633597c1dafec7acbea9a9bc69181598cabe7c69044bdd724f9a82
Samudra_Prahari_Dataset_v2/Detection/images/val/pure_synth_subpipe_0231.jpg,Samudra_Prahari_Dataset_v2/Detection/labels/val/pure_synth_subpipe_0231.txt,pure_synth_subpipe,pure_synth_subpipe_0231,test,val,box,synthetic,pipe,19126463643e5f753bd26e1d0105227789882c5cd9b8628750152013b4328e28
Samudra_Prahari_Dataset_v2/Detection/images/val/pure_synth_subpipe_0237.jpg,Samudra_Prahari_Dataset_v2/Detection/labels/val/pure_synth_subpipe_0237.txt,pure_synth_subpipe,pure_synth_subpipe_0237,train,val,box,synthetic,pipe,b652df09d34e991560de710dc41ad9e1215409a3635627b414b5f69fd863d6b7
Samudra_Prahari_Dataset_v2/Detection/images/val/pure_synth_subpipe_0244.jpg,Samudra_Prahari_Dataset_v2/Detection/labels/val/pure_synth_subpipe_0244.txt,pure_synth_subpipe,pure_synth_subpipe_0244,train,val,box,synthetic,pipe,a82f3278281341d3298b9480ab9c1e4d933f10d4dd812f949962508f87ea7923
Samudra_Prahari_Dataset_v2/Detection/images/val/pure_synth_subpipe_0245.jpg,Samudra_Prahari_Dataset_v2/Detection/labels/val/pure_synth_subpipe_0245.txt,pure_synth_subpipe,pure_synth_subpipe_0245,val,val,box,synthetic,pipe,c741223f20de7cd30bdc0032e8cefa0d7c4265c44e8f9e61e3a0bcbd71aacb33
Samudra_Prahari_Dataset_v2/Detection/images/val/pure_synth_subpipe_0248.jpg,Samudra_Prahari_Dataset_v2/Detection/labels/val/pure_synth_subpipe_0248.txt,pure_synth_subpipe,pure_synth_subpipe_0248,val,val,box,synthetic,pipe,b3278880b76aa41ad5991a82314c6633832c70a672f389e09c30d828e7e1beff
Samudra_Prahari_Dataset_v2/Detection/images/val/pure_synth_subpipe_0254.jpg,Samudra_Prahari_Dataset_v2/Detection/labels/val/pure_synth_subpipe_0254.txt,pure_synth_subpipe,pure_synth_subpipe_0254,train,val,box,synthetic,pipe,f56b2ea23cc93be1e6854c72966b04a2b8f00487e8f56b73d47dd3ec5ccc32cb
Samudra_Prahari_Dataset_v2/Detection/images/val/pure_synth_subpipe_0257.jpg,Samudra_Prahari_Dataset_v2/Detection/labels/val/pure_synth_subpipe_0257.txt,pure_synth_subpipe,pure_synth_subpipe_0257,train,val,box,synthetic,pipe,af3291157c77886d1b4bd46645c00a7fe18b75892b8a61cb94f7e70552a05865
Samudra_Prahari_Dataset_v2/Detection/images/val/pure_synth_subpipe_0262.jpg,Samudra_Prahari_Dataset_v2/Detection/labels/val/pure_synth_subpipe_0262.txt,pure_synth_subpipe,pure_synth_subpipe_0262,test,val,box,synthetic,pipe,7332067e49c2b0d0c76b13edcacef32efa88ec7c8fef989dac78232b03b48547
Samudra_Prahari_Dataset_v2/Detection/images/val/pure_synth_subpipe_0264.jpg,Samudra_Prahari_Dataset_v2/Detection/labels/val/pure_synth_subpipe_0264.txt,pure_synth_subpipe,pure_synth_subpipe_0264,train,val,box,synthetic,pipe,d7a2aed174b1224b1373afcab446ea182446ab4e05b4efb3ae731a6f10825530
Samudra_Prahari_Dataset_v2/Detection/images/val/pure_synth_subpipe_0267.jpg,Samudra_Prahari_Dataset_v2/Detection/labels/val/pure_synth_subpipe_0267.txt,pure_synth_subpipe,pure_synth_subpipe_0267,train,val,box,synthetic,pipe,1d68d3c058346445fb7b6f83b3473ca0a4828419d61ae6c90bf29792c401fb21
Samudra_Prahari_Dataset_v2/Detection/images/val/pure_synth_subpipe_0268.jpg,Samudra_Prahari_Dataset_v2/Detection/labels/val/pure_synth_subpipe_0268.txt,pure_synth_subpipe,pure_synth_subpipe_0268,train,val,box,synthetic,pipe,94e59433f33d5c0159fd251ee3f20e69c79bfc87936dbacfada1f37de28b5bfe
Samudra_Prahari_Dataset_v2/Detection/images/val/pure_synth_subpipe_0282.jpg,Samudra_Prahari_Dataset_v2/Detection/labels/val/pure_synth_subpipe_0282.txt,pure_synth_subpipe,pure_synth_subpipe_0282,test,val,box,synthetic,pipe,00149a6dc39dd8e894a506d1f4418ab3a3f24811b9aa29ef39ba65f9b13be32a
Samudra_Prahari_Dataset_v2/Detection/images/val/pure_synth_subpipe_0288.jpg,Samudra_Prahari_Dataset_v2/Detection/labels/val/pure_synth_subpipe_0288.txt,pure_synth_subpipe,pure_synth_subpipe_0288,train,val,box,synthetic,pipe,29d7f5014853c6f9fa876d59b96864200974ee19c662d559b42b00cd8c60ae8b
Samudra_Prahari_Dataset_v2/Detection/images/val/pure_synth_subpipe_0296.jpg,Samudra_Prahari_Dataset_v2/Detection/labels/val/pure_synth_subpipe_0296.txt,pure_synth_subpipe,pure_synth_subpipe_0296,train,val,box,synthetic,pipe,8ca163380fda0549b364b71b40a4374b9eb5a37ac72e594e80afa25612265165
Samudra_Prahari_Dataset_v2/Detection/images/val/pure_synth_subpipe_0299.jpg,Samudra_Prahari_Dataset_v2/Detection/labels/val/pure_synth_subpipe_0299.txt,pure_synth_subpipe,pure_synth_subpipe_0299,test,val,box,synthetic,pipe,08c9f22f408a5c2e78f596e8a45ca6b48516fbd14400ab572bd95ddd61e9f485
Samudra_Prahari_Dataset_v2/Detection/images/val/pure_synth_uatd_0000.jpg,Samudra_Prahari_Dataset_v2/Detection/labels/val/pure_synth_uatd_0000.txt,pure_synth_uatd,pure_synth_uatd_0000,train,val,box,synthetic,cylinder,27a340d2c4f678eef52d8123d3ec877d5b91bcc6d7cb57414e8fbf61d8067558
Samudra_Prahari_Dataset_v2/Detection/images/val/pure_synth_uatd_0005.jpg,Samudra_Prahari_Dataset_v2/Detection/labels/val/pure_synth_uatd_0005.txt,pure_synth_uatd,pure_synth_uatd_0005,train,val,box,synthetic,cylinder,cc56aa0c696eb1b8b576462d22193e1b97e93a2a66609137c2aa7d0c0ad27f68
Samudra_Prahari_Dataset_v2/Detection/images/val/pure_synth_uatd_0014.jpg,Samudra_Prahari_Dataset_v2/Detection/labels/val/pure_synth_uatd_0014.txt,pure_synth_uatd,pure_synth_uatd_0014,train,val,box,synthetic,cylinder,c1a29587d40ddfb69f52253161ad45f93e62cb6a3e80bbf2bdfb70d4e5277c06
Samudra_Prahari_Dataset_v2/Detection/images/val/pure_synth_uatd_0016.jpg,Samudra_Prahari_Dataset_v2/Detection/labels/val/pure_synth_uatd_0016.txt,pure_synth_uatd,pure_synth_uatd_0016,train,val,box,synthetic,cylinder,fa00bb63a856e9041ea7a4532f4db989b7a3933f020bb4464c8936c2ea07094a
Samudra_Prahari_Dataset_v2/Detection/images/val/pure_synth_uatd_0020.jpg,Samudra_Prahari_Dataset_v2/Detection/labels/val/pure_synth_uatd_0020.txt,pure_synth_uatd,pure_synth_uatd_0020,train,val,box,synthetic,cylinder,49d75967ccbe15f6c95c6ad07d5205ccfe91cbbb4c3ff1704c2cf1f62b8a60ca
Samudra_Prahari_Dataset_v2/Detection/images/val/pure_synth_uatd_0024.jpg,Samudra_Prahari_Dataset_v2/Detection/labels/val/pure_synth_uatd_0024.txt,pure_synth_uatd,pure_synth_uatd_0024,train,val,box,synthetic,cylinder,290e649ff6386ea1942aaf9bb400d51b68031c20a71bed97b39d1b28f7a5341b
Samudra_Prahari_Dataset_v2/Detection/images/val/pure_synth_uatd_0031.jpg,Samudra_Prahari_Dataset_v2/Detection/labels/val/pure_synth_uatd_0031.txt,pure_synth_uatd,pure_synth_uatd_0031,train,val,box,synthetic,cylinder,6c9ece7cd93e827ebfe88e2d17cb4076fc35080202fe063f8c470af1254168ae
Samudra_Prahari_Dataset_v2/Detection/images/val/pure_synth_uatd_0035.jpg,Samudra_Prahari_Dataset_v2/Detection/labels/val/pure_synth_uatd_0035.txt,pure_synth_uatd,pure_synth_uatd_0035,train,val,box,synthetic,cylinder,ae6157cc64f1ead2ac2e9cf9f35d80bcfd4ad42d079e9c5a4f4431b572653ecc
Samudra_Prahari_Dataset_v2/Detection/images/val/pure_synth_uatd_0039.jpg,Samudra_Prahari_Dataset_v2/Detection/labels/val/pure_synth_uatd_0039.txt,pure_synth_uatd,pure_synth_uatd_0039,train,val,box,synthetic,cylinder,82983bb321af819cd7ba0bad48a94aa38d0bbc479dbbe7d5b3f6ed41aaf0df6b
Samudra_Prahari_Dataset_v2/Detection/images/val/pure_synth_uatd_0044.jpg,Samudra_Prahari_Dataset_v2/Detection/labels/val/pure_synth_uatd_0044.txt,pure_synth_uatd,pure_synth_uatd_0044,train,val,box,synthetic,cylinder,c5cbe105d43fddea6e1f2ad034baf90bb089a9e2bf7a19b5599d5a9653d63b31
Samudra_Prahari_Dataset_v2/Detection/images/val/pure_synth_uatd_0050.jpg,Samudra_Prahari_Dataset_v2/Detection/labels/val/pure_synth_uatd_0050.txt,pure_synth_uatd,pure_synth_uatd_0050,train,val,box,synthetic,cylinder,c4d0a3faec3fc8a0d76faa2cef4221b6add671cf4b560bd3f7b3a9bd5bd1bbad
Samudra_Prahari_Dataset_v2/Detection/images/val/pure_synth_uatd_0051.jpg,Samudra_Prahari_Dataset_v2/Detection/labels/val/pure_synth_uatd_0051.txt,pure_synth_uatd,pure_synth_uatd_0051,train,val,box,synthetic,cylinder,ecfc86290fa32608bb25281b4d2a2391cb65638b8ac53cd0ae0b010d13c5691d
Samudra_Prahari_Dataset_v2/Detection/images/val/pure_synth_uatd_0053.jpg,Samudra_Prahari_Dataset_v2/Detection/labels/val/pure_synth_uatd_0053.txt,pure_synth_uatd,pure_synth_uatd_0053,test,val,box,synthetic,cylinder,d4d0d55db5cda7d56c01023336e28574b9f200f2997e2b5465a9d891372def1f
Samudra_Prahari_Dataset_v2/Detection/images/val/pure_synth_uatd_0063.jpg,Samudra_Prahari_Dataset_v2/Detection/labels/val/pure_synth_uatd_0063.txt,pure_synth_uatd,pure_synth_uatd_0063,train,val,box,synthetic,cylinder,da107864d392e0a8b7e0437fa8a2f45ece6b11bf8912af030dd368d3bab8d021
Samudra_Prahari_Dataset_v2/Detection/images/val/pure_synth_uatd_0068.jpg,Samudra_Prahari_Dataset_v2/Detection/labels/val/pure_synth_uatd_0068.txt,pure_synth_uatd,pure_synth_uatd_0068,train,val,box,synthetic,cylinder,245231b760aff7bd280f14e6543b8c1291f62e5ab346de63d2b2eb0abf06b348
Samudra_Prahari_Dataset_v2/Detection/images/val/pure_synth_uatd_0069.jpg,Samudra_Prahari_Dataset_v2/Detection/labels/val/pure_synth_uatd_0069.txt,pure_synth_uatd,pure_synth_uatd_0069,train,val,box,synthetic,cylinder,fa50d849f3c6d85c28ca51ae137c64b9139d92da44e736545628d260bd2e794e
Samudra_Prahari_Dataset_v2/Detection/images/val/pure_synth_uatd_0070.jpg,Samudra_Prahari_Dataset_v2/Detection/labels/val/pure_synth_uatd_0070.txt,pure_synth_uatd,pure_synth_uatd_0070,train,val,box,synthetic,cylinder,d9632817d545196b01b04a71f578eeb90ce235ebbaaca38ec1eb703b14e917ab
Samudra_Prahari_Dataset_v2/Detection/images/val/pure_synth_uatd_0087.jpg,Samudra_Prahari_Dataset_v2/Detection/labels/val/pure_synth_uatd_0087.txt,pure_synth_uatd,pure_synth_uatd_0087,test,val,box,synthetic,cylinder,7fcde11051adae1143e1e06a0c38799a1a54c5347d95d22965822381261ab2b0
Samudra_Prahari_Dataset_v2/Detection/images/val/pure_synth_uatd_0091.jpg,Samudra_Prahari_Dataset_v2/Detection/labels/val/pure_synth_uatd_0091.txt,pure_synth_uatd,pure_synth_uatd_0091,train,val,box,synthetic,cylinder,4b559e4c917ea5a8a0e8ab1bdfd0c50518ed04688ccb9f697ddfe81dda1f33a8
Samudra_Prahari_Dataset_v2/Detection/images/val/pure_synth_uatd_0094.jpg,Samudra_Prahari_Dataset_v2/Detection/labels/val/pure_synth_uatd_0094.txt,pure_synth_uatd,pure_synth_uatd_0094,train,val,box,synthetic,cylinder,3b8797345396a35b78a00d8d9f577b6f837bdbc7061c921c1111787a7f8f9296
Samudra_Prahari_Dataset_v2/Detection/images/val/pure_synth_uatd_0095.jpg,Samudra_Prahari_Dataset_v2/Detection/labels/val/pure_synth_uatd_0095.txt,pure_synth_uatd,pure_synth_uatd_0095,train,val,box,synthetic,cylinder,d8127416373708d97560854daa725e10b2eddc3047654624599ef9596c8dd1e6
Samudra_Prahari_Dataset_v2/Detection/images/val/pure_synth_uatd_0096.jpg,Samudra_Prahari_Dataset_v2/Detection/labels/val/pure_synth_uatd_0096.txt,pure_synth_uatd,pure_synth_uatd_0096,train,val,box,synthetic,cylinder,cf7793f7d0b30aeecf9bf1d67600dd9b99396eb6b94a9ac266a37213730a67c6
Samudra_Prahari_Dataset_v2/Detection/images/val/pure_synth_uatd_0102.jpg,Samudra_Prahari_Dataset_v2/Detection/labels/val/pure_synth_uatd_0102.txt,pure_synth_uatd,pure_synth_uatd_0102,test,val,box,synthetic,cylinder,e964cb7f1e9444a8217af48449172fdf209aa6f4f9a7d3f615ae9f88a38e6e0c
Samudra_Prahari_Dataset_v2/Detection/images/val/pure_synth_uatd_0110.jpg,Samudra_Prahari_Dataset_v2/Detection/labels/val/pure_synth_uatd_0110.txt,pure_synth_uatd,pure_synth_uatd_0110,val,val,box,synthetic,cylinder,5926e44a9aa16e2409908b40e0d9916a8e37a8fd7608adfdfd25d7a7b4c2862f
Samudra_Prahari_Dataset_v2/Detection/images/val/pure_synth_uatd_0113.jpg,Samudra_Prahari_Dataset_v2/Detection/labels/val/pure_synth_uatd_0113.txt,pure_synth_uatd,pure_synth_uatd_0113,train,val,box,synthetic,cylinder,c13b29acb644c34ac1429a97a286a2aa1e89166f0f543eecffb6c9cbc376adb0
Samudra_Prahari_Dataset_v2/Detection/images/val/pure_synth_uatd_0127.jpg,Samudra_Prahari_Dataset_v2/Detection/labels/val/pure_synth_uatd_0127.txt,pure_synth_uatd,pure_synth_uatd_0127,train,val,box,synthetic,cylinder,dfc7f0f3a6d33741f7da072eab88588e64f82430090e8f08e55e28067b07bda1
Samudra_Prahari_Dataset_v2/Detection/images/val/pure_synth_uatd_0129.jpg,Samudra_Prahari_Dataset_v2/Detection/labels/val/pure_synth_uatd_0129.txt,pure_synth_uatd,pure_synth_uatd_0129,train,val,box,synthetic,cylinder,7f1b0400d33e5b9ac7822faf1a0b1575ce951fa08eecddc23cc3c2dd05f06cf4
Samudra_Prahari_Dataset_v2/Detection/images/val/pure_synth_uatd_0131.jpg,Samudra_Prahari_Dataset_v2/Detection/labels/val/pure_synth_uatd_0131.txt,pure_synth_uatd,pure_synth_uatd_0131,train,val,box,synthetic,cylinder,b1d6bd5b83824e71b6b9743dacad3917d16ffe1531d35698c84ac04bbbc129dc
Samudra_Prahari_Dataset_v2/Detection/images/val/pure_synth_uatd_0132.jpg,Samudra_Prahari_Dataset_v2/Detection/labels/val/pure_synth_uatd_0132.txt,pure_synth_uatd,pure_synth_uatd_0132,train,val,box,synthetic,cylinder,fc4400185b3497df04f96e397bd6bdcc9ee5bac50a1b4e3151ec054c7301241c
Samudra_Prahari_Dataset_v2/Detection/images/val/pure_synth_uatd_0142.jpg,Samudra_Prahari_Dataset_v2/Detection/labels/val/pure_synth_uatd_0142.txt,pure_synth_uatd,pure_synth_uatd_0142,val,val,box,synthetic,cylinder,56bd994e47a7993b0c1edb241bdf512da26199447c0b2e089e2a435f4bfd537b
Samudra_Prahari_Dataset_v2/Detection/images/val/pure_synth_uatd_0148.jpg,Samudra_Prahari_Dataset_v2/Detection/labels/val/pure_synth_uatd_0148.txt,pure_synth_uatd,pure_synth_uatd_0148,train,val,box,synthetic,cylinder,d5f5f0a8f490de4f8a3dbe7e8fa6faa9161af6d55e68eeca9accfa00f1575f83
Samudra_Prahari_Dataset_v2/Detection/images/val/pure_synth_uatd_0151.jpg,Samudra_Prahari_Dataset_v2/Detection/labels/val/pure_synth_uatd_0151.txt,pure_synth_uatd,pure_synth_uatd_0151,train,val,box,synthetic,cylinder,12933f83f8dc4563dc13ee292bfc638ea9bc8465d0d66d96ce038fb86854f8c6
Samudra_Prahari_Dataset_v2/Detection/images/val/pure_synth_uatd_0157.jpg,Samudra_Prahari_Dataset_v2/Detection/labels/val/pure_synth_uatd_0157.txt,pure_synth_uatd,pure_synth_uatd_0157,test,val,box,synthetic,cylinder,f976bd0f89a536398235b86ccbf6f62335c8bb18ae160e76d9008879405ecce5
Samudra_Prahari_Dataset_v2/Detection/images/val/pure_synth_uatd_0159.jpg,Samudra_Prahari_Dataset_v2/Detection/labels/val/pure_synth_uatd_0159.txt,pure_synth_uatd,pure_synth_uatd_0159,test,val,box,synthetic,cylinder,e088e99a9e37f56dd3d648b647985941a6e6b5f323b820ad8c60781dba4b7d68
Samudra_Prahari_Dataset_v2/Detection/images/val/pure_synth_uatd_0171.jpg,Samudra_Prahari_Dataset_v2/Detection/labels/val/pure_synth_uatd_0171.txt,pure_synth_uatd,pure_synth_uatd_0171,train,val,box,synthetic,cylinder,6473145c6e7866fd3abeaef7ab29898582e5cee23ed8b442adb6fdf838061819
Samudra_Prahari_Dataset_v2/Detection/images/val/pure_synth_uatd_0172.jpg,Samudra_Prahari_Dataset_v2/Detection/labels/val/pure_synth_uatd_0172.txt,pure_synth_uatd,pure_synth_uatd_0172,train,val,box,synthetic,cylinder,897a49e66674a0d2bb3953b9c6e298cb90345d6a2a02f8fa8b5cf263ac71dc7a
Samudra_Prahari_Dataset_v2/Detection/images/val/pure_synth_uatd_0176.jpg,Samudra_Prahari_Dataset_v2/Detection/labels/val/pure_synth_uatd_0176.txt,pure_synth_uatd,pure_synth_uatd_0176,train,val,box,synthetic,cylinder,74d2453221de6c0f01c8910e16cc3afc2f4c53d5614649946b69f29b536352e9
Samudra_Prahari_Dataset_v2/Detection/images/val/pure_synth_uatd_0178.jpg,Samudra_Prahari_Dataset_v2/Detection/labels/val/pure_synth_uatd_0178.txt,pure_synth_uatd,pure_synth_uatd_0178,test,val,box,synthetic,cylinder,3e64e8885549a89cfc706a9b2bdababf978af250cc5ce44c230b135d97fbdb5e
Samudra_Prahari_Dataset_v2/Detection/images/val/pure_synth_uatd_0180.jpg,Samudra_Prahari_Dataset_v2/Detection/labels/val/pure_synth_uatd_0180.txt,pure_synth_uatd,pure_synth_uatd_0180,test,val,box,synthetic,cylinder,13e333f97bed28b28fe8bd3130e92e1680f05a1da5f730300c2d51321f323ac3
Samudra_Prahari_Dataset_v2/Detection/images/val/pure_synth_uatd_0183.jpg,Samudra_Prahari_Dataset_v2/Detection/labels/val/pure_synth_uatd_0183.txt,pure_synth_uatd,pure_synth_uatd_0183,train,val,box,synthetic,cylinder,7a54d1435f91fbe250e8073dc92872dc3c064eee0712fc815c08ebd5efdd39b6
Samudra_Prahari_Dataset_v2/Detection/images/val/pure_synth_uatd_0190.jpg,Samudra_Prahari_Dataset_v2/Detection/labels/val/pure_synth_uatd_0190.txt,pure_synth_uatd,pure_synth_uatd_0190,train,val,box,synthetic,cylinder,b02a9d48518ccb248fb6eabf29171c2b72661a0086e29bff717331506b7f2c0e
Samudra_Prahari_Dataset_v2/Detection/images/val/pure_synth_uatd_0193.jpg,Samudra_Prahari_Dataset_v2/Detection/labels/val/pure_synth_uatd_0193.txt,pure_synth_uatd,pure_synth_uatd_0193,train,val,box,synthetic,cylinder,da1abab39d5d81e0ec8900c0fe41125085f392765d53dc2d7e16bb7f44c323bc
Samudra_Prahari_Dataset_v2/Detection/images/val/pure_synth_uatd_0194.jpg,Samudra_Prahari_Dataset_v2/Detection/labels/val/pure_synth_uatd_0194.txt,pure_synth_uatd,pure_synth_uatd_0194,train,val,box,synthetic,cylinder,bc21560107d6836e0285c8119a71e07c9133691aa8bec2a1973ba80ddc7ee0ea
Samudra_Prahari_Dataset_v2/Detection/images/val/pure_synth_uatd_0197.jpg,Samudra_Prahari_Dataset_v2/Detection/labels/val/pure_synth_uatd_0197.txt,pure_synth_uatd,pure_synth_uatd_0197,train,val,box,synthetic,cylinder,df39227ad47fae266d359c655d577c9eaf68a7174eee8e98526e1259e4c3064e
Samudra_Prahari_Dataset_v2/Detection/images/val/pure_synth_uatd_0204.jpg,Samudra_Prahari_Dataset_v2/Detection/labels/val/pure_synth_uatd_0204.txt,pure_synth_uatd,pure_synth_uatd_0204,test,val,box,synthetic,cylinder,c57e2c54833b56e0621e3bb5ac9844c1c281a72a0124c5d62a46416c7911be6a
Samudra_Prahari_Dataset_v2/Detection/images/val/pure_synth_uatd_0208.jpg,Samudra_Prahari_Dataset_v2/Detection/labels/val/pure_synth_uatd_0208.txt,pure_synth_uatd,pure_synth_uatd_0208,test,val,box,synthetic,cylinder,4ed40b81d0457625fe27a1465179979ae1140aca46d96ae36aaa899b4b112cbb
Samudra_Prahari_Dataset_v2/Detection/images/val/pure_synth_uatd_0212.jpg,Samudra_Prahari_Dataset_v2/Detection/labels/val/pure_synth_uatd_0212.txt,pure_synth_uatd,pure_synth_uatd_0212,train,val,box,synthetic,cylinder,ac6320335c1c0d2449b1c572f4084d84fd0d4a69198783110f8a040ad500d7e8
Samudra_Prahari_Dataset_v2/Detection/images/val/pure_synth_uatd_0228.jpg,Samudra_Prahari_Dataset_v2/Detection/labels/val/pure_synth_uatd_0228.txt,pure_synth_uatd,pure_synth_uatd_0228,val,val,box,synthetic,cylinder,8c62ce27842267bddec7f797d0691d0a6c884e6f8fb683a9b7a4d1458fc2612b
Samudra_Prahari_Dataset_v2/Detection/images/val/pure_synth_uatd_0230.jpg,Samudra_Prahari_Dataset_v2/Detection/labels/val/pure_synth_uatd_0230.txt,pure_synth_uatd,pure_synth_uatd_0230,train,val,box,synthetic,cylinder,b24cd5055cd1be389b5ac6f0bd96b1443bd04253f750188b8b4f52e1c08d1434
Samudra_Prahari_Dataset_v2/Detection/images/val/pure_synth_uatd_0236.jpg,Samudra_Prahari_Dataset_v2/Detection/labels/val/pure_synth_uatd_0236.txt,pure_synth_uatd,pure_synth_uatd_0236,train,val,box,synthetic,cylinder,16f842aca7bf9cd16a36ff5582b3d6541034630a87f2b788e4e919852c345936
Samudra_Prahari_Dataset_v2/Detection/images/val/pure_synth_uatd_0239.jpg,Samudra_Prahari_Dataset_v2/Detection/labels/val/pure_synth_uatd_0239.txt,pure_synth_uatd,pure_synth_uatd_0239,train,val,box,synthetic,cylinder,851c6fd492b953842fe4d9ac4f84437f08b668f7ffa1ff5d2d64907dd6693a70
Samudra_Prahari_Dataset_v2/Detection/images/val/pure_synth_uatd_0247.jpg,Samudra_Prahari_Dataset_v2/Detection/labels/val/pure_synth_uatd_0247.txt,pure_synth_uatd,pure_synth_uatd_0247,val,val,box,synthetic,cylinder,431580c6eddb8a2d121add9fe0d7f3ecb7b79563406e049179ef282cfc42c09c
Samudra_Prahari_Dataset_v2/Detection/images/val/pure_synth_uatd_0248.jpg,Samudra_Prahari_Dataset_v2/Detection/labels/val/pure_synth_uatd_0248.txt,pure_synth_uatd,pure_synth_uatd_0248,val,val,box,synthetic,cylinder,9af94d811ab8905ae79483e4001a1c480cc79ace02ea70838804fa751caa76d0
Samudra_Prahari_Dataset_v2/Detection/images/val/pure_synth_uatd_0254.jpg,Samudra_Prahari_Dataset_v2/Detection/labels/val/pure_synth_uatd_0254.txt,pure_synth_uatd,pure_synth_uatd_0254,train,val,box,synthetic,cylinder,a6531e378b57debc3ae68c5214e5769d4b10b1ffa3464f0eaa4fb34d0404e850
Samudra_Prahari_Dataset_v2/Detection/images/val/pure_synth_uatd_0271.jpg,Samudra_Prahari_Dataset_v2/Detection/labels/val/pure_synth_uatd_0271.txt,pure_synth_uatd,pure_synth_uatd_0271,val,val,box,synthetic,cylinder,2fec910535ae6c27b9a51470e91206c9eb731763c4030d078c7f64703e4e50cf
Samudra_Prahari_Dataset_v2/Detection/images/val/pure_synth_uatd_0273.jpg,Samudra_Prahari_Dataset_v2/Detection/labels/val/pure_synth_uatd_0273.txt,pure_synth_uatd,pure_synth_uatd_0273,test,val,box,synthetic,cylinder,5db825493854c89ecb701de97acc3b5a91533ac29f4f091f8def991c9967c259
Samudra_Prahari_Dataset_v2/Detection/images/val/pure_synth_uatd_0275.jpg,Samudra_Prahari_Dataset_v2/Detection/labels/val/pure_synth_uatd_0275.txt,pure_synth_uatd,pure_synth_uatd_0275,val,val,box,synthetic,cylinder,ef45ea25c9cf5aeb40b953839940edfcae2618d422d60edd9dea5d9564c1a0b5
Samudra_Prahari_Dataset_v2/Detection/images/val/pure_synth_uatd_0282.jpg,Samudra_Prahari_Dataset_v2/Detection/labels/val/pure_synth_uatd_0282.txt,pure_synth_uatd,pure_synth_uatd_0282,test,val,box,synthetic,cylinder,61a2ba3686bd538e5c27110edd466452822805f8edebc4c5e89b7849ea242daf
Samudra_Prahari_Dataset_v2/Detection/images/val/pure_synth_uatd_0283.jpg,Samudra_Prahari_Dataset_v2/Detection/labels/val/pure_synth_uatd_0283.txt,pure_synth_uatd,pure_synth_uatd_0283,train,val,box,synthetic,cylinder,685e22d52a04e58a2bf3bdd401913245596d319c4e40e58f6dfbc9821e63170f
Samudra_Prahari_Dataset_v2/Detection/images/val/pure_synth_uatd_0286.jpg,Samudra_Prahari_Dataset_v2/Detection/labels/val/pure_synth_uatd_0286.txt,pure_synth_uatd,pure_synth_uatd_0286,val,val,box,synthetic,cylinder,966b4539f483b609f90249778ea505357324de1ea57ec66ba48dfe4e5b3f0e46
Samudra_Prahari_Dataset_v2/Detection/images/val/pure_synth_uatd_0290.jpg,Samudra_Prahari_Dataset_v2/Detection/labels/val/pure_synth_uatd_0290.txt,pure_synth_uatd,pure_synth_uatd_0290,train,val,box,synthetic,cylinder,8877fea11b7642ec2e83f8da804b564c3c092a180f051a148bb88cc5fdbd3744
Samudra_Prahari_Dataset_v2/Detection/images/val/pure_synth_uatd_0296.jpg,Samudra_Prahari_Dataset_v2/Detection/labels/val/pure_synth_uatd_0296.txt,pure_synth_uatd,pure_synth_uatd_0296,train,val,box,synthetic,cylinder,a00bf0bde2275e7b23e099f998decaccc9443e389187e43a00fbae4386eec2d0
Samudra_Prahari_Dataset_v2/Detection/images/val/pure_synth_uatd_0299.jpg,Samudra_Prahari_Dataset_v2/Detection/labels/val/pure_synth_uatd_0299.txt,pure_synth_uatd,pure_synth_uatd_0299,test,val,box,synthetic,cylinder,95599811090469c7b1e820a6ce3e8262cc26ddc8b556041643d88c055c741d62
Samudra_Prahari_Dataset_v2/Detection/images/val/sctd_000002.jpg,Samudra_Prahari_Dataset_v2/Detection/labels/val/sctd_000002.txt,sctd,sctd_000002,train,val,box,real,aircraft,f1f50667e9bbd88f95c857835986d692b96d25190e97b6b2464bcf5e4b2652ed
Samudra_Prahari_Dataset_v2/Detection/images/val/sctd_000017.jpg,Samudra_Prahari_Dataset_v2/Detection/labels/val/sctd_000017.txt,sctd,sctd_000017,test,val,box,real,aircraft,819b4c7c94c3262c7af2894137d48ec9f1f585f7279dda6e8c8fe525479a4d1c
Samudra_Prahari_Dataset_v2/Detection/images/val/sctd_000023.jpg,Samudra_Prahari_Dataset_v2/Detection/labels/val/sctd_000023.txt,sctd,sctd_000023,train,val,box,real,aircraft,f818a136e395620e95e7828f7a8bea6b7b3ad1427ad0f74b82934cb812874c97
Samudra_Prahari_Dataset_v2/Detection/images/val/sctd_000026.jpg,Samudra_Prahari_Dataset_v2/Detection/labels/val/sctd_000026.txt,sctd,sctd_000026,val,val,box,real,aircraft,1469ad22cc52ff8f471ac9b27278f0119122e30a3063414d6f3574c445be3984
Samudra_Prahari_Dataset_v2/Detection/images/val/sctd_000029.jpg,Samudra_Prahari_Dataset_v2/Detection/labels/val/sctd_000029.txt,sctd,sctd_000029,train,val,box,real,aircraft,96a79e27e17548a59c85cce98fa8363ae1f01114e4d21ac6a126ced8af52eaf0
Samudra_Prahari_Dataset_v2/Detection/images/val/sctd_000034.jpg,Samudra_Prahari_Dataset_v2/Detection/labels/val/sctd_000034.txt,sctd,sctd_000034,train,val,box,real,aircraft,e71c15f3797639686728e67ce59c4ce382ff70df9bf88f48f44d4e346b11c207
Samudra_Prahari_Dataset_v2/Detection/images/val/sctd_000040.jpg,Samudra_Prahari_Dataset_v2/Detection/labels/val/sctd_000040.txt,sctd,sctd_000040,test,val,box,real,aircraft,5a42024d2584996f0f143e78421a9e89bf8c7817b972a5b8b7a13758f794e185
Samudra_Prahari_Dataset_v2/Detection/images/val/sctd_000046.jpg,Samudra_Prahari_Dataset_v2/Detection/labels/val/sctd_000046.txt,sctd,sctd_000046,train,val,box,real,aircraft,e6c559ba057510f91c95a418f0824625b4f74c14b1c32aa9bf35ca45bd7080f8
Samudra_Prahari_Dataset_v2/Detection/images/val/sctd_000060.jpg,Samudra_Prahari_Dataset_v2/Detection/labels/val/sctd_000060.txt,sctd,sctd_000060,test,val,box,real,aircraft,873112d460ce187c7b2e105fe6a17bca9d489e435192f1d1c03f1159f28b3009
Samudra_Prahari_Dataset_v2/Detection/images/val/sctd_000069.jpg,Samudra_Prahari_Dataset_v2/Detection/labels/val/sctd_000069.txt,sctd,sctd_000069,train,val,box,real,aircraft,e4a2dcdf240fc825fb35d60035e83f3af5b97a25427e86621824641bcc6eee36
Samudra_Prahari_Dataset_v2/Detection/images/val/sctd_000076.jpg,Samudra_Prahari_Dataset_v2/Detection/labels/val/sctd_000076.txt,sctd,sctd_000076,train,val,box,real,aircraft,4ed8d8ac04036787abfc163cb7ce998161380ef85422f25969a32a8501597d87
Samudra_Prahari_Dataset_v2/Detection/images/val/sctd_000136.jpg,Samudra_Prahari_Dataset_v2/Detection/labels/val/sctd_000136.txt,sctd,sctd_000136,train,val,box,real,shipwreck,d57c0cef2b2c2926987ece5ea6f05319988a5bba11c6436bd143c486514bdd4a
Samudra_Prahari_Dataset_v2/Detection/images/val/sctd_000149.jpg,Samudra_Prahari_Dataset_v2/Detection/labels/val/sctd_000149.txt,sctd,sctd_000149,train,val,box,real,shipwreck,fac5b6cd341321bb694a68f70857531b34dc326fb786514aa59268d2b85d7b4a
Samudra_Prahari_Dataset_v2/Detection/images/val/sctd_000153.jpg,Samudra_Prahari_Dataset_v2/Detection/labels/val/sctd_000153.txt,sctd,sctd_000153,train,val,box,real,shipwreck,141f0977977efba497960a843487a59036a1bde5b5c23faf396b865cdb52d575
Samudra_Prahari_Dataset_v2/Detection/images/val/sctd_000155.jpg,Samudra_Prahari_Dataset_v2/Detection/labels/val/sctd_000155.txt,sctd,sctd_000155,train,val,box,real,shipwreck,f5fbf790c1d10b566c49be4640ae18558ead11f9b61d797f95bc883975773926
Samudra_Prahari_Dataset_v2/Detection/images/val/sctd_000157.jpg,Samudra_Prahari_Dataset_v2/Detection/labels/val/sctd_000157.txt,sctd,sctd_000157,train,val,box,real,shipwreck,db5670f6fd5406801634095f8efc0e778c9fefd09d026db861bfaa34aa4e3f93
Samudra_Prahari_Dataset_v2/Detection/images/val/sctd_000165.jpg,Samudra_Prahari_Dataset_v2/Detection/labels/val/sctd_000165.txt,sctd,sctd_000165,train,val,box,real,shipwreck,eac9d2f36c640783337c1a8024d4466784516084f09f341014eaef7d58ba378b
Samudra_Prahari_Dataset_v2/Detection/images/val/sctd_000168.jpg,Samudra_Prahari_Dataset_v2/Detection/labels/val/sctd_000168.txt,sctd,sctd_000168,train,val,box,real,shipwreck,4e2adabccb54104908cc9254e10bf42484feab6631c3d0cf4ee5ef5ca9446090
Samudra_Prahari_Dataset_v2/Detection/images/val/sctd_000169.jpg,Samudra_Prahari_Dataset_v2/Detection/labels/val/sctd_000169.txt,sctd,sctd_000169,val,val,box,real,shipwreck,3daf75ba73a5f6698d694e8c3c6ba6db7c3cc77105f25acff169a2d454dab919
Samudra_Prahari_Dataset_v2/Detection/images/val/sctd_000172.jpg,Samudra_Prahari_Dataset_v2/Detection/labels/val/sctd_000172.txt,sctd,sctd_000172,train,val,box,real,shipwreck,f8b3a9bb262332853599de5d0ec30bc177de02539d7494083cf8527587873ac9
Samudra_Prahari_Dataset_v2/Detection/images/val/sctd_000174.jpg,Samudra_Prahari_Dataset_v2/Detection/labels/val/sctd_000174.txt,sctd,sctd_000174,train,val,box,real,shipwreck,f562c487048722043a674811f8ecf0ce6b3e721398717d81020d634f71f5591d
Samudra_Prahari_Dataset_v2/Detection/images/val/sctd_000177.jpg,Samudra_Prahari_Dataset_v2/Detection/labels/val/sctd_000177.txt,sctd,sctd_000177,train,val,box,real,shipwreck,24f0c53bcd7b3b1a2aa798d87a7964072a4b48e4665b9d74d358cdb6aab1cfdb
Samudra_Prahari_Dataset_v2/Detection/images/val/sctd_000182.jpg,Samudra_Prahari_Dataset_v2/Detection/labels/val/sctd_000182.txt,sctd,sctd_000182,val,val,box,real,shipwreck,3a401321b26f2fc6639bb2e190dfdedc7159e1c9f25a05c6c2874dcda99bce9a
Samudra_Prahari_Dataset_v2/Detection/images/val/sctd_000192.jpg,Samudra_Prahari_Dataset_v2/Detection/labels/val/sctd_000192.txt,sctd,sctd_000192,val,val,box,real,shipwreck,09fa66fdb7456900535d703815757e947b58adc8f9618ace5867cfeeddc7f959
Samudra_Prahari_Dataset_v2/Detection/images/val/sctd_000194.jpg,Samudra_Prahari_Dataset_v2/Detection/labels/val/sctd_000194.txt,sctd,sctd_000194,train,val,box,real,shipwreck,7768bc6d79e1075639114e748e1de666a71e5324f69cf54f09976a0b4beb04a4
Samudra_Prahari_Dataset_v2/Detection/images/val/sctd_000195.jpg,Samudra_Prahari_Dataset_v2/Detection/labels/val/sctd_000195.txt,sctd,sctd_000195,val,val,box,real,shipwreck,28630959ef5f007b7ee42df0bfefe7cf632ee31f26c19f6709bf06de2b6e945d
Samudra_Prahari_Dataset_v2/Detection/images/val/sctd_000197.jpg,Samudra_Prahari_Dataset_v2/Detection/labels/val/sctd_000197.txt,sctd,sctd_000197,train,val,box,real,shipwreck,a761b58b31f87f2575fbac4fb32a21a65e3ec7fd921419a9b07a84a6372a3eff
Samudra_Prahari_Dataset_v2/Detection/images/val/sctd_000208.jpg,Samudra_Prahari_Dataset_v2/Detection/labels/val/sctd_000208.txt,sctd,sctd_000208,train,val,box,real,shipwreck,30dc5752dc2b947ed1a65bffa3800f371370bed7f6b731b40451c1d6846ce0d4
Samudra_Prahari_Dataset_v2/Detection/images/val/sctd_000216.jpg,Samudra_Prahari_Dataset_v2/Detection/labels/val/sctd_000216.txt,sctd,sctd_000216,train,val,box,real,shipwreck,f6f129967f9e0b08fb850054475b29289c60578741aa14668c69abe325c53280
Samudra_Prahari_Dataset_v2/Detection/images/val/sctd_000221.jpg,Samudra_Prahari_Dataset_v2/Detection/labels/val/sctd_000221.txt,sctd,sctd_000221,val,val,box,real,shipwreck,77867eb7135501a2637e1694d9492182723588b34998eee4e33530d5b124d051
Samudra_Prahari_Dataset_v2/Detection/images/val/sctd_000231.jpg,Samudra_Prahari_Dataset_v2/Detection/labels/val/sctd_000231.txt,sctd,sctd_000231,train,val,box,real,shipwreck,e100d88764541b229db54574ce9520896e0af46ad34e9692cfe8dde6c6207d65
Samudra_Prahari_Dataset_v2/Detection/images/val/sctd_000235.jpg,Samudra_Prahari_Dataset_v2/Detection/labels/val/sctd_000235.txt,sctd,sctd_000235,train,val,box,real,shipwreck,075628c37d6789d86d609de4fbee5214af41b92712d94a80ebb5a0efe085281d
Samudra_Prahari_Dataset_v2/Detection/images/val/sctd_000247.jpg,Samudra_Prahari_Dataset_v2/Detection/labels/val/sctd_000247.txt,sctd,sctd_000247,val,val,box,real,shipwreck,0e1414e596f59f89b3a3ad84c33cfdf6974f56db45ecda3db06d88b60663dc2d
Samudra_Prahari_Dataset_v2/Detection/images/val/sctd_000252.jpg,Samudra_Prahari_Dataset_v2/Detection/labels/val/sctd_000252.txt,sctd,sctd_000252,train,val,box,real,shipwreck,fe6a4e7517f784fa620024ff169960601c6bfc97c0381006fb4519bf108a8cb8
Samudra_Prahari_Dataset_v2/Detection/images/val/sctd_000253.jpg,Samudra_Prahari_Dataset_v2/Detection/labels/val/sctd_000253.txt,sctd,sctd_000253,train,val,box,real,shipwreck,fc7c0edba402aa6445d84449f7b70105cce81b67227881a7d889e3abc0e6d1cd
Samudra_Prahari_Dataset_v2/Detection/images/val/sctd_000264.jpg,Samudra_Prahari_Dataset_v2/Detection/labels/val/sctd_000264.txt,sctd,sctd_000264,train,val,box,real,shipwreck,c3beaa5b33f148b263d0df619ff0b8fac7674bc993cfe00011ed8c898e4b94e4
Samudra_Prahari_Dataset_v2/Detection/images/val/sctd_000269.jpg,Samudra_Prahari_Dataset_v2/Detection/labels/val/sctd_000269.txt,sctd,sctd_000269,train,val,box,real,shipwreck,d571c4fed6fb23c77c25011136821d9eca4cc1ed10a8ad5e59ce98cc599c36cf
Samudra_Prahari_Dataset_v2/Detection/images/val/sctd_000270.jpg,Samudra_Prahari_Dataset_v2/Detection/labels/val/sctd_000270.txt,sctd,sctd_000270,train,val,box,real,shipwreck,30af90cdcc3d4e9123c72ea22647b11b5d1be0cbd2f0fe6d8243cf7681dc20c3
Samudra_Prahari_Dataset_v2/Detection/images/val/sctd_000282.jpg,Samudra_Prahari_Dataset_v2/Detection/labels/val/sctd_000282.txt,sctd,sctd_000282,test,val,box,real,shipwreck,6112a98e0b3eb5bd61f8b75224de76f81c2bd7bd8e75d54a14a0ce886d5c75ab
Samudra_Prahari_Dataset_v2/Detection/images/val/sctd_000284.jpg,Samudra_Prahari_Dataset_v2/Detection/labels/val/sctd_000284.txt,sctd,sctd_000284,train,val,box,real,shipwreck,d8f78968e154b79df606d80bd85f5c001c16e0d62f6c5b0db06fbbd5cc3e4dd0
Samudra_Prahari_Dataset_v2/Detection/images/val/sctd_000285.jpg,Samudra_Prahari_Dataset_v2/Detection/labels/val/sctd_000285.txt,sctd,sctd_000285,val,val,box,real,shipwreck,ed4101dd1c0be81b4f6d482e303c10f0d9d3b567b2a66a463e362c0625fe56d0
Samudra_Prahari_Dataset_v2/Detection/images/val/sctd_000286.jpg,Samudra_Prahari_Dataset_v2/Detection/labels/val/sctd_000286.txt,sctd,sctd_000286,train,val,box,real,shipwreck,7905a30cc03fb9daf12e7f9e246aa0cad288546985fd1e736505aae59864672f
Samudra_Prahari_Dataset_v2/Detection/images/val/sctd_000291.jpg,Samudra_Prahari_Dataset_v2/Detection/labels/val/sctd_000291.txt,sctd,sctd_000291,train,val,box,real,shipwreck,710dfa898c15549e2e19b1b5766388c693b30c0ccdae3b70d4344a19f51b8052
Samudra_Prahari_Dataset_v2/Detection/images/val/sctd_000307.jpg,Samudra_Prahari_Dataset_v2/Detection/labels/val/sctd_000307.txt,sctd,sctd_000307,train,val,box,real,shipwreck,64c0572d042ef398b446205ed6a691322b1f18a0764000f038e2c3312ce8a939
Samudra_Prahari_Dataset_v2/Detection/images/val/sctd_000311.jpg,Samudra_Prahari_Dataset_v2/Detection/labels/val/sctd_000311.txt,sctd,sctd_000311,train,val,box,real,shipwreck,9ab13edd3d99de8e513e0c4bddb8c7ff9b9123e1fff2828669b58777d28a3785
Samudra_Prahari_Dataset_v2/Detection/images/val/sctd_000314.jpg,Samudra_Prahari_Dataset_v2/Detection/labels/val/sctd_000314.txt,sctd,sctd_000314,test,val,box,real,shipwreck,8fa2e36897dbf8d0fa83b423d0dcf794bda70a7e4a1503d051481547734a4c6a
Samudra_Prahari_Dataset_v2/Detection/images/val/sctd_000316.jpg,Samudra_Prahari_Dataset_v2/Detection/labels/val/sctd_000316.txt,sctd,sctd_000316,train,val,box,real,shipwreck,24993fdbcc78f12a9e4c867c8e936e856b9de9ed266019630de27c708c8d38aa
Samudra_Prahari_Dataset_v2/Detection/images/val/sctd_000319.jpg,Samudra_Prahari_Dataset_v2/Detection/labels/val/sctd_000319.txt,sctd,sctd_000319,test,val,box,real,shipwreck,78e93d07e01c86a6b16fea08bdfd8872a0f1acdaca3286cc7857a48b58eb6706
Samudra_Prahari_Dataset_v2/Detection/images/val/sctd_000326.jpg,Samudra_Prahari_Dataset_v2/Detection/labels/val/sctd_000326.txt,sctd,sctd_000326,train,val,box,real,shipwreck,76b095dd9fe5a094747ff16c05e8de9ee8a33533cc08f030b0e40b0b2facce26
Samudra_Prahari_Dataset_v2/Detection/images/val/sctd_000330.jpg,Samudra_Prahari_Dataset_v2/Detection/labels/val/sctd_000330.txt,sctd,sctd_000330,train,val,box,real,shipwreck,2beb3c529f8a4d8f227219c44cbe2b960b1fad8db5a73aead9b22b969cd770f7
Samudra_Prahari_Dataset_v2/Detection/images/val/sctd_000335.jpg,Samudra_Prahari_Dataset_v2/Detection/labels/val/sctd_000335.txt,sctd,sctd_000335,train,val,box,real,shipwreck,de6e0cd6419722e3d92b231931d4b0e4181c7e756e4d270ac5f728ecc80a537a
Samudra_Prahari_Dataset_v2/Detection/images/val/sctd_000345.jpg,Samudra_Prahari_Dataset_v2/Detection/labels/val/sctd_000345.txt,sctd,sctd_000345,test,val,box,real,shipwreck,067e7d0244874780ec0f81d30870cbe1eb5c91fefecfb01687a861273e703aab
Samudra_Prahari_Dataset_v2/Detection/images/val/sctd_000353.jpg,Samudra_Prahari_Dataset_v2/Detection/labels/val/sctd_000353.txt,sctd,sctd_000353,train,val,box,real,shipwreck,e12f876f4c26dd394c24b3534c3088f202761efa7fe986ad533fbde4d93eb702
Samudra_Prahari_Dataset_v2/Detection/images/val/sctd_000358.jpg,Samudra_Prahari_Dataset_v2/Detection/labels/val/sctd_000358.txt,sctd,sctd_000358,train,val,box,real,shipwreck,99bdbd8a2e13e2df30301a8fea0e80105f46d97b824edd3b864116b88c605157
Samudra_Prahari_Dataset_v2/Detection/images/val/sctd_000363.jpg,Samudra_Prahari_Dataset_v2/Detection/labels/val/sctd_000363.txt,sctd,sctd_000363,train,val,box,real,shipwreck,f1ae8f67754a738688f62b949b3a08349cd9cb93ee614495490e184b42469a7a
Samudra_Prahari_Dataset_v2/Detection/images/val/sctd_000377.jpg,Samudra_Prahari_Dataset_v2/Detection/labels/val/sctd_000377.txt,sctd,sctd_000377,test,val,box,real,shipwreck,d68e3c282189d98007cc3264bd6a1f2fdc9bbb71ad4aa6bb360fd3b139c0a373
Samudra_Prahari_Dataset_v2/Detection/images/val/sctd_000385.jpg,Samudra_Prahari_Dataset_v2/Detection/labels/val/sctd_000385.txt,sctd,sctd_000385,train,val,box,real,shipwreck,53de70ea955a71ad899ebc0685d3ca4223d765468f610aebb0886122ae711627
Samudra_Prahari_Dataset_v2/Detection/images/val/sctd_000389.jpg,Samudra_Prahari_Dataset_v2/Detection/labels/val/sctd_000389.txt,sctd,sctd_000389,train,val,box,real,shipwreck,a1d289a851498153b626c07b3dd787b3c62364cc96f1fda957c26c0a591cc6c3
Samudra_Prahari_Dataset_v2/Detection/images/val/sctd_000390.jpg,Samudra_Prahari_Dataset_v2/Detection/labels/val/sctd_000390.txt,sctd,sctd_000390,val,val,box,real,shipwreck,1893c0fd9b169e48fde75f34d5b3df2e259aecfe3d89bd34f4ab9a33665c6e46
Samudra_Prahari_Dataset_v2/Detection/images/val/sctd_000392.jpg,Samudra_Prahari_Dataset_v2/Detection/labels/val/sctd_000392.txt,sctd,sctd_000392,train,val,box,real,shipwreck,27c07df3ea97614296209a317c55d61bc960c705225757e2f11850b4e6f6182d
Samudra_Prahari_Dataset_v2/Detection/images/val/sctd_000394.jpg,Samudra_Prahari_Dataset_v2/Detection/labels/val/sctd_000394.txt,sctd,sctd_000394,train,val,box,real,shipwreck,9f5e3271a56e39015310ed060145cd7976f811840b52d1916253df46edf699a1
Samudra_Prahari_Dataset_v2/Detection/images/val/sctd_000401.jpg,Samudra_Prahari_Dataset_v2/Detection/labels/val/sctd_000401.txt,sctd,sctd_000401,train,val,box,real,shipwreck,cffffea7ee34e231f8250aa5d26d59e1fc4ab0070d4258aac6c5589ca3c0e6d8
Samudra_Prahari_Dataset_v2/Detection/images/val/sctd_000409.jpg,Samudra_Prahari_Dataset_v2/Detection/labels/val/sctd_000409.txt,sctd,sctd_000409,train,val,box,real,shipwreck,8a0d3a0edcc0fcb25a896ae7c1e19bda63db7b09d33d082438a59efc130154c3
Samudra_Prahari_Dataset_v2/Detection/images/val/sctd_000419.jpg,Samudra_Prahari_Dataset_v2/Detection/labels/val/sctd_000419.txt,sctd,sctd_000419,train,val,box,real,shipwreck,a8046a8d6161de16ba971f85e3a07fb72f8acec9b9c2bc2b056efd37736e906d
Samudra_Prahari_Dataset_v2/Detection/images/val/sctd_000431.jpg,Samudra_Prahari_Dataset_v2/Detection/labels/val/sctd_000431.txt,sctd,sctd_000431,test,val,box,real,shipwreck,197d86d274361ac2d3ef59d410dd4e1d4078e14cddd9611dbbc818d910b3c9b8
Samudra_Prahari_Dataset_v2/Detection/images/val/sctd_000435.jpg,Samudra_Prahari_Dataset_v2/Detection/labels/val/sctd_000435.txt,sctd,sctd_000435,test,val,box,real,shipwreck,41112681e50681a257072f94c28fef5d063113e0e2d42fc06b0b6f5dfd0741c3
Samudra_Prahari_Dataset_v2/Detection/images/val/sctd_000441.jpg,Samudra_Prahari_Dataset_v2/Detection/labels/val/sctd_000441.txt,sctd,sctd_000441,train,val,box,real,shipwreck,535a38d340018e6b8425f53ffecd64e3ea1b8cea2a4bdb3b189da0b73ee3e0e3
Samudra_Prahari_Dataset_v2/Detection/images/val/sctd_000442.jpg,Samudra_Prahari_Dataset_v2/Detection/labels/val/sctd_000442.txt,sctd,sctd_000442,train,val,box,real,shipwreck,0ccb425e27cdb92f305dfd683d127cf012935e32b36940160c98baa06acc2bc0
Samudra_Prahari_Dataset_v2/Detection/images/val/sctd_000450.jpg,Samudra_Prahari_Dataset_v2/Detection/labels/val/sctd_000450.txt,sctd,sctd_000450,train,val,box,real,shipwreck,1e5eb7b629fbbf38eda44bee5508912ea6d5781411452e31f8185aeb347dea1d
Samudra_Prahari_Dataset_v2/Detection/images/val/sctd_000466.jpg,Samudra_Prahari_Dataset_v2/Detection/labels/val/sctd_000466.txt,sctd,sctd_000466,train,val,box,real,shipwreck,401558a7ceb35527bfcf936568dbbac4f9259025ff0a4901f4e7cd742462cd02
Samudra_Prahari_Dataset_v2/Detection/images/val/sctd_000467.jpg,Samudra_Prahari_Dataset_v2/Detection/labels/val/sctd_000467.txt,sctd,sctd_000467,test,val,box,real,shipwreck,6868e83ed6cf822fe68934a65940b690f908406ae258ead56ae9d9ba90a6c103
Samudra_Prahari_Dataset_v2/Detection/images/val/sctd_000473.jpg,Samudra_Prahari_Dataset_v2/Detection/labels/val/sctd_000473.txt,sctd,sctd_000473,train,val,box,real,shipwreck,4c7163d40db550518a345a5606c9b55c3b3cfff723ce9641be4b10bc4f062c3f
Samudra_Prahari_Dataset_v2/Detection/images/val/sctd_000475.jpg,Samudra_Prahari_Dataset_v2/Detection/labels/val/sctd_000475.txt,sctd,sctd_000475,train,val,box,real,shipwreck,465eb02e32457a2c0c91cec619b00495119bcdebddeddddef4e0c554d89945cc
Samudra_Prahari_Dataset_v2/Detection/images/val/sctd_000479.jpg,Samudra_Prahari_Dataset_v2/Detection/labels/val/sctd_000479.txt,sctd,sctd_000479,train,val,box,real,shipwreck,53973643d6e985afc97b6f83f8bc5f1867ff6e27bbc6509aaab16a2905328c32
Samudra_Prahari_Dataset_v2/Detection/images/val/sctd_000486.jpg,Samudra_Prahari_Dataset_v2/Detection/labels/val/sctd_000486.txt,sctd,sctd_000486,train,val,box,real,shipwreck,ac5e17bf2bba1c9f0cf50d7263bd09283e38d0440695dd3a856ca8a31b2f0958
Samudra_Prahari_Dataset_v2/Detection/images/val/sctd_000495.jpg,Samudra_Prahari_Dataset_v2/Detection/labels/val/sctd_000495.txt,sctd,sctd_000495,val,val,box,real,shipwreck,b5de1f09bd9ec4f8c3b2119c0e1fc38008b93d43310ca24c9e7ba1a27a5612e2
Samudra_Prahari_Dataset_v2/Detection/images/val/sctd_000496.jpg,Samudra_Prahari_Dataset_v2/Detection/labels/val/sctd_000496.txt,sctd,sctd_000496,train,val,box,real,shipwreck,490918f1aeee378fbae2fe07eef3de5f9528d5590aa1c750f93d834be70f2bbb
Samudra_Prahari_Dataset_v2/Detection/images/val/synth_net_0002.jpg,Samudra_Prahari_Dataset_v2/Detection/labels/val/synth_net_0002.txt,synth_net,synth_net_0002,train,val,box,synthetic,ghost_net,d55d11d89bccdfe49077aafe2168efbd9ebb929d2405c60d772e596199ffa283
Samudra_Prahari_Dataset_v2/Detection/images/val/synth_net_0004.jpg,Samudra_Prahari_Dataset_v2/Detection/labels/val/synth_net_0004.txt,synth_net,synth_net_0004,train,val,box,synthetic,ghost_net,57b86f6865a8995a07a3714216dc0121c7a914a1c0a0555b3be950c9240e716a
Samudra_Prahari_Dataset_v2/Detection/images/val/synth_net_0005.jpg,Samudra_Prahari_Dataset_v2/Detection/labels/val/synth_net_0005.txt,synth_net,synth_net_0005,train,val,box,synthetic,ghost_net,3b14314119af30574853786f6e15109ac0643cdfc249ce654d57f2bf0e5a7493
Samudra_Prahari_Dataset_v2/Detection/images/val/synth_net_0011.jpg,Samudra_Prahari_Dataset_v2/Detection/labels/val/synth_net_0011.txt,synth_net,synth_net_0011,val,val,box,synthetic,ghost_net,dd51b85b9af65056b5c7a5e5d766d416eed4039bf96900191af1fe90d2c4d233
Samudra_Prahari_Dataset_v2/Detection/images/val/synth_net_0014.jpg,Samudra_Prahari_Dataset_v2/Detection/labels/val/synth_net_0014.txt,synth_net,synth_net_0014,train,val,box,synthetic,ghost_net,3383272075cb9f38764b3a6139af432444884c007a89ec4849bc4505fd85e54d
Samudra_Prahari_Dataset_v2/Detection/images/val/synth_net_0015.jpg,Samudra_Prahari_Dataset_v2/Detection/labels/val/synth_net_0015.txt,synth_net,synth_net_0015,train,val,box,synthetic,ghost_net,df795c07f84afdec578e4833a716b55d49ff18bd05b7c9a4195ec8788b913447
Samudra_Prahari_Dataset_v2/Detection/images/val/synth_net_0017.jpg,Samudra_Prahari_Dataset_v2/Detection/labels/val/synth_net_0017.txt,synth_net,synth_net_0017,train,val,box,synthetic,ghost_net,1d8064d763faa8aae86a308d4cae8802759467cd2f75d3b448bb072584eb3cca
Samudra_Prahari_Dataset_v2/Detection/images/val/synth_net_0030.jpg,Samudra_Prahari_Dataset_v2/Detection/labels/val/synth_net_0030.txt,synth_net,synth_net_0030,train,val,box,synthetic,ghost_net,65a9121d1aff23886541b62565190ca0e84a7f51c8bd43b4c75d5f07d66c5e96
Samudra_Prahari_Dataset_v2/Detection/images/val/synth_net_0032.jpg,Samudra_Prahari_Dataset_v2/Detection/labels/val/synth_net_0032.txt,synth_net,synth_net_0032,train,val,box,synthetic,ghost_net,bd3ec6cde7674a6e2870b9ea243add1b804df61b55f769d5ff282de1f1cb742a
Samudra_Prahari_Dataset_v2/Detection/images/val/synth_net_0034.jpg,Samudra_Prahari_Dataset_v2/Detection/labels/val/synth_net_0034.txt,synth_net,synth_net_0034,test,val,box,synthetic,ghost_net,f4d9b48852f26ec4184cbe468787d99abacaa94ab5b46e13f0bba53438016211
Samudra_Prahari_Dataset_v2/Detection/images/val/synth_net_0044.jpg,Samudra_Prahari_Dataset_v2/Detection/labels/val/synth_net_0044.txt,synth_net,synth_net_0044,train,val,box,synthetic,ghost_net,2c73ccaee026c5d5cd45e17d716fbfe442ad99ccf77d6ba6c603de13e478a68c
Samudra_Prahari_Dataset_v2/Detection/images/val/synth_net_0052.jpg,Samudra_Prahari_Dataset_v2/Detection/labels/val/synth_net_0052.txt,synth_net,synth_net_0052,train,val,box,synthetic,ghost_net,19ade51d4f6f7d31bb4c815bd721f4946468fa6fede58c1b4d73ef748c95d046
Samudra_Prahari_Dataset_v2/Detection/images/val/synth_net_0056.jpg,Samudra_Prahari_Dataset_v2/Detection/labels/val/synth_net_0056.txt,synth_net,synth_net_0056,train,val,box,synthetic,ghost_net,f646572dee38aeb27af5bfd4fbe4d8a7c2177784b25fbfb33a38635bc2fe362e
Samudra_Prahari_Dataset_v2/Detection/images/val/synth_net_0058.jpg,Samudra_Prahari_Dataset_v2/Detection/labels/val/synth_net_0058.txt,synth_net,synth_net_0058,val,val,box,synthetic,ghost_net,85e4aa53ed4180308e32cee84ae963da92cdaa6d6a39365445b8837b17d62dad
Samudra_Prahari_Dataset_v2/Detection/images/val/synth_net_0061.jpg,Samudra_Prahari_Dataset_v2/Detection/labels/val/synth_net_0061.txt,synth_net,synth_net_0061,train,val,box,synthetic,ghost_net,3ffcb4de3411535fbd57f459fe7d804579c6321033bb75d26c38e13ce12e95dc
Samudra_Prahari_Dataset_v2/Detection/images/val/synth_net_0069.jpg,Samudra_Prahari_Dataset_v2/Detection/labels/val/synth_net_0069.txt,synth_net,synth_net_0069,train,val,box,synthetic,ghost_net,2225d48b86d058415fb9a3cdd43918203570d97e37e1a18333383f0659b65dde
Samudra_Prahari_Dataset_v2/Detection/images/val/synth_net_0071.jpg,Samudra_Prahari_Dataset_v2/Detection/labels/val/synth_net_0071.txt,synth_net,synth_net_0071,train,val,box,synthetic,ghost_net,188b56759eab57d3409df4644cd0640de029f539b2ad2210a4c838627c134157
Samudra_Prahari_Dataset_v2/Detection/images/val/synth_net_0072.jpg,Samudra_Prahari_Dataset_v2/Detection/labels/val/synth_net_0072.txt,synth_net,synth_net_0072,train,val,box,synthetic,ghost_net,0d3afa5bdd146141dfd17f876f15a33422eac3d702665492327fd782de96e44b
Samudra_Prahari_Dataset_v2/Detection/images/val/synth_net_0073.jpg,Samudra_Prahari_Dataset_v2/Detection/labels/val/synth_net_0073.txt,synth_net,synth_net_0073,train,val,box,synthetic,ghost_net,b82fd4f237af2fc49136afc18005e41dd13cee851e2aaaa90f8215e833430354
Samudra_Prahari_Dataset_v2/Detection/images/val/synth_net_0080.jpg,Samudra_Prahari_Dataset_v2/Detection/labels/val/synth_net_0080.txt,synth_net,synth_net_0080,train,val,box,synthetic,ghost_net,c0f2101fb19207040e3c50673980fe58aec1435f68123de4498ab6cb29393f20
Samudra_Prahari_Dataset_v2/Detection/images/val/synth_net_0086.jpg,Samudra_Prahari_Dataset_v2/Detection/labels/val/synth_net_0086.txt,synth_net,synth_net_0086,train,val,box,synthetic,ghost_net,eee7bd7d8b392e8d49f14f73ada8a95ce3438c831e347a188a50f27f3f140c50
Samudra_Prahari_Dataset_v2/Detection/images/val/synth_net_0087.jpg,Samudra_Prahari_Dataset_v2/Detection/labels/val/synth_net_0087.txt,synth_net,synth_net_0087,test,val,box,synthetic,ghost_net,b0b07e0f536a8514b1643012fc35e19310261120fff648b36f208966f4fec740
Samudra_Prahari_Dataset_v2/Detection/images/val/synth_net_0096.jpg,Samudra_Prahari_Dataset_v2/Detection/labels/val/synth_net_0096.txt,synth_net,synth_net_0096,train,val,box,synthetic,ghost_net,321ed78464525ae278a5853084758160527eddb7ff90633d6fe2e7b490503ac0
Samudra_Prahari_Dataset_v2/Detection/images/val/synth_net_0107.jpg,Samudra_Prahari_Dataset_v2/Detection/labels/val/synth_net_0107.txt,synth_net,synth_net_0107,train,val,box,synthetic,ghost_net,6e82bfc548bb733c7c39620317a1da216320651e85aafffec82573c235103218
Samudra_Prahari_Dataset_v2/Detection/images/val/synth_net_0108.jpg,Samudra_Prahari_Dataset_v2/Detection/labels/val/synth_net_0108.txt,synth_net,synth_net_0108,train,val,box,synthetic,ghost_net,5bfec114b5d0c3fe58cb924b4da47adb13393f5a80e775a580bffb8adc9d0728
Samudra_Prahari_Dataset_v2/Detection/images/val/synth_net_0114.jpg,Samudra_Prahari_Dataset_v2/Detection/labels/val/synth_net_0114.txt,synth_net,synth_net_0114,train,val,box,synthetic,ghost_net,87b3e83e20214bd30e2a86c1cd050a6fb4e9d7671ecd63c995f800609eefb5df
Samudra_Prahari_Dataset_v2/Detection/images/val/synth_net_0121.jpg,Samudra_Prahari_Dataset_v2/Detection/labels/val/synth_net_0121.txt,synth_net,synth_net_0121,train,val,box,synthetic,ghost_net,aafc20cf5220fd75d5b90500b45ad2abbb6a11b2eeeffa1f91ffd99dc762173d
Samudra_Prahari_Dataset_v2/Detection/images/val/synth_net_0123.jpg,Samudra_Prahari_Dataset_v2/Detection/labels/val/synth_net_0123.txt,synth_net,synth_net_0123,train,val,box,synthetic,ghost_net,a7c001352c3b20a51dedb93f5acfe4d8b93cde64f03c91a1c94f8b084873eb8c
Samudra_Prahari_Dataset_v2/Detection/images/val/synth_net_0145.jpg,Samudra_Prahari_Dataset_v2/Detection/labels/val/synth_net_0145.txt,synth_net,synth_net_0145,test,val,box,synthetic,ghost_net,73697abcadf6f85f06d7af1f519352a94788da207c8f37b00b49c786f7e83e74
Samudra_Prahari_Dataset_v2/Detection/images/val/synth_net_0159.jpg,Samudra_Prahari_Dataset_v2/Detection/labels/val/synth_net_0159.txt,synth_net,synth_net_0159,test,val,box,synthetic,ghost_net,8720f9bf1521986d5301cbc37af56840480cf827b34eed7ad09a2c88b6d99401
Samudra_Prahari_Dataset_v2/Detection/images/val/synth_net_0165.jpg,Samudra_Prahari_Dataset_v2/Detection/labels/val/synth_net_0165.txt,synth_net,synth_net_0165,val,val,box,synthetic,ghost_net,7081e71cdc1fe1467efee9c9629a2f313ea7b0fe6080e61b3edbf41bb451b60a
Samudra_Prahari_Dataset_v2/Detection/images/val/synth_net_0167.jpg,Samudra_Prahari_Dataset_v2/Detection/labels/val/synth_net_0167.txt,synth_net,synth_net_0167,val,val,box,synthetic,ghost_net,9a530a5a73b6f5bfaa2e74b2f481eacf32da7a67689db17c4b5dd20aa1b0ec7b
Samudra_Prahari_Dataset_v2/Detection/images/val/synth_net_0169.jpg,Samudra_Prahari_Dataset_v2/Detection/labels/val/synth_net_0169.txt,synth_net,synth_net_0169,val,val,box,synthetic,ghost_net,45a27951ad1339f9b9b4e42000e3e18cd69337e9593cba2ff3e3cbd423d36802
Samudra_Prahari_Dataset_v2/Detection/images/val/synth_net_0172.jpg,Samudra_Prahari_Dataset_v2/Detection/labels/val/synth_net_0172.txt,synth_net,synth_net_0172,train,val,box,synthetic,ghost_net,16480011c3b6d04a10346a20da330bd21ba5efb5eb219935600b891a4f3dea5a
Samudra_Prahari_Dataset_v2/Detection/images/val/synth_net_0174.jpg,Samudra_Prahari_Dataset_v2/Detection/labels/val/synth_net_0174.txt,synth_net,synth_net_0174,train,val,box,synthetic,ghost_net,c153f037663313f819a2370c67501f7f065f13306a763c2f4a5cf32546f7f741
Samudra_Prahari_Dataset_v2/Detection/images/val/synth_net_0177.jpg,Samudra_Prahari_Dataset_v2/Detection/labels/val/synth_net_0177.txt,synth_net,synth_net_0177,train,val,box,synthetic,ghost_net,ad05da498ef4995d93a96d8907be1e635c5c89ed4c4c73f8efd972e1ebbfec5a
Samudra_Prahari_Dataset_v2/Detection/images/val/synth_net_0183.jpg,Samudra_Prahari_Dataset_v2/Detection/labels/val/synth_net_0183.txt,synth_net,synth_net_0183,train,val,box,synthetic,ghost_net,b0f10f481f2829c4f1d1e69cea133ce33426ede56c991d8710932cb5c8363ad0
Samudra_Prahari_Dataset_v2/Detection/images/val/synth_net_0190.jpg,Samudra_Prahari_Dataset_v2/Detection/labels/val/synth_net_0190.txt,synth_net,synth_net_0190,train,val,box,synthetic,ghost_net,b878d651093bf9f7feac14497d8b16fed8f2386303fcc906a4840fb1ecc615da
Samudra_Prahari_Dataset_v2/Detection/images/val/synth_net_0195.jpg,Samudra_Prahari_Dataset_v2/Detection/labels/val/synth_net_0195.txt,synth_net,synth_net_0195,train,val,box,synthetic,ghost_net,eeb87a6d48b84cb320a614e69dafe8b328059ed4432ce61426332ec34ece461d
Samudra_Prahari_Dataset_v2/Detection/images/val/synth_net_0198.jpg,Samudra_Prahari_Dataset_v2/Detection/labels/val/synth_net_0198.txt,synth_net,synth_net_0198,val,val,box,synthetic,ghost_net,5caf741cfa454b7a2312dbbf081497c5d4247da3df48011e65c2705d046287f8
Samudra_Prahari_Dataset_v2/Detection/images/val/synth_net_0199.jpg,Samudra_Prahari_Dataset_v2/Detection/labels/val/synth_net_0199.txt,synth_net,synth_net_0199,train,val,box,synthetic,ghost_net,04d3697bd52c93e4e19a115f8f3907ecd7dc037a5b44eb8b90cef61f966a4e13
Samudra_Prahari_Dataset_v2/Detection/images/val/synth_net_0202.jpg,Samudra_Prahari_Dataset_v2/Detection/labels/val/synth_net_0202.txt,synth_net,synth_net_0202,val,val,box,synthetic,ghost_net,dd542813bed96d766d867b7a710c60ac57cb9c913dd350a66127596081fc1cc8
Samudra_Prahari_Dataset_v2/Detection/images/val/synth_net_0208.jpg,Samudra_Prahari_Dataset_v2/Detection/labels/val/synth_net_0208.txt,synth_net,synth_net_0208,test,val,box,synthetic,ghost_net,5bf7f5f12bbdabfa024b0264e6b4b7ffc3fecd20739fecd34502fa4a513cf106
Samudra_Prahari_Dataset_v2/Detection/images/val/synth_net_0212.jpg,Samudra_Prahari_Dataset_v2/Detection/labels/val/synth_net_0212.txt,synth_net,synth_net_0212,train,val,box,synthetic,ghost_net,ca614bf771fa7286309a286ce0ec4b4ce05672d843a52362b11a1a2e88400e05
Samudra_Prahari_Dataset_v2/Detection/images/val/synth_net_0230.jpg,Samudra_Prahari_Dataset_v2/Detection/labels/val/synth_net_0230.txt,synth_net,synth_net_0230,train,val,box,synthetic,ghost_net,98848ad831feefa5167687ddd9a77627aa6c81596974f8e7a53dab55d89741f7
Samudra_Prahari_Dataset_v2/Detection/images/val/synth_net_0234.jpg,Samudra_Prahari_Dataset_v2/Detection/labels/val/synth_net_0234.txt,synth_net,synth_net_0234,test,val,box,synthetic,ghost_net,8c34c032b48f39b11f8b4e9dc1b141ae8d034296284528737f43828fe97c9965
Samudra_Prahari_Dataset_v2/Detection/images/val/synth_net_0237.jpg,Samudra_Prahari_Dataset_v2/Detection/labels/val/synth_net_0237.txt,synth_net,synth_net_0237,train,val,box,synthetic,ghost_net,fbdeaa0d26e9524c0f44484fecafb2675f423f9fbc8be26608e371c08aae7f1a
Samudra_Prahari_Dataset_v2/Detection/images/val/synth_net_0239.jpg,Samudra_Prahari_Dataset_v2/Detection/labels/val/synth_net_0239.txt,synth_net,synth_net_0239,train,val,box,synthetic,ghost_net,c8a8996836a6f69601b333636be5e898da7f23a82c0f02e0f2e0373aeb4e30da
Samudra_Prahari_Dataset_v2/Detection/images/val/synth_net_0253.jpg,Samudra_Prahari_Dataset_v2/Detection/labels/val/synth_net_0253.txt,synth_net,synth_net_0253,train,val,box,synthetic,ghost_net,05ad4c8687823f6c0d1c8ca783ce7620e5bfd9c1c9c4c058334d21aeab2567ab
Samudra_Prahari_Dataset_v2/Detection/images/val/synth_net_0255.jpg,Samudra_Prahari_Dataset_v2/Detection/labels/val/synth_net_0255.txt,synth_net,synth_net_0255,train,val,box,synthetic,ghost_net,f6d3cab803e38b0dcb4729291ffcfa9eaeef347a5a5fc9e1a559e4331fea430f
Samudra_Prahari_Dataset_v2/Detection/images/val/synth_net_0263.jpg,Samudra_Prahari_Dataset_v2/Detection/labels/val/synth_net_0263.txt,synth_net,synth_net_0263,test,val,box,synthetic,ghost_net,b6ea3e1beac247173f0ac102ca09b8ae6cf149d7bed21f680daa1c7444afa181
Samudra_Prahari_Dataset_v2/Detection/images/val/synth_net_0270.jpg,Samudra_Prahari_Dataset_v2/Detection/labels/val/synth_net_0270.txt,synth_net,synth_net_0270,train,val,box,synthetic,ghost_net,6e9039dfab6d13dffe44e0dca83c538831cfe45acde9a418b951782401ae2564
Samudra_Prahari_Dataset_v2/Detection/images/val/synth_net_0281.jpg,Samudra_Prahari_Dataset_v2/Detection/labels/val/synth_net_0281.txt,synth_net,synth_net_0281,val,val,box,synthetic,ghost_net,8857058cda43d71e4e18c47bed42988a99f8f8413f3d3e13d51e4500d1c3cd2f
Samudra_Prahari_Dataset_v2/Detection/images/val/synth_net_0283.jpg,Samudra_Prahari_Dataset_v2/Detection/labels/val/synth_net_0283.txt,synth_net,synth_net_0283,train,val,box,synthetic,ghost_net,a85b90daa7f1a114aafb1965f41aca920c7f1d2bd99918bb6840e22ea9677c1e
Samudra_Prahari_Dataset_v2/Detection/images/val/synth_net_0295.jpg,Samudra_Prahari_Dataset_v2/Detection/labels/val/synth_net_0295.txt,synth_net,synth_net_0295,test,val,box,synthetic,ghost_net,b9e4c0b3d0f791bafe1f1dbafbd52bee00d0d465fd8046b355a821633b849426
